table_schema,table_name,field_name,field_order,field_type,required,primary_key,foreign_key,linked_schema,linked_table,linked_field,value_set_name,definition,null_semantics,validation_rule,introduced_version,deprecated_version,active
audit,validation_issue,validation_issue_id,1,UUID,True,True,False,,,,,Field validation_issue_id in audit.validation_issue.,Blank is permitted only when the field is nullable and the source/value status explains absence.,,0.2.0,,True
audit,validation_issue,validation_run_id,2,UUID,True,False,True,audit,validation_run,validation_run_id,,Field validation_run_id in audit.validation_issue.,Blank is permitted only when the field is nullable and the source/value status explains absence.,,0.2.0,,True
audit,validation_issue,validation_rule_id,3,VARCHAR,True,False,True,audit,validation_rule,validation_rule_id,,Field validation_rule_id in audit.validation_issue.,Blank is permitted only when the field is nullable and the source/value status explains absence.,,0.2.0,,True
audit,validation_issue,severity,4,VARCHAR,True,False,False,,,,,Field severity in audit.validation_issue.,Blank is permitted only when the field is nullable and the source/value status explains absence.,,0.2.0,,True
audit,validation_issue,target_schema,5,VARCHAR,False,False,False,,,,,Field target_schema in audit.validation_issue.,Blank is permitted only when the field is nullable and the source/value status explains absence.,,0.2.0,,True
audit,validation_issue,target_table,6,VARCHAR,False,False,False,,,,,Field target_table in audit.validation_issue.,Blank is permitted only when the field is nullable and the source/value status explains absence.,,0.2.0,,True
audit,validation_issue,target_record_id,7,VARCHAR,False,False,False,,,,,Field target_record_id in audit.validation_issue.,Blank is permitted only when the field is nullable and the source/value status explains absence.,,0.2.0,,True
audit,validation_issue,source_revision_id,8,VARCHAR,False,False,True,provenance,source_file_revision,source_revision_id,,Field source_revision_id in audit.validation_issue.,Blank is permitted only when the field is nullable and the source/value status explains absence.,,0.2.0,,True
audit,validation_issue,source_locator,9,VARCHAR,False,False,False,,,,,Field source_locator in audit.validation_issue.,Blank is permitted only when the field is nullable and the source/value status explains absence.,,0.2.0,,True
audit,validation_issue,issue_message,10,VARCHAR,True,False,False,,,,,Field issue_message in audit.validation_issue.,Blank is permitted only when the field is nullable and the source/value status explains absence.,,0.2.0,,True
audit,validation_issue,observed_value,11,VARCHAR,False,False,False,,,,,Field observed_value in audit.validation_issue.,Blank is permitted only when the field is nullable and the source/value status explains absence.,,0.2.0,,True
audit,validation_issue,expected_value,12,VARCHAR,False,False,False,,,,,Field expected_value in audit.validation_issue.,Blank is permitted only when the field is nullable and the source/value status explains absence.,,0.2.0,,True
audit,validation_issue,resolution_status,13,VARCHAR,True,False,False,,,,,Field resolution_status in audit.validation_issue.,Blank is permitted only when the field is nullable and the source/value status explains absence.,,0.2.0,,True
audit,validation_issue,resolved_at,14,TIMESTAMP WITH TIME ZONE,False,False,False,,,,,Field resolved_at in audit.validation_issue.,Blank is permitted only when the field is nullable and the source/value status explains absence.,,0.2.0,,True
audit,validation_issue,resolved_by,15,VARCHAR,False,False,False,,,,,Field resolved_by in audit.validation_issue.,Blank is permitted only when the field is nullable and the source/value status explains absence.,,0.2.0,,True
audit,validation_issue,resolution_notes,16,VARCHAR,False,False,False,,,,,Field resolution_notes in audit.validation_issue.,Blank is permitted only when the field is nullable and the source/value status explains absence.,,0.2.0,,True
audit,validation_rule,validation_rule_id,1,VARCHAR,True,True,False,,,,,Field validation_rule_id in audit.validation_rule.,Blank is permitted only when the field is nullable and the source/value status explains absence.,,0.2.0,,True
audit,validation_rule,rule_name,2,VARCHAR,True,False,False,,,,,Field rule_name in audit.validation_rule.,Blank is permitted only when the field is nullable and the source/value status explains absence.,,0.2.0,,True
audit,validation_rule,rule_version,3,VARCHAR,True,False,False,,,,,Field rule_version in audit.validation_rule.,Blank is permitted only when the field is nullable and the source/value status explains absence.,,0.2.0,,True
audit,validation_rule,severity,4,VARCHAR,True,False,False,,,,,Field severity in audit.validation_rule.,Blank is permitted only when the field is nullable and the source/value status explains absence.,,0.2.0,,True
audit,validation_rule,scope_schema,5,VARCHAR,False,False,False,,,,,Field scope_schema in audit.validation_rule.,Blank is permitted only when the field is nullable and the source/value status explains absence.,,0.2.0,,True
audit,validation_rule,scope_table,6,VARCHAR,False,False,False,,,,,Field scope_table in audit.validation_rule.,Blank is permitted only when the field is nullable and the source/value status explains absence.,,0.2.0,,True
audit,validation_rule,rule_sql,7,VARCHAR,False,False,False,,,,,Field rule_sql in audit.validation_rule.,Blank is permitted only when the field is nullable and the source/value status explains absence.,,0.2.0,,True
audit,validation_rule,description,8,VARCHAR,True,False,False,,,,,Field description in audit.validation_rule.,Blank is permitted only when the field is nullable and the source/value status explains absence.,,0.2.0,,True
audit,validation_rule,active,9,BOOLEAN,True,False,False,,,,,Field active in audit.validation_rule.,Blank is permitted only when the field is nullable and the source/value status explains absence.,,0.2.0,,True
audit,validation_run,validation_run_id,1,UUID,True,True,False,,,,,Field validation_run_id in audit.validation_run.,Blank is permitted only when the field is nullable and the source/value status explains absence.,,0.2.0,,True
audit,validation_run,import_run_id,2,UUID,False,False,True,provenance,import_run,import_run_id,,Field import_run_id in audit.validation_run.,Blank is permitted only when the field is nullable and the source/value status explains absence.,,0.2.0,,True
audit,validation_run,scope_type,3,VARCHAR,True,False,False,,,,,Field scope_type in audit.validation_run.,Blank is permitted only when the field is nullable and the source/value status explains absence.,,0.2.0,,True
audit,validation_run,scope_id,4,VARCHAR,False,False,False,,,,,Field scope_id in audit.validation_run.,Blank is permitted only when the field is nullable and the source/value status explains absence.,,0.2.0,,True
audit,validation_run,ruleset_version,5,VARCHAR,True,False,False,,,,,Field ruleset_version in audit.validation_run.,Blank is permitted only when the field is nullable and the source/value status explains absence.,,0.2.0,,True
audit,validation_run,started_at,6,TIMESTAMP WITH TIME ZONE,True,False,False,,,,,Field started_at in audit.validation_run.,Blank is permitted only when the field is nullable and the source/value status explains absence.,,0.2.0,,True
audit,validation_run,completed_at,7,TIMESTAMP WITH TIME ZONE,False,False,False,,,,,Field completed_at in audit.validation_run.,Blank is permitted only when the field is nullable and the source/value status explains absence.,,0.2.0,,True
audit,validation_run,rules_executed,8,INTEGER,True,False,False,,,,,Field rules_executed in audit.validation_run.,Blank is permitted only when the field is nullable and the source/value status explains absence.,,0.2.0,,True
audit,validation_run,blocker_count,9,INTEGER,True,False,False,,,,,Field blocker_count in audit.validation_run.,Blank is permitted only when the field is nullable and the source/value status explains absence.,,0.2.0,,True
audit,validation_run,warning_count,10,INTEGER,True,False,False,,,,,Field warning_count in audit.validation_run.,Blank is permitted only when the field is nullable and the source/value status explains absence.,,0.2.0,,True
audit,validation_run,validation_status,11,VARCHAR,True,False,False,,,,,Field validation_status in audit.validation_run.,Blank is permitted only when the field is nullable and the source/value status explains absence.,,0.2.0,,True
ballot,ballot,ballot_id,1,UUID,True,True,False,,,,,Field ballot_id in ballot.ballot.,Blank is permitted only when the field is nullable and the source/value status explains absence.,,0.2.0,,True
ballot,ballot,ballot_dataset_id,2,UUID,True,False,True,ballot,ballot_dataset,ballot_dataset_id,,Field ballot_dataset_id in ballot.ballot.,Blank is permitted only when the field is nullable and the source/value status explains absence.,,0.2.0,,True
ballot,ballot,anonymous_source_key,3,VARCHAR,False,False,False,,,,,Field anonymous_source_key in ballot.ballot.,Blank is permitted only when the field is nullable and the source/value status explains absence.,,0.2.0,,True
ballot,ballot,contest_id,4,VARCHAR,False,False,True,core,contest,contest_id,,Field contest_id in ballot.ballot.,Blank is permitted only when the field is nullable and the source/value status explains absence.,,0.2.0,,True
ballot,ballot,ballot_channel,5,VARCHAR,False,False,False,,,,,Field ballot_channel in ballot.ballot.,Blank is permitted only when the field is nullable and the source/value status explains absence.,,0.2.0,,True
ballot,ballot,ballot_type,6,VARCHAR,False,False,False,,,,,Field ballot_type in ballot.ballot.,Blank is permitted only when the field is nullable and the source/value status explains absence.,,0.2.0,,True
ballot,ballot,formality_status,7,VARCHAR,False,False,False,,,,,Field formality_status in ballot.ballot.,Blank is permitted only when the field is nullable and the source/value status explains absence.,,0.2.0,,True
ballot,ballot,above_the_line,8,BOOLEAN,False,False,False,,,,,Field above_the_line in ballot.ballot.,Blank is permitted only when the field is nullable and the source/value status explains absence.,,0.2.0,,True
ballot,ballot,preference_count,9,INTEGER,False,False,False,,,,,Field preference_count in ballot.ballot.,Blank is permitted only when the field is nullable and the source/value status explains absence.,,0.2.0,,True
ballot,ballot,source_row_locator,10,VARCHAR,True,False,False,,,,,Field source_row_locator in ballot.ballot.,Blank is permitted only when the field is nullable and the source/value status explains absence.,,0.2.0,,True
ballot,ballot_dataset,ballot_dataset_id,1,UUID,True,True,False,,,,,Field ballot_dataset_id in ballot.ballot_dataset.,Blank is permitted only when the field is nullable and the source/value status explains absence.,,0.2.0,,True
ballot,ballot_dataset,election_chamber_id,2,VARCHAR,True,False,True,core,election_chamber,election_chamber_id,,Field election_chamber_id in ballot.ballot_dataset.,Blank is permitted only when the field is nullable and the source/value status explains absence.,,0.2.0,,True
ballot,ballot_dataset,contest_id,3,VARCHAR,False,False,True,core,contest,contest_id,,Field contest_id in ballot.ballot_dataset.,Blank is permitted only when the field is nullable and the source/value status explains absence.,,0.2.0,,True
ballot,ballot_dataset,source_revision_id,4,VARCHAR,True,False,True,provenance,source_file_revision,source_revision_id,,Field source_revision_id in ballot.ballot_dataset.,Blank is permitted only when the field is nullable and the source/value status explains absence.,,0.2.0,,True
ballot,ballot_dataset,dataset_scope,5,VARCHAR,True,False,False,,,,,Field dataset_scope in ballot.ballot_dataset.,Blank is permitted only when the field is nullable and the source/value status explains absence.,,0.2.0,,True
ballot,ballot_dataset,ballot_channel,6,VARCHAR,False,False,False,,,,,Field ballot_channel in ballot.ballot_dataset.,Blank is permitted only when the field is nullable and the source/value status explains absence.,,0.2.0,,True
ballot,ballot_dataset,anonymisation_method,7,VARCHAR,False,False,False,,,,,Field anonymisation_method in ballot.ballot_dataset.,Blank is permitted only when the field is nullable and the source/value status explains absence.,,0.2.0,,True
ballot,ballot_dataset,privacy_notes,8,VARCHAR,False,False,False,,,,,Field privacy_notes in ballot.ballot_dataset.,Blank is permitted only when the field is nullable and the source/value status explains absence.,,0.2.0,,True
ballot,ballot_dataset,schema_version,9,VARCHAR,False,False,True,control,schema_version,schema_version,,Field schema_version in ballot.ballot_dataset.,Blank is permitted only when the field is nullable and the source/value status explains absence.,,0.2.0,,True
ballot,ballot_dataset,row_count,10,BIGINT,False,False,False,,,,,Field row_count in ballot.ballot_dataset.,Blank is permitted only when the field is nullable and the source/value status explains absence.,,0.2.0,,True
ballot,ballot_dataset,record_status,11,VARCHAR,True,False,False,,,,,Field record_status in ballot.ballot_dataset.,Blank is permitted only when the field is nullable and the source/value status explains absence.,,0.2.0,,True
ballot,ballot_preference,ballot_preference_id,1,UUID,True,True,False,,,,,Field ballot_preference_id in ballot.ballot_preference.,Blank is permitted only when the field is nullable and the source/value status explains absence.,,0.2.0,,True
ballot,ballot_preference,ballot_id,2,UUID,True,False,True,ballot,ballot,ballot_id,,Field ballot_id in ballot.ballot_preference.,Blank is permitted only when the field is nullable and the source/value status explains absence.,,0.2.0,,True
ballot,ballot_preference,preference_rank,3,INTEGER,True,False,False,,,,,Field preference_rank in ballot.ballot_preference.,Blank is permitted only when the field is nullable and the source/value status explains absence.,,0.2.0,,True
ballot,ballot_preference,candidacy_id,4,UUID,False,False,True,core,candidacy,candidacy_id,,Field candidacy_id in ballot.ballot_preference.,Blank is permitted only when the field is nullable and the source/value status explains absence.,,0.2.0,,True
ballot,ballot_preference,ballot_group_id,5,UUID,False,False,True,core,ballot_group,ballot_group_id,,Field ballot_group_id in ballot.ballot_preference.,Blank is permitted only when the field is nullable and the source/value status explains absence.,,0.2.0,,True
ballot,ballot_preference,source_marking,6,VARCHAR,False,False,False,,,,,Field source_marking in ballot.ballot_preference.,Blank is permitted only when the field is nullable and the source/value status explains absence.,,0.2.0,,True
ballot,group_voting_ticket,group_voting_ticket_id,1,UUID,True,True,False,,,,,Field group_voting_ticket_id in ballot.group_voting_ticket.,Blank is permitted only when the field is nullable and the source/value status explains absence.,,0.2.0,,True
ballot,group_voting_ticket,contest_id,2,VARCHAR,True,False,True,core,contest,contest_id,,Field contest_id in ballot.group_voting_ticket.,Blank is permitted only when the field is nullable and the source/value status explains absence.,,0.2.0,,True
ballot,group_voting_ticket,ballot_group_id,3,UUID,True,False,True,core,ballot_group,ballot_group_id,,Field ballot_group_id in ballot.group_voting_ticket.,Blank is permitted only when the field is nullable and the source/value status explains absence.,,0.2.0,,True
ballot,group_voting_ticket,ticket_number,4,INTEGER,True,False,False,,,,,Field ticket_number in ballot.group_voting_ticket.,Blank is permitted only when the field is nullable and the source/value status explains absence.,,0.2.0,,True
ballot,group_voting_ticket,preference_count,5,INTEGER,True,False,False,,,,,Field preference_count in ballot.group_voting_ticket.,Blank is permitted only when the field is nullable and the source/value status explains absence.,,0.2.0,,True
ballot,group_voting_ticket,publication_status,6,VARCHAR,True,False,False,,,,,Field publication_status in ballot.group_voting_ticket.,Blank is permitted only when the field is nullable and the source/value status explains absence.,,0.2.0,,True
ballot,group_voting_ticket,source_revision_id,7,VARCHAR,True,False,True,provenance,source_file_revision,source_revision_id,,Field source_revision_id in ballot.group_voting_ticket.,Blank is permitted only when the field is nullable and the source/value status explains absence.,,0.2.0,,True
ballot,group_voting_ticket,source_locator,8,VARCHAR,True,False,False,,,,,Field source_locator in ballot.group_voting_ticket.,Blank is permitted only when the field is nullable and the source/value status explains absence.,,0.2.0,,True
ballot,group_voting_ticket,record_status,9,VARCHAR,True,False,False,,,,,Field record_status in ballot.group_voting_ticket.,Blank is permitted only when the field is nullable and the source/value status explains absence.,,0.2.0,,True
ballot,group_voting_ticket_preference,group_voting_ticket_preference_id,1,UUID,True,True,False,,,,,Field group_voting_ticket_preference_id in ballot.group_voting_ticket_preference.,Blank is permitted only when the field is nullable and the source/value status explains absence.,,0.2.0,,True
ballot,group_voting_ticket_preference,group_voting_ticket_id,2,UUID,True,False,True,ballot,group_voting_ticket,group_voting_ticket_id,,Field group_voting_ticket_id in ballot.group_voting_ticket_preference.,Blank is permitted only when the field is nullable and the source/value status explains absence.,,0.2.0,,True
ballot,group_voting_ticket_preference,preference_rank,3,INTEGER,True,False,False,,,,,Field preference_rank in ballot.group_voting_ticket_preference.,Blank is permitted only when the field is nullable and the source/value status explains absence.,,0.2.0,,True
ballot,group_voting_ticket_preference,candidacy_id,4,UUID,True,False,True,core,candidacy,candidacy_id,,Field candidacy_id in ballot.group_voting_ticket_preference.,Blank is permitted only when the field is nullable and the source/value status explains absence.,,0.2.0,,True
ballot,group_voting_ticket_preference,source_marking,5,VARCHAR,True,False,False,,,,,Field source_marking in ballot.group_voting_ticket_preference.,Blank is permitted only when the field is nullable and the source/value status explains absence.,,0.2.0,,True
ballot,group_voting_ticket_preference,source_locator,6,VARCHAR,True,False,False,,,,,Field source_locator in ballot.group_voting_ticket_preference.,Blank is permitted only when the field is nullable and the source/value status explains absence.,,0.2.0,,True
control,adapter_registry,adapter_id,1,VARCHAR,True,True,False,,,,,Field adapter_id in control.adapter_registry.,Blank is permitted only when the field is nullable and the source/value status explains absence.,,0.2.0,,True
control,adapter_registry,authority_id,2,VARCHAR,True,False,True,control,electoral_authority,authority_id,,Field authority_id in control.adapter_registry.,Blank is permitted only when the field is nullable and the source/value status explains absence.,,0.2.0,,True
control,adapter_registry,adapter_version,3,VARCHAR,True,False,False,,,,,Field adapter_version in control.adapter_registry.,Blank is permitted only when the field is nullable and the source/value status explains absence.,,0.2.0,,True
control,adapter_registry,config_path,4,VARCHAR,True,False,False,,,,,Field config_path in control.adapter_registry.,Blank is permitted only when the field is nullable and the source/value status explains absence.,,0.2.0,,True
control,adapter_registry,code_version,5,VARCHAR,True,False,False,,,,,Field code_version in control.adapter_registry.,Blank is permitted only when the field is nullable and the source/value status explains absence.,,0.2.0,,True
control,adapter_registry,status,6,VARCHAR,True,False,False,,,,,Field status in control.adapter_registry.,Blank is permitted only when the field is nullable and the source/value status explains absence.,,0.2.0,,True
control,adapter_registry,schema_signature_sha256,7,VARCHAR,False,False,False,,,,,Field schema_signature_sha256 in control.adapter_registry.,Blank is permitted only when the field is nullable and the source/value status explains absence.,,0.2.0,,True
control,adapter_registry,active,8,BOOLEAN,True,False,False,,,,,Field active in control.adapter_registry.,Blank is permitted only when the field is nullable and the source/value status explains absence.,,0.2.0,,True
control,chamber,chamber_id,1,VARCHAR,True,True,False,,,,,Field chamber_id in control.chamber.,Blank is permitted only when the field is nullable and the source/value status explains absence.,,0.2.0,,True
control,chamber,chamber_code,2,VARCHAR,True,False,False,,,,,Field chamber_code in control.chamber.,Blank is permitted only when the field is nullable and the source/value status explains absence.,,0.2.0,,True
control,chamber,chamber_name,3,VARCHAR,True,False,False,,,,,Field chamber_name in control.chamber.,Blank is permitted only when the field is nullable and the source/value status explains absence.,,0.2.0,,True
control,chamber,chamber_type,4,VARCHAR,True,False,False,,,,,Field chamber_type in control.chamber.,Blank is permitted only when the field is nullable and the source/value status explains absence.,,0.2.0,,True
control,chamber,jurisdiction_scope,5,VARCHAR,True,False,False,,,,,Field jurisdiction_scope in control.chamber.,Blank is permitted only when the field is nullable and the source/value status explains absence.,,0.2.0,,True
control,chamber,active,6,BOOLEAN,True,False,False,,,,,Field active in control.chamber.,Blank is permitted only when the field is nullable and the source/value status explains absence.,,0.2.0,,True
control,controlled_value,value_set_name,1,VARCHAR,True,True,False,,,,,Field value_set_name in control.controlled_value.,Blank is permitted only when the field is nullable and the source/value status explains absence.,,0.2.0,,True
control,controlled_value,value_code,2,VARCHAR,True,True,False,,,,,Field value_code in control.controlled_value.,Blank is permitted only when the field is nullable and the source/value status explains absence.,,0.2.0,,True
control,controlled_value,display_name,3,VARCHAR,True,False,False,,,,,Field display_name in control.controlled_value.,Blank is permitted only when the field is nullable and the source/value status explains absence.,,0.2.0,,True
control,controlled_value,description,4,VARCHAR,False,False,False,,,,,Field description in control.controlled_value.,Blank is permitted only when the field is nullable and the source/value status explains absence.,,0.2.0,,True
control,controlled_value,sort_order,5,INTEGER,True,False,False,,,,,Field sort_order in control.controlled_value.,Blank is permitted only when the field is nullable and the source/value status explains absence.,,0.2.0,,True
control,controlled_value,valid_from,6,DATE,False,False,False,,,,,Field valid_from in control.controlled_value.,Blank is permitted only when the field is nullable and the source/value status explains absence.,,0.2.0,,True
control,controlled_value,valid_to,7,DATE,False,False,False,,,,,Field valid_to in control.controlled_value.,Blank is permitted only when the field is nullable and the source/value status explains absence.,,0.2.0,,True
control,controlled_value,active,8,BOOLEAN,True,False,False,,,,,Field active in control.controlled_value.,Blank is permitted only when the field is nullable and the source/value status explains absence.,,0.2.0,,True
control,database_release,release_id,1,VARCHAR,True,True,False,,,,,Field release_id in control.database_release.,Blank is permitted only when the field is nullable and the source/value status explains absence.,,0.2.0,,True
control,database_release,schema_version,2,VARCHAR,True,False,True,control,schema_version,schema_version,,Field schema_version in control.database_release.,Blank is permitted only when the field is nullable and the source/value status explains absence.,,0.2.0,,True
control,database_release,release_status,3,VARCHAR,True,False,False,,,,,Field release_status in control.database_release.,Blank is permitted only when the field is nullable and the source/value status explains absence.,,0.2.0,,True
control,database_release,release_started_at,4,TIMESTAMP WITH TIME ZONE,True,False,False,,,,,Field release_started_at in control.database_release.,Blank is permitted only when the field is nullable and the source/value status explains absence.,,0.2.0,,True
control,database_release,published_at,5,TIMESTAMP WITH TIME ZONE,False,False,False,,,,,Field published_at in control.database_release.,Blank is permitted only when the field is nullable and the source/value status explains absence.,,0.2.0,,True
control,database_release,created_by,6,VARCHAR,True,False,False,,,,,Field created_by in control.database_release.,Blank is permitted only when the field is nullable and the source/value status explains absence.,,0.2.0,,True
control,database_release,notes,7,VARCHAR,False,False,False,,,,,Field notes in control.database_release.,Blank is permitted only when the field is nullable and the source/value status explains absence.,,0.2.0,,True
control,election_type,election_type_id,1,VARCHAR,True,True,False,,,,,Field election_type_id in control.election_type.,Blank is permitted only when the field is nullable and the source/value status explains absence.,,0.2.0,,True
control,election_type,election_type_code,2,VARCHAR,True,False,False,,,,,Field election_type_code in control.election_type.,Blank is permitted only when the field is nullable and the source/value status explains absence.,,0.2.0,,True
control,election_type,election_type_name,3,VARCHAR,True,False,False,,,,,Field election_type_name in control.election_type.,Blank is permitted only when the field is nullable and the source/value status explains absence.,,0.2.0,,True
control,election_type,description,4,VARCHAR,False,False,False,,,,,Field description in control.election_type.,Blank is permitted only when the field is nullable and the source/value status explains absence.,,0.2.0,,True
control,election_type,active,5,BOOLEAN,True,False,False,,,,,Field active in control.election_type.,Blank is permitted only when the field is nullable and the source/value status explains absence.,,0.2.0,,True
control,electoral_authority,authority_id,1,VARCHAR,True,True,False,,,,,Field authority_id in control.electoral_authority.,Blank is permitted only when the field is nullable and the source/value status explains absence.,,0.2.0,,True
control,electoral_authority,authority_code,2,VARCHAR,True,False,False,,,,,Field authority_code in control.electoral_authority.,Blank is permitted only when the field is nullable and the source/value status explains absence.,,0.2.0,,True
control,electoral_authority,authority_name,3,VARCHAR,True,False,False,,,,,Field authority_name in control.electoral_authority.,Blank is permitted only when the field is nullable and the source/value status explains absence.,,0.2.0,,True
control,electoral_authority,jurisdiction_id,4,VARCHAR,True,False,True,control,jurisdiction,jurisdiction_id,,Field jurisdiction_id in control.electoral_authority.,Blank is permitted only when the field is nullable and the source/value status explains absence.,,0.2.0,,True
control,electoral_authority,website_url,5,VARCHAR,False,False,False,,,,,Field website_url in control.electoral_authority.,Blank is permitted only when the field is nullable and the source/value status explains absence.,,0.2.0,,True
control,electoral_authority,active,6,BOOLEAN,True,False,False,,,,,Field active in control.electoral_authority.,Blank is permitted only when the field is nullable and the source/value status explains absence.,,0.2.0,,True
control,electoral_system_version,electoral_system_version_id,1,VARCHAR,True,True,False,,,,,Field electoral_system_version_id in control.electoral_system_version.,Blank is permitted only when the field is nullable and the source/value status explains absence.,,0.2.0,,True
control,electoral_system_version,system_code,2,VARCHAR,True,False,False,,,,,Field system_code in control.electoral_system_version.,Blank is permitted only when the field is nullable and the source/value status explains absence.,,0.2.0,,True
control,electoral_system_version,system_name,3,VARCHAR,True,False,False,,,,,Field system_name in control.electoral_system_version.,Blank is permitted only when the field is nullable and the source/value status explains absence.,,0.2.0,,True
control,electoral_system_version,version_label,4,VARCHAR,True,False,False,,,,,Field version_label in control.electoral_system_version.,Blank is permitted only when the field is nullable and the source/value status explains absence.,,0.2.0,,True
control,electoral_system_version,jurisdiction_id,5,VARCHAR,False,False,True,control,jurisdiction,jurisdiction_id,,Field jurisdiction_id in control.electoral_system_version.,Blank is permitted only when the field is nullable and the source/value status explains absence.,,0.2.0,,True
control,electoral_system_version,valid_from,6,DATE,False,False,False,,,,,Field valid_from in control.electoral_system_version.,Blank is permitted only when the field is nullable and the source/value status explains absence.,,0.2.0,,True
control,electoral_system_version,valid_to,7,DATE,False,False,False,,,,,Field valid_to in control.electoral_system_version.,Blank is permitted only when the field is nullable and the source/value status explains absence.,,0.2.0,,True
control,electoral_system_version,seats_per_contest,8,INTEGER,False,False,False,,,,,Field seats_per_contest in control.electoral_system_version.,Blank is permitted only when the field is nullable and the source/value status explains absence.,,0.2.0,,True
control,electoral_system_version,preference_expression,9,VARCHAR,False,False,False,,,,,Field preference_expression in control.electoral_system_version.,Blank is permitted only when the field is nullable and the source/value status explains absence.,,0.2.0,,True
control,electoral_system_version,quota_method,10,VARCHAR,False,False,False,,,,,Field quota_method in control.electoral_system_version.,Blank is permitted only when the field is nullable and the source/value status explains absence.,,0.2.0,,True
control,electoral_system_version,transfer_method,11,VARCHAR,False,False,False,,,,,Field transfer_method in control.electoral_system_version.,Blank is permitted only when the field is nullable and the source/value status explains absence.,,0.2.0,,True
control,electoral_system_version,tie_rule,12,VARCHAR,False,False,False,,,,,Field tie_rule in control.electoral_system_version.,Blank is permitted only when the field is nullable and the source/value status explains absence.,,0.2.0,,True
control,electoral_system_version,source_revision_id,13,VARCHAR,False,False,True,provenance,source_file_revision,source_revision_id,,Field source_revision_id in control.electoral_system_version.,Blank is permitted only when the field is nullable and the source/value status explains absence.,,0.2.0,,True
control,electoral_system_version,notes,14,VARCHAR,False,False,False,,,,,Field notes in control.electoral_system_version.,Blank is permitted only when the field is nullable and the source/value status explains absence.,,0.2.0,,True
control,jurisdiction,jurisdiction_id,1,VARCHAR,True,True,False,,,,,Field jurisdiction_id in control.jurisdiction.,Blank is permitted only when the field is nullable and the source/value status explains absence.,,0.2.0,,True
control,jurisdiction,jurisdiction_code,2,VARCHAR,True,False,False,,,,,Field jurisdiction_code in control.jurisdiction.,Blank is permitted only when the field is nullable and the source/value status explains absence.,,0.2.0,,True
control,jurisdiction,jurisdiction_name,3,VARCHAR,True,False,False,,,,,Field jurisdiction_name in control.jurisdiction.,Blank is permitted only when the field is nullable and the source/value status explains absence.,,0.2.0,,True
control,jurisdiction,jurisdiction_level,4,VARCHAR,True,False,False,,,,,Field jurisdiction_level in control.jurisdiction.,Blank is permitted only when the field is nullable and the source/value status explains absence.,,0.2.0,,True
control,jurisdiction,country_code,5,VARCHAR,True,False,False,,,,,Field country_code in control.jurisdiction.,Blank is permitted only when the field is nullable and the source/value status explains absence.,,0.2.0,,True
control,jurisdiction,parent_jurisdiction_id,6,VARCHAR,False,False,True,control,jurisdiction,jurisdiction_id,,Field parent_jurisdiction_id in control.jurisdiction.,Blank is permitted only when the field is nullable and the source/value status explains absence.,,0.2.0,,True
control,jurisdiction,active,7,BOOLEAN,True,False,False,,,,,Field active in control.jurisdiction.,Blank is permitted only when the field is nullable and the source/value status explains absence.,,0.2.0,,True
control,relationship_contract,relationship_id,1,VARCHAR,True,True,False,,,,,Field relationship_id in control.relationship_contract.,Blank is permitted only when the field is nullable and the source/value status explains absence.,,0.2.0,,True
control,relationship_contract,child_schema,2,VARCHAR,True,False,False,,,,,Field child_schema in control.relationship_contract.,Blank is permitted only when the field is nullable and the source/value status explains absence.,,0.2.0,,True
control,relationship_contract,child_table,3,VARCHAR,True,False,False,,,,,Field child_table in control.relationship_contract.,Blank is permitted only when the field is nullable and the source/value status explains absence.,,0.2.0,,True
control,relationship_contract,child_field,4,VARCHAR,True,False,False,,,,,Field child_field in control.relationship_contract.,Blank is permitted only when the field is nullable and the source/value status explains absence.,,0.2.0,,True
control,relationship_contract,parent_schema,5,VARCHAR,True,False,False,,,,,Field parent_schema in control.relationship_contract.,Blank is permitted only when the field is nullable and the source/value status explains absence.,,0.2.0,,True
control,relationship_contract,parent_table,6,VARCHAR,True,False,False,,,,,Field parent_table in control.relationship_contract.,Blank is permitted only when the field is nullable and the source/value status explains absence.,,0.2.0,,True
control,relationship_contract,parent_field,7,VARCHAR,True,False,False,,,,,Field parent_field in control.relationship_contract.,Blank is permitted only when the field is nullable and the source/value status explains absence.,,0.2.0,,True
control,relationship_contract,required,8,BOOLEAN,True,False,False,,,,,Field required in control.relationship_contract.,Blank is permitted only when the field is nullable and the source/value status explains absence.,,0.2.0,,True
control,relationship_contract,relationship_kind,9,VARCHAR,True,False,False,,,,,Field relationship_kind in control.relationship_contract.,Blank is permitted only when the field is nullable and the source/value status explains absence.,,0.2.0,,True
control,relationship_contract,introduced_version,10,VARCHAR,True,False,False,,,,,Field introduced_version in control.relationship_contract.,Blank is permitted only when the field is nullable and the source/value status explains absence.,,0.2.0,,True
control,relationship_contract,active,11,BOOLEAN,True,False,False,,,,,Field active in control.relationship_contract.,Blank is permitted only when the field is nullable and the source/value status explains absence.,,0.2.0,,True
control,schema_version,schema_version,1,VARCHAR,True,True,False,,,,,Field schema_version in control.schema_version.,Blank is permitted only when the field is nullable and the source/value status explains absence.,,0.2.0,,True
control,schema_version,migration_id,2,VARCHAR,True,False,False,,,,,Field migration_id in control.schema_version.,Blank is permitted only when the field is nullable and the source/value status explains absence.,,0.2.0,,True
control,schema_version,applied_at,3,TIMESTAMP WITH TIME ZONE,True,False,False,,,,,Field applied_at in control.schema_version.,Blank is permitted only when the field is nullable and the source/value status explains absence.,,0.2.0,,True
control,schema_version,checksum_sha256,4,VARCHAR,True,False,False,,,,,Field checksum_sha256 in control.schema_version.,Blank is permitted only when the field is nullable and the source/value status explains absence.,,0.2.0,,True
control,schema_version,backward_compatible,5,BOOLEAN,True,False,False,,,,,Field backward_compatible in control.schema_version.,Blank is permitted only when the field is nullable and the source/value status explains absence.,,0.2.0,,True
control,schema_version,notes,6,VARCHAR,False,False,False,,,,,Field notes in control.schema_version.,Blank is permitted only when the field is nullable and the source/value status explains absence.,,0.2.0,,True
core,ballot_group,ballot_group_id,1,UUID,True,True,False,,,,,Field ballot_group_id in core.ballot_group.,Blank is permitted only when the field is nullable and the source/value status explains absence.,,0.2.0,,True
core,ballot_group,contest_id,2,VARCHAR,True,False,True,core,contest,contest_id,,Field contest_id in core.ballot_group.,Blank is permitted only when the field is nullable and the source/value status explains absence.,,0.2.0,,True
core,ballot_group,official_group_id,3,VARCHAR,False,False,False,,,,,Field official_group_id in core.ballot_group.,Blank is permitted only when the field is nullable and the source/value status explains absence.,,0.2.0,,True
core,ballot_group,group_code,4,VARCHAR,False,False,False,,,,,Field group_code in core.ballot_group.,Blank is permitted only when the field is nullable and the source/value status explains absence.,,0.2.0,,True
core,ballot_group,group_label,5,VARCHAR,False,False,False,,,,,Field group_label in core.ballot_group.,Blank is permitted only when the field is nullable and the source/value status explains absence.,,0.2.0,,True
core,ballot_group,party_id,6,VARCHAR,False,False,True,sync,party,party_id,,Field party_id in core.ballot_group.,Blank is permitted only when the field is nullable and the source/value status explains absence.,,0.2.0,,True
core,ballot_group,ticket_type,7,VARCHAR,False,False,False,,,,,Field ticket_type in core.ballot_group.,Blank is permitted only when the field is nullable and the source/value status explains absence.,,0.2.0,,True
core,ballot_group,ungrouped,8,BOOLEAN,True,False,False,,,,,Field ungrouped in core.ballot_group.,Blank is permitted only when the field is nullable and the source/value status explains absence.,,0.2.0,,True
core,ballot_group,publication_status,9,VARCHAR,True,False,False,,,,,Field publication_status in core.ballot_group.,Blank is permitted only when the field is nullable and the source/value status explains absence.,,0.2.0,,True
core,ballot_group,record_status,10,VARCHAR,True,False,False,,,,,Field record_status in core.ballot_group.,Blank is permitted only when the field is nullable and the source/value status explains absence.,,0.2.0,,True
core,ballot_group_membership,ballot_group_membership_id,1,UUID,True,True,False,,,,,Field ballot_group_membership_id in core.ballot_group_membership.,Blank is permitted only when the field is nullable and the source/value status explains absence.,,0.2.0,,True
core,ballot_group_membership,ballot_group_id,2,UUID,True,False,True,core,ballot_group,ballot_group_id,,Field ballot_group_id in core.ballot_group_membership.,Blank is permitted only when the field is nullable and the source/value status explains absence.,,0.2.0,,True
core,ballot_group_membership,candidacy_id,3,UUID,True,False,True,core,candidacy,candidacy_id,,Field candidacy_id in core.ballot_group_membership.,Blank is permitted only when the field is nullable and the source/value status explains absence.,,0.2.0,,True
core,ballot_group_membership,group_position,4,INTEGER,False,False,False,,,,,Field group_position in core.ballot_group_membership.,Blank is permitted only when the field is nullable and the source/value status explains absence.,,0.2.0,,True
core,ballot_group_membership,membership_role,5,VARCHAR,False,False,False,,,,,Field membership_role in core.ballot_group_membership.,Blank is permitted only when the field is nullable and the source/value status explains absence.,,0.2.0,,True
core,ballot_position,ballot_position_id,1,UUID,True,True,False,,,,,Field ballot_position_id in core.ballot_position.,Blank is permitted only when the field is nullable and the source/value status explains absence.,,0.2.0,,True
core,ballot_position,contest_id,2,VARCHAR,True,False,True,core,contest,contest_id,,Field contest_id in core.ballot_position.,Blank is permitted only when the field is nullable and the source/value status explains absence.,,0.2.0,,True
core,ballot_position,candidacy_id,3,UUID,False,False,True,core,candidacy,candidacy_id,,Field candidacy_id in core.ballot_position.,Blank is permitted only when the field is nullable and the source/value status explains absence.,,0.2.0,,True
core,ballot_position,ballot_group_id,4,UUID,False,False,True,core,ballot_group,ballot_group_id,,Field ballot_group_id in core.ballot_position.,Blank is permitted only when the field is nullable and the source/value status explains absence.,,0.2.0,,True
core,ballot_position,column_number,5,INTEGER,False,False,False,,,,,Field column_number in core.ballot_position.,Blank is permitted only when the field is nullable and the source/value status explains absence.,,0.2.0,,True
core,ballot_position,position_number,6,INTEGER,False,False,False,,,,,Field position_number in core.ballot_position.,Blank is permitted only when the field is nullable and the source/value status explains absence.,,0.2.0,,True
core,ballot_position,rotation_context,7,VARCHAR,False,False,False,,,,,Field rotation_context in core.ballot_position.,Blank is permitted only when the field is nullable and the source/value status explains absence.,,0.2.0,,True
core,ballot_position,source_revision_id,8,VARCHAR,False,False,True,provenance,source_file_revision,source_revision_id,,Field source_revision_id in core.ballot_position.,Blank is permitted only when the field is nullable and the source/value status explains absence.,,0.2.0,,True
core,candidacy,candidacy_id,1,UUID,True,True,False,,,,,Field candidacy_id in core.candidacy.,Blank is permitted only when the field is nullable and the source/value status explains absence.,,0.2.0,,True
core,candidacy,contest_id,2,VARCHAR,True,False,True,core,contest,contest_id,,Field contest_id in core.candidacy.,Blank is permitted only when the field is nullable and the source/value status explains absence.,,0.2.0,,True
core,candidacy,person_id,3,VARCHAR,False,False,True,sync,person,person_id,,Field person_id in core.candidacy.,Blank is permitted only when the field is nullable and the source/value status explains absence.,,0.2.0,,True
core,candidacy,party_id,4,VARCHAR,False,False,True,sync,party,party_id,,Field party_id in core.candidacy.,Blank is permitted only when the field is nullable and the source/value status explains absence.,,0.2.0,,True
core,candidacy,official_candidate_id,5,VARCHAR,False,False,False,,,,,Field official_candidate_id in core.candidacy.,Blank is permitted only when the field is nullable and the source/value status explains absence.,,0.2.0,,True
core,candidacy,ballot_name,6,VARCHAR,True,False,False,,,,,Field ballot_name in core.candidacy.,Blank is permitted only when the field is nullable and the source/value status explains absence.,,0.2.0,,True
core,candidacy,ballot_given_names,7,VARCHAR,False,False,False,,,,,Field ballot_given_names in core.candidacy.,Blank is permitted only when the field is nullable and the source/value status explains absence.,,0.2.0,,True
core,candidacy,ballot_family_name,8,VARCHAR,False,False,False,,,,,Field ballot_family_name in core.candidacy.,Blank is permitted only when the field is nullable and the source/value status explains absence.,,0.2.0,,True
core,candidacy,official_party_name,9,VARCHAR,False,False,False,,,,,Field official_party_name in core.candidacy.,Blank is permitted only when the field is nullable and the source/value status explains absence.,,0.2.0,,True
core,candidacy,official_party_abbreviation,10,VARCHAR,False,False,False,,,,,Field official_party_abbreviation in core.candidacy.,Blank is permitted only when the field is nullable and the source/value status explains absence.,,0.2.0,,True
core,candidacy,incumbent_status,11,VARCHAR,False,False,False,,,,,Field incumbent_status in core.candidacy.,Blank is permitted only when the field is nullable and the source/value status explains absence.,,0.2.0,,True
core,candidacy,nomination_status,12,VARCHAR,False,False,False,,,,,Field nomination_status in core.candidacy.,Blank is permitted only when the field is nullable and the source/value status explains absence.,,0.2.0,,True
core,candidacy,match_status,13,VARCHAR,True,False,False,,,,,Field match_status in core.candidacy.,Blank is permitted only when the field is nullable and the source/value status explains absence.,,0.2.0,,True
core,candidacy,publication_status,14,VARCHAR,True,False,False,,,,,Field publication_status in core.candidacy.,Blank is permitted only when the field is nullable and the source/value status explains absence.,,0.2.0,,True
core,candidacy,record_status,15,VARCHAR,True,False,False,,,,,Field record_status in core.candidacy.,Blank is permitted only when the field is nullable and the source/value status explains absence.,,0.2.0,,True
core,contest,contest_id,1,VARCHAR,True,True,False,,,,,Field contest_id in core.contest.,Blank is permitted only when the field is nullable and the source/value status explains absence.,,0.2.0,,True
core,contest,election_chamber_id,2,VARCHAR,True,False,True,core,election_chamber,election_chamber_id,,Field election_chamber_id in core.contest.,Blank is permitted only when the field is nullable and the source/value status explains absence.,,0.2.0,,True
core,contest,canonical_constituency_id,3,VARCHAR,False,False,False,,,,,Field canonical_constituency_id in core.contest.,Blank is permitted only when the field is nullable and the source/value status explains absence.,,0.2.0,,True
core,contest,official_contest_id,4,VARCHAR,False,False,False,,,,,Field official_contest_id in core.contest.,Blank is permitted only when the field is nullable and the source/value status explains absence.,,0.2.0,,True
core,contest,contest_name,5,VARCHAR,True,False,False,,,,,Field contest_name in core.contest.,Blank is permitted only when the field is nullable and the source/value status explains absence.,,0.2.0,,True
core,contest,vacancies,6,INTEGER,True,False,False,,,,,Field vacancies in core.contest.,Blank is permitted only when the field is nullable and the source/value status explains absence.,,0.2.0,,True
core,contest,electoral_system_version_id,7,VARCHAR,False,False,True,control,electoral_system_version,electoral_system_version_id,,Field electoral_system_version_id in core.contest.,Blank is permitted only when the field is nullable and the source/value status explains absence.,,0.2.0,,True
core,contest,contest_status,8,VARCHAR,True,False,False,,,,,Field contest_status in core.contest.,Blank is permitted only when the field is nullable and the source/value status explains absence.,,0.2.0,,True
core,contest,uncontested,9,BOOLEAN,True,False,False,,,,,Field uncontested in core.contest.,Blank is permitted only when the field is nullable and the source/value status explains absence.,,0.2.0,,True
core,contest,recount_status,10,VARCHAR,False,False,False,,,,,Field recount_status in core.contest.,Blank is permitted only when the field is nullable and the source/value status explains absence.,,0.2.0,,True
core,contest,publication_status,11,VARCHAR,True,False,False,,,,,Field publication_status in core.contest.,Blank is permitted only when the field is nullable and the source/value status explains absence.,,0.2.0,,True
core,contest,record_status,12,VARCHAR,True,False,False,,,,,Field record_status in core.contest.,Blank is permitted only when the field is nullable and the source/value status explains absence.,,0.2.0,,True
core,contest_constituency_snapshot,contest_constituency_snapshot_id,1,VARCHAR,True,True,False,,,,,Field contest_constituency_snapshot_id in core.contest_constituency_snapshot.,Blank is permitted only when the field is nullable and the source/value status explains absence.,,0.2.0,,True
core,contest_constituency_snapshot,contest_id,2,VARCHAR,True,False,True,core,contest,contest_id,,Field contest_id in core.contest_constituency_snapshot.,Blank is permitted only when the field is nullable and the source/value status explains absence.,,0.2.0,,True
core,contest_constituency_snapshot,canonical_constituency_id,3,VARCHAR,False,False,False,,,,,Field canonical_constituency_id in core.contest_constituency_snapshot.,Blank is permitted only when the field is nullable and the source/value status explains absence.,,0.2.0,,True
core,contest_constituency_snapshot,official_constituency_code,4,VARCHAR,False,False,False,,,,,Field official_constituency_code in core.contest_constituency_snapshot.,Blank is permitted only when the field is nullable and the source/value status explains absence.,,0.2.0,,True
core,contest_constituency_snapshot,official_constituency_name,5,VARCHAR,True,False,False,,,,,Field official_constituency_name in core.contest_constituency_snapshot.,Blank is permitted only when the field is nullable and the source/value status explains absence.,,0.2.0,,True
core,contest_constituency_snapshot,constituency_type,6,VARCHAR,False,False,False,,,,,Field constituency_type in core.contest_constituency_snapshot.,Blank is permitted only when the field is nullable and the source/value status explains absence.,,0.2.0,,True
core,contest_constituency_snapshot,boundary_version_id,7,VARCHAR,False,False,True,geography,boundary_version,boundary_version_id,,Field boundary_version_id in core.contest_constituency_snapshot.,Blank is permitted only when the field is nullable and the source/value status explains absence.,,0.2.0,,True
core,contest_constituency_snapshot,enrolment,8,BIGINT,False,False,False,,,,,Field enrolment in core.contest_constituency_snapshot.,Blank is permitted only when the field is nullable and the source/value status explains absence.,,0.2.0,,True
core,contest_constituency_snapshot,source_revision_id,9,VARCHAR,False,False,True,provenance,source_file_revision,source_revision_id,,Field source_revision_id in core.contest_constituency_snapshot.,Blank is permitted only when the field is nullable and the source/value status explains absence.,,0.2.0,,True
core,contest_constituency_snapshot,source_locator,10,VARCHAR,False,False,False,,,,,Field source_locator in core.contest_constituency_snapshot.,Blank is permitted only when the field is nullable and the source/value status explains absence.,,0.2.0,,True
core,contest_constituency_snapshot,match_status,11,VARCHAR,True,False,False,,,,,Field match_status in core.contest_constituency_snapshot.,Blank is permitted only when the field is nullable and the source/value status explains absence.,,0.2.0,,True
core,election,election_id,1,VARCHAR,True,True,False,,,,,Field election_id in core.election.,Blank is permitted only when the field is nullable and the source/value status explains absence.,,0.2.0,,True
core,election,official_event_id,2,VARCHAR,False,False,False,,,,,Field official_event_id in core.election.,Blank is permitted only when the field is nullable and the source/value status explains absence.,,0.2.0,,True
core,election,election_name,3,VARCHAR,True,False,False,,,,,Field election_name in core.election.,Blank is permitted only when the field is nullable and the source/value status explains absence.,,0.2.0,,True
core,election,election_date,4,DATE,True,False,False,,,,,Field election_date in core.election.,Blank is permitted only when the field is nullable and the source/value status explains absence.,,0.2.0,,True
core,election,election_year,5,INTEGER,True,False,False,,,,,Field election_year in core.election.,Blank is permitted only when the field is nullable and the source/value status explains absence.,,0.2.0,,True
core,election,jurisdiction_id,6,VARCHAR,True,False,True,control,jurisdiction,jurisdiction_id,,Field jurisdiction_id in core.election.,Blank is permitted only when the field is nullable and the source/value status explains absence.,,0.2.0,,True
core,election,authority_id,7,VARCHAR,True,False,True,control,electoral_authority,authority_id,,Field authority_id in core.election.,Blank is permitted only when the field is nullable and the source/value status explains absence.,,0.2.0,,True
core,election,election_type_id,8,VARCHAR,True,False,True,control,election_type,election_type_id,,Field election_type_id in core.election.,Blank is permitted only when the field is nullable and the source/value status explains absence.,,0.2.0,,True
core,election,publication_status,9,VARCHAR,True,False,False,,,,,Field publication_status in core.election.,Blank is permitted only when the field is nullable and the source/value status explains absence.,,0.2.0,,True
core,election,contest_status,10,VARCHAR,True,False,False,,,,,Field contest_status in core.election.,Blank is permitted only when the field is nullable and the source/value status explains absence.,,0.2.0,,True
core,election,parent_election_id,11,VARCHAR,False,False,True,core,election,election_id,,Field parent_election_id in core.election.,Blank is permitted only when the field is nullable and the source/value status explains absence.,,0.2.0,,True
core,election,record_status,12,VARCHAR,True,False,False,,,,,Field record_status in core.election.,Blank is permitted only when the field is nullable and the source/value status explains absence.,,0.2.0,,True
core,election,created_at,13,TIMESTAMP WITH TIME ZONE,True,False,False,,,,,Field created_at in core.election.,Blank is permitted only when the field is nullable and the source/value status explains absence.,,0.2.0,,True
core,election,updated_at,14,TIMESTAMP WITH TIME ZONE,True,False,False,,,,,Field updated_at in core.election.,Blank is permitted only when the field is nullable and the source/value status explains absence.,,0.2.0,,True
core,election_chamber,election_chamber_id,1,VARCHAR,True,True,False,,,,,Field election_chamber_id in core.election_chamber.,Blank is permitted only when the field is nullable and the source/value status explains absence.,,0.2.0,,True
core,election_chamber,election_id,2,VARCHAR,True,False,True,core,election,election_id,,Field election_id in core.election_chamber.,Blank is permitted only when the field is nullable and the source/value status explains absence.,,0.2.0,,True
core,election_chamber,chamber_id,3,VARCHAR,True,False,True,control,chamber,chamber_id,,Field chamber_id in core.election_chamber.,Blank is permitted only when the field is nullable and the source/value status explains absence.,,0.2.0,,True
core,election_chamber,electoral_system_version_id,4,VARCHAR,False,False,True,control,electoral_system_version,electoral_system_version_id,,Field electoral_system_version_id in core.election_chamber.,Blank is permitted only when the field is nullable and the source/value status explains absence.,,0.2.0,,True
core,election_chamber,vacancies,5,INTEGER,False,False,False,,,,,Field vacancies in core.election_chamber.,Blank is permitted only when the field is nullable and the source/value status explains absence.,,0.2.0,,True
core,election_chamber,whole_chamber,6,BOOLEAN,False,False,False,,,,,Field whole_chamber in core.election_chamber.,Blank is permitted only when the field is nullable and the source/value status explains absence.,,0.2.0,,True
core,election_chamber,publication_status,7,VARCHAR,True,False,False,,,,,Field publication_status in core.election_chamber.,Blank is permitted only when the field is nullable and the source/value status explains absence.,,0.2.0,,True
core,election_chamber,record_status,8,VARCHAR,True,False,False,,,,,Field record_status in core.election_chamber.,Blank is permitted only when the field is nullable and the source/value status explains absence.,,0.2.0,,True
core,election_key_date,election_key_date_id,1,VARCHAR,True,True,False,,,,,Field election_key_date_id in core.election_key_date.,Blank is permitted only when the field is nullable and the source/value status explains absence.,,0.2.0,,True
core,election_key_date,election_id,2,VARCHAR,True,False,True,core,election,election_id,,Field election_id in core.election_key_date.,Blank is permitted only when the field is nullable and the source/value status explains absence.,,0.2.0,,True
core,election_key_date,date_type,3,VARCHAR,True,False,False,,,,,Field date_type in core.election_key_date.,Blank is permitted only when the field is nullable and the source/value status explains absence.,,0.2.0,,True
core,election_key_date,date_value,4,DATE,True,False,False,,,,,Field date_value in core.election_key_date.,Blank is permitted only when the field is nullable and the source/value status explains absence.,,0.2.0,,True
core,election_key_date,date_status,5,VARCHAR,True,False,False,,,,,Field date_status in core.election_key_date.,Blank is permitted only when the field is nullable and the source/value status explains absence.,,0.2.0,,True
core,election_key_date,source_revision_id,6,VARCHAR,False,False,True,provenance,source_file_revision,source_revision_id,,Field source_revision_id in core.election_key_date.,Blank is permitted only when the field is nullable and the source/value status explains absence.,,0.2.0,,True
core,election_relationship,election_relationship_id,1,VARCHAR,True,True,False,,,,,Field election_relationship_id in core.election_relationship.,Blank is permitted only when the field is nullable and the source/value status explains absence.,,0.2.0,,True
core,election_relationship,parent_election_id,2,VARCHAR,True,False,True,core,election,election_id,,Field parent_election_id in core.election_relationship.,Blank is permitted only when the field is nullable and the source/value status explains absence.,,0.2.0,,True
core,election_relationship,child_election_id,3,VARCHAR,True,False,True,core,election,election_id,,Field child_election_id in core.election_relationship.,Blank is permitted only when the field is nullable and the source/value status explains absence.,,0.2.0,,True
core,election_relationship,relationship_type,4,VARCHAR,True,False,False,,,,,Field relationship_type in core.election_relationship.,Blank is permitted only when the field is nullable and the source/value status explains absence.,,0.2.0,,True
core,election_relationship,notes,5,VARCHAR,False,False,False,,,,,Field notes in core.election_relationship.,Blank is permitted only when the field is nullable and the source/value status explains absence.,,0.2.0,,True
count,count_candidate_total,count_candidate_total_id,1,UUID,True,True,False,,,,,Field count_candidate_total_id in count.count_candidate_total.,Blank is permitted only when the field is nullable and the source/value status explains absence.,,0.2.0,,True
count,count_candidate_total,count_round_id,2,UUID,True,False,True,count,count_round,count_round_id,,Field count_round_id in count.count_candidate_total.,Blank is permitted only when the field is nullable and the source/value status explains absence.,,0.2.0,,True
count,count_candidate_total,candidacy_id,3,UUID,True,False,True,core,candidacy,candidacy_id,,Field candidacy_id in count.count_candidate_total.,Blank is permitted only when the field is nullable and the source/value status explains absence.,,0.2.0,,True
count,count_candidate_total,papers_value,4,BIGINT,False,False,False,,,,,Field papers_value in count.count_candidate_total.,Blank is permitted only when the field is nullable and the source/value status explains absence.,,0.2.0,,True
count,count_candidate_total,votes_value,5,"DECIMAL(38,12)",False,False,False,,,,,Field votes_value in count.count_candidate_total.,Blank is permitted only when the field is nullable and the source/value status explains absence.,,0.2.0,,True
count,count_candidate_total,progressive_total,6,"DECIMAL(38,12)",False,False,False,,,,,Field progressive_total in count.count_candidate_total.,Blank is permitted only when the field is nullable and the source/value status explains absence.,,0.2.0,,True
count,count_candidate_total,candidate_count_status,7,VARCHAR,False,False,False,,,,,Field candidate_count_status in count.count_candidate_total.,Blank is permitted only when the field is nullable and the source/value status explains absence.,,0.2.0,,True
count,count_candidate_total,value_status,8,VARCHAR,True,False,False,,,,,Field value_status in count.count_candidate_total.,Blank is permitted only when the field is nullable and the source/value status explains absence.,,0.2.0,,True
count,count_candidate_total,source_revision_id,9,VARCHAR,True,False,True,provenance,source_file_revision,source_revision_id,,Field source_revision_id in count.count_candidate_total.,Blank is permitted only when the field is nullable and the source/value status explains absence.,,0.2.0,,True
count,count_candidate_total,source_locator,10,VARCHAR,True,False,False,,,,,Field source_locator in count.count_candidate_total.,Blank is permitted only when the field is nullable and the source/value status explains absence.,,0.2.0,,True
count,count_round,count_round_id,1,UUID,True,True,False,,,,,Field count_round_id in count.count_round.,Blank is permitted only when the field is nullable and the source/value status explains absence.,,0.2.0,,True
count,count_round,contest_id,2,VARCHAR,True,False,True,core,contest,contest_id,,Field contest_id in count.count_round.,Blank is permitted only when the field is nullable and the source/value status explains absence.,,0.2.0,,True
count,count_round,round_number,3,INTEGER,True,False,False,,,,,Field round_number in count.count_round.,Blank is permitted only when the field is nullable and the source/value status explains absence.,,0.2.0,,True
count,count_round,round_label,4,VARCHAR,False,False,False,,,,,Field round_label in count.count_round.,Blank is permitted only when the field is nullable and the source/value status explains absence.,,0.2.0,,True
count,count_round,action_type,5,VARCHAR,True,False,False,,,,,Field action_type in count.count_round.,Blank is permitted only when the field is nullable and the source/value status explains absence.,,0.2.0,,True
count,count_round,quota_value,6,"DECIMAL(38,12)",False,False,False,,,,,Field quota_value in count.count_round.,Blank is permitted only when the field is nullable and the source/value status explains absence.,,0.2.0,,True
count,count_round,transfer_value,7,"DECIMAL(38,12)",False,False,False,,,,,Field transfer_value in count.count_round.,Blank is permitted only when the field is nullable and the source/value status explains absence.,,0.2.0,,True
count,count_round,source_calculation_type,8,VARCHAR,False,False,False,,,,,Field source_calculation_type in count.count_round.,Blank is permitted only when the field is nullable and the source/value status explains absence.,,0.2.0,,True
count,count_round,source_calculation_value,9,VARCHAR,False,False,False,,,,,Field source_calculation_value in count.count_round.,Blank is permitted only when the field is nullable and the source/value status explains absence.,,0.2.0,,True
count,count_round,remarks,10,VARCHAR,False,False,False,,,,,Field remarks in count.count_round.,Blank is permitted only when the field is nullable and the source/value status explains absence.,,0.2.0,,True
count,count_round,publication_status,11,VARCHAR,True,False,False,,,,,Field publication_status in count.count_round.,Blank is permitted only when the field is nullable and the source/value status explains absence.,,0.2.0,,True
count,count_round,source_revision_id,12,VARCHAR,True,False,True,provenance,source_file_revision,source_revision_id,,Field source_revision_id in count.count_round.,Blank is permitted only when the field is nullable and the source/value status explains absence.,,0.2.0,,True
count,count_round,source_locator,13,VARCHAR,True,False,False,,,,,Field source_locator in count.count_round.,Blank is permitted only when the field is nullable and the source/value status explains absence.,,0.2.0,,True
count,preference_transfer,preference_transfer_id,1,UUID,True,True,False,,,,,Field preference_transfer_id in count.preference_transfer.,Blank is permitted only when the field is nullable and the source/value status explains absence.,,0.2.0,,True
count,preference_transfer,count_round_id,2,UUID,True,False,True,count,count_round,count_round_id,,Field count_round_id in count.preference_transfer.,Blank is permitted only when the field is nullable and the source/value status explains absence.,,0.2.0,,True
count,preference_transfer,from_candidacy_id,3,UUID,False,False,True,core,candidacy,candidacy_id,,Field from_candidacy_id in count.preference_transfer.,Blank is permitted only when the field is nullable and the source/value status explains absence.,,0.2.0,,True
count,preference_transfer,to_candidacy_id,4,UUID,False,False,True,core,candidacy,candidacy_id,,Field to_candidacy_id in count.preference_transfer.,Blank is permitted only when the field is nullable and the source/value status explains absence.,,0.2.0,,True
count,preference_transfer,papers_value,5,BIGINT,False,False,False,,,,,Field papers_value in count.preference_transfer.,Blank is permitted only when the field is nullable and the source/value status explains absence.,,0.2.0,,True
count,preference_transfer,votes_value,6,"DECIMAL(38,12)",False,False,False,,,,,Field votes_value in count.preference_transfer.,Blank is permitted only when the field is nullable and the source/value status explains absence.,,0.2.0,,True
count,preference_transfer,exhausted,7,BOOLEAN,True,False,False,,,,,Field exhausted in count.preference_transfer.,Blank is permitted only when the field is nullable and the source/value status explains absence.,,0.2.0,,True
count,preference_transfer,value_status,8,VARCHAR,True,False,False,,,,,Field value_status in count.preference_transfer.,Blank is permitted only when the field is nullable and the source/value status explains absence.,,0.2.0,,True
count,preference_transfer,source_revision_id,9,VARCHAR,True,False,True,provenance,source_file_revision,source_revision_id,,Field source_revision_id in count.preference_transfer.,Blank is permitted only when the field is nullable and the source/value status explains absence.,,0.2.0,,True
count,preference_transfer,source_locator,10,VARCHAR,True,False,False,,,,,Field source_locator in count.preference_transfer.,Blank is permitted only when the field is nullable and the source/value status explains absence.,,0.2.0,,True
derived,contest_summary,contest_summary_id,1,UUID,True,True,False,,,,,Field contest_summary_id in derived.contest_summary.,Blank is permitted only when the field is nullable and the source/value status explains absence.,,0.2.0,,True
derived,contest_summary,contest_id,2,VARCHAR,True,False,True,core,contest,contest_id,,Field contest_id in derived.contest_summary.,Blank is permitted only when the field is nullable and the source/value status explains absence.,,0.2.0,,True
derived,contest_summary,publication_snapshot_id,3,UUID,False,False,True,publish,publication_snapshot,publication_snapshot_id,,Field publication_snapshot_id in derived.contest_summary.,Blank is permitted only when the field is nullable and the source/value status explains absence.,,0.2.0,,True
derived,contest_summary,winner_candidacy_id,4,UUID,False,False,True,core,candidacy,candidacy_id,,Field winner_candidacy_id in derived.contest_summary.,Blank is permitted only when the field is nullable and the source/value status explains absence.,,0.2.0,,True
derived,contest_summary,margin_votes,5,BIGINT,False,False,False,,,,,Field margin_votes in derived.contest_summary.,Blank is permitted only when the field is nullable and the source/value status explains absence.,,0.2.0,,True
derived,contest_summary,margin_percentage,6,"DECIMAL(18,8)",False,False,False,,,,,Field margin_percentage in derived.contest_summary.,Blank is permitted only when the field is nullable and the source/value status explains absence.,,0.2.0,,True
derived,contest_summary,turnout_percentage,7,"DECIMAL(18,8)",False,False,False,,,,,Field turnout_percentage in derived.contest_summary.,Blank is permitted only when the field is nullable and the source/value status explains absence.,,0.2.0,,True
derived,contest_summary,informality_percentage,8,"DECIMAL(18,8)",False,False,False,,,,,Field informality_percentage in derived.contest_summary.,Blank is permitted only when the field is nullable and the source/value status explains absence.,,0.2.0,,True
derived,contest_summary,publication_status,9,VARCHAR,True,False,False,,,,,Field publication_status in derived.contest_summary.,Blank is permitted only when the field is nullable and the source/value status explains absence.,,0.2.0,,True
derived,contest_summary,calculation_version,10,VARCHAR,True,False,False,,,,,Field calculation_version in derived.contest_summary.,Blank is permitted only when the field is nullable and the source/value status explains absence.,,0.2.0,,True
derived,contest_summary,input_hash,11,VARCHAR,True,False,False,,,,,Field input_hash in derived.contest_summary.,Blank is permitted only when the field is nullable and the source/value status explains absence.,,0.2.0,,True
derived,party_summary,party_summary_id,1,UUID,True,True,False,,,,,Field party_summary_id in derived.party_summary.,Blank is permitted only when the field is nullable and the source/value status explains absence.,,0.2.0,,True
derived,party_summary,election_chamber_id,2,VARCHAR,True,False,True,core,election_chamber,election_chamber_id,,Field election_chamber_id in derived.party_summary.,Blank is permitted only when the field is nullable and the source/value status explains absence.,,0.2.0,,True
derived,party_summary,party_id,3,VARCHAR,True,False,True,sync,party,party_id,,Field party_id in derived.party_summary.,Blank is permitted only when the field is nullable and the source/value status explains absence.,,0.2.0,,True
derived,party_summary,publication_snapshot_id,4,UUID,False,False,True,publish,publication_snapshot,publication_snapshot_id,,Field publication_snapshot_id in derived.party_summary.,Blank is permitted only when the field is nullable and the source/value status explains absence.,,0.2.0,,True
derived,party_summary,votes,5,BIGINT,False,False,False,,,,,Field votes in derived.party_summary.,Blank is permitted only when the field is nullable and the source/value status explains absence.,,0.2.0,,True
derived,party_summary,vote_share,6,"DECIMAL(18,8)",False,False,False,,,,,Field vote_share in derived.party_summary.,Blank is permitted only when the field is nullable and the source/value status explains absence.,,0.2.0,,True
derived,party_summary,swing,7,"DECIMAL(18,8)",False,False,False,,,,,Field swing in derived.party_summary.,Blank is permitted only when the field is nullable and the source/value status explains absence.,,0.2.0,,True
derived,party_summary,seats_won,8,INTEGER,False,False,False,,,,,Field seats_won in derived.party_summary.,Blank is permitted only when the field is nullable and the source/value status explains absence.,,0.2.0,,True
derived,party_summary,seat_change,9,INTEGER,False,False,False,,,,,Field seat_change in derived.party_summary.,Blank is permitted only when the field is nullable and the source/value status explains absence.,,0.2.0,,True
derived,party_summary,calculation_version,10,VARCHAR,True,False,False,,,,,Field calculation_version in derived.party_summary.,Blank is permitted only when the field is nullable and the source/value status explains absence.,,0.2.0,,True
derived,party_summary,input_hash,11,VARCHAR,True,False,False,,,,,Field input_hash in derived.party_summary.,Blank is permitted only when the field is nullable and the source/value status explains absence.,,0.2.0,,True
derived,preference_flow,preference_flow_id,1,UUID,True,True,False,,,,,Field preference_flow_id in derived.preference_flow.,Blank is permitted only when the field is nullable and the source/value status explains absence.,,0.2.0,,True
derived,preference_flow,election_id,2,VARCHAR,True,False,True,core,election,election_id,,Field election_id in derived.preference_flow.,Blank is permitted only when the field is nullable and the source/value status explains absence.,,0.2.0,,True
derived,preference_flow,contest_id,3,VARCHAR,False,False,True,core,contest,contest_id,,Field contest_id in derived.preference_flow.,Blank is permitted only when the field is nullable and the source/value status explains absence.,,0.2.0,,True
derived,preference_flow,source_subject_type,4,VARCHAR,True,False,False,,,,,Field source_subject_type in derived.preference_flow.,Blank is permitted only when the field is nullable and the source/value status explains absence.,,0.2.0,,True
derived,preference_flow,source_subject_id,5,VARCHAR,True,False,False,,,,,Field source_subject_id in derived.preference_flow.,Blank is permitted only when the field is nullable and the source/value status explains absence.,,0.2.0,,True
derived,preference_flow,target_subject_type,6,VARCHAR,True,False,False,,,,,Field target_subject_type in derived.preference_flow.,Blank is permitted only when the field is nullable and the source/value status explains absence.,,0.2.0,,True
derived,preference_flow,target_subject_id,7,VARCHAR,True,False,False,,,,,Field target_subject_id in derived.preference_flow.,Blank is permitted only when the field is nullable and the source/value status explains absence.,,0.2.0,,True
derived,preference_flow,flow_basis,8,VARCHAR,True,False,False,,,,,Field flow_basis in derived.preference_flow.,Blank is permitted only when the field is nullable and the source/value status explains absence.,,0.2.0,,True
derived,preference_flow,papers,9,BIGINT,False,False,False,,,,,Field papers in derived.preference_flow.,Blank is permitted only when the field is nullable and the source/value status explains absence.,,0.2.0,,True
derived,preference_flow,votes_value,10,"DECIMAL(38,12)",False,False,False,,,,,Field votes_value in derived.preference_flow.,Blank is permitted only when the field is nullable and the source/value status explains absence.,,0.2.0,,True
derived,preference_flow,flow_percentage,11,"DECIMAL(18,8)",False,False,False,,,,,Field flow_percentage in derived.preference_flow.,Blank is permitted only when the field is nullable and the source/value status explains absence.,,0.2.0,,True
derived,preference_flow,calculation_version,12,VARCHAR,True,False,False,,,,,Field calculation_version in derived.preference_flow.,Blank is permitted only when the field is nullable and the source/value status explains absence.,,0.2.0,,True
derived,preference_flow,input_hash,13,VARCHAR,True,False,False,,,,,Field input_hash in derived.preference_flow.,Blank is permitted only when the field is nullable and the source/value status explains absence.,,0.2.0,,True
geography,boundary_geometry,boundary_geometry_id,1,UUID,True,True,False,,,,,Field boundary_geometry_id in geography.boundary_geometry.,Blank is permitted only when the field is nullable and the source/value status explains absence.,,0.2.0,,True
geography,boundary_geometry,boundary_version_id,2,VARCHAR,True,False,True,geography,boundary_version,boundary_version_id,,Field boundary_version_id in geography.boundary_geometry.,Blank is permitted only when the field is nullable and the source/value status explains absence.,,0.2.0,,True
geography,boundary_geometry,canonical_constituency_id,3,VARCHAR,False,False,False,,,,,Field canonical_constituency_id in geography.boundary_geometry.,Blank is permitted only when the field is nullable and the source/value status explains absence.,,0.2.0,,True
geography,boundary_geometry,official_feature_id,4,VARCHAR,False,False,False,,,,,Field official_feature_id in geography.boundary_geometry.,Blank is permitted only when the field is nullable and the source/value status explains absence.,,0.2.0,,True
geography,boundary_geometry,geometry_path,5,VARCHAR,True,False,False,,,,,Field geometry_path in geography.boundary_geometry.,Blank is permitted only when the field is nullable and the source/value status explains absence.,,0.2.0,,True
geography,boundary_geometry,geometry_sha256,6,VARCHAR,True,False,False,,,,,Field geometry_sha256 in geography.boundary_geometry.,Blank is permitted only when the field is nullable and the source/value status explains absence.,,0.2.0,,True
geography,boundary_geometry,geometry_type,7,VARCHAR,True,False,False,,,,,Field geometry_type in geography.boundary_geometry.,Blank is permitted only when the field is nullable and the source/value status explains absence.,,0.2.0,,True
geography,boundary_geometry,bbox_min_x,8,DOUBLE,False,False,False,,,,,Field bbox_min_x in geography.boundary_geometry.,Blank is permitted only when the field is nullable and the source/value status explains absence.,,0.2.0,,True
geography,boundary_geometry,bbox_min_y,9,DOUBLE,False,False,False,,,,,Field bbox_min_y in geography.boundary_geometry.,Blank is permitted only when the field is nullable and the source/value status explains absence.,,0.2.0,,True
geography,boundary_geometry,bbox_max_x,10,DOUBLE,False,False,False,,,,,Field bbox_max_x in geography.boundary_geometry.,Blank is permitted only when the field is nullable and the source/value status explains absence.,,0.2.0,,True
geography,boundary_geometry,bbox_max_y,11,DOUBLE,False,False,False,,,,,Field bbox_max_y in geography.boundary_geometry.,Blank is permitted only when the field is nullable and the source/value status explains absence.,,0.2.0,,True
geography,boundary_version,boundary_version_id,1,VARCHAR,True,True,False,,,,,Field boundary_version_id in geography.boundary_version.,Blank is permitted only when the field is nullable and the source/value status explains absence.,,0.2.0,,True
geography,boundary_version,authority_id,2,VARCHAR,True,False,True,control,electoral_authority,authority_id,,Field authority_id in geography.boundary_version.,Blank is permitted only when the field is nullable and the source/value status explains absence.,,0.2.0,,True
geography,boundary_version,boundary_name,3,VARCHAR,True,False,False,,,,,Field boundary_name in geography.boundary_version.,Blank is permitted only when the field is nullable and the source/value status explains absence.,,0.2.0,,True
geography,boundary_version,effective_from,4,DATE,False,False,False,,,,,Field effective_from in geography.boundary_version.,Blank is permitted only when the field is nullable and the source/value status explains absence.,,0.2.0,,True
geography,boundary_version,effective_to,5,DATE,False,False,False,,,,,Field effective_to in geography.boundary_version.,Blank is permitted only when the field is nullable and the source/value status explains absence.,,0.2.0,,True
geography,boundary_version,crs,6,VARCHAR,False,False,False,,,,,Field crs in geography.boundary_version.,Blank is permitted only when the field is nullable and the source/value status explains absence.,,0.2.0,,True
geography,boundary_version,geometry_format,7,VARCHAR,False,False,False,,,,,Field geometry_format in geography.boundary_version.,Blank is permitted only when the field is nullable and the source/value status explains absence.,,0.2.0,,True
geography,boundary_version,licence,8,VARCHAR,False,False,False,,,,,Field licence in geography.boundary_version.,Blank is permitted only when the field is nullable and the source/value status explains absence.,,0.2.0,,True
geography,boundary_version,source_revision_id,9,VARCHAR,False,False,True,provenance,source_file_revision,source_revision_id,,Field source_revision_id in geography.boundary_version.,Blank is permitted only when the field is nullable and the source/value status explains absence.,,0.2.0,,True
geography,boundary_version,record_status,10,VARCHAR,True,False,False,,,,,Field record_status in geography.boundary_version.,Blank is permitted only when the field is nullable and the source/value status explains absence.,,0.2.0,,True
geography,election_reporting_unit,election_reporting_unit_id,1,UUID,True,True,False,,,,,Field election_reporting_unit_id in geography.election_reporting_unit.,Blank is permitted only when the field is nullable and the source/value status explains absence.,,0.2.0,,True
geography,election_reporting_unit,election_id,2,VARCHAR,True,False,True,core,election,election_id,,Field election_id in geography.election_reporting_unit.,Blank is permitted only when the field is nullable and the source/value status explains absence.,,0.2.0,,True
geography,election_reporting_unit,contest_id,3,VARCHAR,False,False,True,core,contest,contest_id,,Field contest_id in geography.election_reporting_unit.,Blank is permitted only when the field is nullable and the source/value status explains absence.,,0.2.0,,True
geography,election_reporting_unit,reporting_unit_id,4,UUID,False,False,True,geography,reporting_unit,reporting_unit_id,,Field reporting_unit_id in geography.election_reporting_unit.,Blank is permitted only when the field is nullable and the source/value status explains absence.,,0.2.0,,True
geography,election_reporting_unit,official_reporting_unit_code,5,VARCHAR,False,False,False,,,,,Field official_reporting_unit_code in geography.election_reporting_unit.,Blank is permitted only when the field is nullable and the source/value status explains absence.,,0.2.0,,True
geography,election_reporting_unit,official_label,6,VARCHAR,True,False,False,,,,,Field official_label in geography.election_reporting_unit.,Blank is permitted only when the field is nullable and the source/value status explains absence.,,0.2.0,,True
geography,election_reporting_unit,source_reporting_unit_type,7,VARCHAR,False,False,False,,,,,Field source_reporting_unit_type in geography.election_reporting_unit.,Blank is permitted only when the field is nullable and the source/value status explains absence.,,0.2.0,,True
geography,election_reporting_unit,reporting_unit_type,8,VARCHAR,True,False,False,,,,,Field reporting_unit_type in geography.election_reporting_unit.,Blank is permitted only when the field is nullable and the source/value status explains absence.,,0.2.0,,True
geography,election_reporting_unit,address,9,VARCHAR,False,False,False,,,,,Field address in geography.election_reporting_unit.,Blank is permitted only when the field is nullable and the source/value status explains absence.,,0.2.0,,True
geography,election_reporting_unit,suburb,10,VARCHAR,False,False,False,,,,,Field suburb in geography.election_reporting_unit.,Blank is permitted only when the field is nullable and the source/value status explains absence.,,0.2.0,,True
geography,election_reporting_unit,postcode,11,VARCHAR,False,False,False,,,,,Field postcode in geography.election_reporting_unit.,Blank is permitted only when the field is nullable and the source/value status explains absence.,,0.2.0,,True
geography,election_reporting_unit,latitude,12,"DECIMAL(10,7)",False,False,False,,,,,Field latitude in geography.election_reporting_unit.,Blank is permitted only when the field is nullable and the source/value status explains absence.,,0.2.0,,True
geography,election_reporting_unit,longitude,13,"DECIMAL(10,7)",False,False,False,,,,,Field longitude in geography.election_reporting_unit.,Blank is permitted only when the field is nullable and the source/value status explains absence.,,0.2.0,,True
geography,election_reporting_unit,match_status,14,VARCHAR,True,False,False,,,,,Field match_status in geography.election_reporting_unit.,Blank is permitted only when the field is nullable and the source/value status explains absence.,,0.2.0,,True
geography,election_reporting_unit,source_revision_id,15,VARCHAR,False,False,True,provenance,source_file_revision,source_revision_id,,Field source_revision_id in geography.election_reporting_unit.,Blank is permitted only when the field is nullable and the source/value status explains absence.,,0.2.0,,True
geography,reporting_unit,reporting_unit_id,1,UUID,True,True,False,,,,,Field reporting_unit_id in geography.reporting_unit.,Blank is permitted only when the field is nullable and the source/value status explains absence.,,0.2.0,,True
geography,reporting_unit,authority_id,2,VARCHAR,True,False,True,control,electoral_authority,authority_id,,Field authority_id in geography.reporting_unit.,Blank is permitted only when the field is nullable and the source/value status explains absence.,,0.2.0,,True
geography,reporting_unit,official_reporting_unit_code,3,VARCHAR,False,False,False,,,,,Field official_reporting_unit_code in geography.reporting_unit.,Blank is permitted only when the field is nullable and the source/value status explains absence.,,0.2.0,,True
geography,reporting_unit,canonical_name,4,VARCHAR,True,False,False,,,,,Field canonical_name in geography.reporting_unit.,Blank is permitted only when the field is nullable and the source/value status explains absence.,,0.2.0,,True
geography,reporting_unit,reporting_unit_type,5,VARCHAR,True,False,False,,,,,Field reporting_unit_type in geography.reporting_unit.,Blank is permitted only when the field is nullable and the source/value status explains absence.,,0.2.0,,True
geography,reporting_unit,valid_from,6,DATE,False,False,False,,,,,Field valid_from in geography.reporting_unit.,Blank is permitted only when the field is nullable and the source/value status explains absence.,,0.2.0,,True
geography,reporting_unit,valid_to,7,DATE,False,False,False,,,,,Field valid_to in geography.reporting_unit.,Blank is permitted only when the field is nullable and the source/value status explains absence.,,0.2.0,,True
geography,reporting_unit,record_status,8,VARCHAR,True,False,False,,,,,Field record_status in geography.reporting_unit.,Blank is permitted only when the field is nullable and the source/value status explains absence.,,0.2.0,,True
geography,reporting_unit_parent,reporting_unit_parent_id,1,UUID,True,True,False,,,,,Field reporting_unit_parent_id in geography.reporting_unit_parent.,Blank is permitted only when the field is nullable and the source/value status explains absence.,,0.2.0,,True
geography,reporting_unit_parent,child_election_reporting_unit_id,2,UUID,True,False,False,,,,,Field child_election_reporting_unit_id in geography.reporting_unit_parent.,Blank is permitted only when the field is nullable and the source/value status explains absence.,,0.2.0,,True
geography,reporting_unit_parent,parent_election_reporting_unit_id,3,UUID,True,False,False,,,,,Field parent_election_reporting_unit_id in geography.reporting_unit_parent.,Blank is permitted only when the field is nullable and the source/value status explains absence.,,0.2.0,,True
geography,reporting_unit_parent,hierarchy_type,4,VARCHAR,True,False,False,,,,,Field hierarchy_type in geography.reporting_unit_parent.,Blank is permitted only when the field is nullable and the source/value status explains absence.,,0.2.0,,True
provenance,import_run,import_run_id,1,UUID,True,True,False,,,,,Field import_run_id in provenance.import_run.,Blank is permitted only when the field is nullable and the source/value status explains absence.,,0.2.0,,True
provenance,import_run,election_id,2,VARCHAR,False,False,True,core,election,election_id,,Field election_id in provenance.import_run.,Blank is permitted only when the field is nullable and the source/value status explains absence.,,0.2.0,,True
provenance,import_run,adapter_id,3,VARCHAR,True,False,False,,,,,Field adapter_id in provenance.import_run.,Blank is permitted only when the field is nullable and the source/value status explains absence.,,0.2.0,,True
provenance,import_run,adapter_version,4,VARCHAR,True,False,False,,,,,Field adapter_version in provenance.import_run.,Blank is permitted only when the field is nullable and the source/value status explains absence.,,0.2.0,,True
provenance,import_run,started_at,5,TIMESTAMP WITH TIME ZONE,True,False,False,,,,,Field started_at in provenance.import_run.,Blank is permitted only when the field is nullable and the source/value status explains absence.,,0.2.0,,True
provenance,import_run,completed_at,6,TIMESTAMP WITH TIME ZONE,False,False,False,,,,,Field completed_at in provenance.import_run.,Blank is permitted only when the field is nullable and the source/value status explains absence.,,0.2.0,,True
provenance,import_run,import_status,7,VARCHAR,True,False,False,,,,,Field import_status in provenance.import_run.,Blank is permitted only when the field is nullable and the source/value status explains absence.,,0.2.0,,True
provenance,import_run,input_file_count,8,INTEGER,True,False,False,,,,,Field input_file_count in provenance.import_run.,Blank is permitted only when the field is nullable and the source/value status explains absence.,,0.2.0,,True
provenance,import_run,source_row_count,9,BIGINT,False,False,False,,,,,Field source_row_count in provenance.import_run.,Blank is permitted only when the field is nullable and the source/value status explains absence.,,0.2.0,,True
provenance,import_run,staged_row_count,10,BIGINT,False,False,False,,,,,Field staged_row_count in provenance.import_run.,Blank is permitted only when the field is nullable and the source/value status explains absence.,,0.2.0,,True
provenance,import_run,inserted_row_count,11,BIGINT,False,False,False,,,,,Field inserted_row_count in provenance.import_run.,Blank is permitted only when the field is nullable and the source/value status explains absence.,,0.2.0,,True
provenance,import_run,rejected_row_count,12,BIGINT,False,False,False,,,,,Field rejected_row_count in provenance.import_run.,Blank is permitted only when the field is nullable and the source/value status explains absence.,,0.2.0,,True
provenance,import_run,code_commit,13,VARCHAR,False,False,False,,,,,Field code_commit in provenance.import_run.,Blank is permitted only when the field is nullable and the source/value status explains absence.,,0.2.0,,True
provenance,import_run,notes,14,VARCHAR,False,False,False,,,,,Field notes in provenance.import_run.,Blank is permitted only when the field is nullable and the source/value status explains absence.,,0.2.0,,True
provenance,import_run_input,import_run_input_id,1,UUID,True,True,False,,,,,Field import_run_input_id in provenance.import_run_input.,Blank is permitted only when the field is nullable and the source/value status explains absence.,,0.2.0,,True
provenance,import_run_input,import_run_id,2,UUID,True,False,True,provenance,import_run,import_run_id,,Field import_run_id in provenance.import_run_input.,Blank is permitted only when the field is nullable and the source/value status explains absence.,,0.2.0,,True
provenance,import_run_input,source_revision_id,3,VARCHAR,True,False,True,provenance,source_file_revision,source_revision_id,,Field source_revision_id in provenance.import_run_input.,Blank is permitted only when the field is nullable and the source/value status explains absence.,,0.2.0,,True
provenance,import_run_input,input_role,4,VARCHAR,True,False,False,,,,,Field input_role in provenance.import_run_input.,Blank is permitted only when the field is nullable and the source/value status explains absence.,,0.2.0,,True
provenance,row_lineage,row_lineage_id,1,UUID,True,True,False,,,,,Field row_lineage_id in provenance.row_lineage.,Blank is permitted only when the field is nullable and the source/value status explains absence.,,0.2.0,,True
provenance,row_lineage,target_schema,2,VARCHAR,True,False,False,,,,,Field target_schema in provenance.row_lineage.,Blank is permitted only when the field is nullable and the source/value status explains absence.,,0.2.0,,True
provenance,row_lineage,target_table,3,VARCHAR,True,False,False,,,,,Field target_table in provenance.row_lineage.,Blank is permitted only when the field is nullable and the source/value status explains absence.,,0.2.0,,True
provenance,row_lineage,target_record_id,4,VARCHAR,True,False,False,,,,,Field target_record_id in provenance.row_lineage.,Blank is permitted only when the field is nullable and the source/value status explains absence.,,0.2.0,,True
provenance,row_lineage,source_revision_id,5,VARCHAR,True,False,True,provenance,source_file_revision,source_revision_id,,Field source_revision_id in provenance.row_lineage.,Blank is permitted only when the field is nullable and the source/value status explains absence.,,0.2.0,,True
provenance,row_lineage,source_locator,6,VARCHAR,True,False,False,,,,,Field source_locator in provenance.row_lineage.,Blank is permitted only when the field is nullable and the source/value status explains absence.,,0.2.0,,True
provenance,row_lineage,import_run_id,7,UUID,True,False,True,provenance,import_run,import_run_id,,Field import_run_id in provenance.row_lineage.,Blank is permitted only when the field is nullable and the source/value status explains absence.,,0.2.0,,True
provenance,row_lineage,transform_run_id,8,UUID,False,False,True,provenance,transform_run,transform_run_id,,Field transform_run_id in provenance.row_lineage.,Blank is permitted only when the field is nullable and the source/value status explains absence.,,0.2.0,,True
provenance,row_lineage,source_row_hash,9,VARCHAR,False,False,False,,,,,Field source_row_hash in provenance.row_lineage.,Blank is permitted only when the field is nullable and the source/value status explains absence.,,0.2.0,,True
provenance,source_file,source_file_id,1,VARCHAR,True,True,False,,,,,Field source_file_id in provenance.source_file.,Blank is permitted only when the field is nullable and the source/value status explains absence.,,0.2.0,,True
provenance,source_file,authority_id,2,VARCHAR,True,False,True,control,electoral_authority,authority_id,,Field authority_id in provenance.source_file.,Blank is permitted only when the field is nullable and the source/value status explains absence.,,0.2.0,,True
provenance,source_file,election_id,3,VARCHAR,False,False,True,core,election,election_id,,Field election_id in provenance.source_file.,Blank is permitted only when the field is nullable and the source/value status explains absence.,,0.2.0,,True
provenance,source_file,source_landing_page_id,4,VARCHAR,False,False,True,provenance,source_landing_page,source_landing_page_id,,Field source_landing_page_id in provenance.source_file.,Blank is permitted only when the field is nullable and the source/value status explains absence.,,0.2.0,,True
provenance,source_file,dataset_title,5,VARCHAR,True,False,False,,,,,Field dataset_title in provenance.source_file.,Blank is permitted only when the field is nullable and the source/value status explains absence.,,0.2.0,,True
provenance,source_file,dataset_family,6,VARCHAR,True,False,False,,,,,Field dataset_family in provenance.source_file.,Blank is permitted only when the field is nullable and the source/value status explains absence.,,0.2.0,,True
provenance,source_file,chamber_code,7,VARCHAR,False,False,False,,,,,Field chamber_code in provenance.source_file.,Blank is permitted only when the field is nullable and the source/value status explains absence.,,0.2.0,,True
provenance,source_file,geographic_scope,8,VARCHAR,False,False,False,,,,,Field geographic_scope in provenance.source_file.,Blank is permitted only when the field is nullable and the source/value status explains absence.,,0.2.0,,True
provenance,source_file,logical_status,9,VARCHAR,True,False,False,,,,,Field logical_status in provenance.source_file.,Blank is permitted only when the field is nullable and the source/value status explains absence.,,0.2.0,,True
provenance,source_file,notes,10,VARCHAR,False,False,False,,,,,Field notes in provenance.source_file.,Blank is permitted only when the field is nullable and the source/value status explains absence.,,0.2.0,,True
provenance,source_file_revision,source_revision_id,1,VARCHAR,True,True,False,,,,,Field source_revision_id in provenance.source_file_revision.,Blank is permitted only when the field is nullable and the source/value status explains absence.,,0.2.0,,True
provenance,source_file_revision,source_file_id,2,VARCHAR,True,False,True,provenance,source_file,source_file_id,,Field source_file_id in provenance.source_file_revision.,Blank is permitted only when the field is nullable and the source/value status explains absence.,,0.2.0,,True
provenance,source_file_revision,revision_number,3,INTEGER,True,False,False,,,,,Field revision_number in provenance.source_file_revision.,Blank is permitted only when the field is nullable and the source/value status explains absence.,,0.2.0,,True
provenance,source_file_revision,source_url,4,VARCHAR,False,False,False,,,,,Field source_url in provenance.source_file_revision.,Blank is permitted only when the field is nullable and the source/value status explains absence.,,0.2.0,,True
provenance,source_file_revision,original_filename,5,VARCHAR,True,False,False,,,,,Field original_filename in provenance.source_file_revision.,Blank is permitted only when the field is nullable and the source/value status explains absence.,,0.2.0,,True
provenance,source_file_revision,archive_path,6,VARCHAR,True,False,False,,,,,Field archive_path in provenance.source_file_revision.,Blank is permitted only when the field is nullable and the source/value status explains absence.,,0.2.0,,True
provenance,source_file_revision,mime_type,7,VARCHAR,False,False,False,,,,,Field mime_type in provenance.source_file_revision.,Blank is permitted only when the field is nullable and the source/value status explains absence.,,0.2.0,,True
provenance,source_file_revision,encoding,8,VARCHAR,False,False,False,,,,,Field encoding in provenance.source_file_revision.,Blank is permitted only when the field is nullable and the source/value status explains absence.,,0.2.0,,True
provenance,source_file_revision,delimiter,9,VARCHAR,False,False,False,,,,,Field delimiter in provenance.source_file_revision.,Blank is permitted only when the field is nullable and the source/value status explains absence.,,0.2.0,,True
provenance,source_file_revision,compression_type,10,VARCHAR,False,False,False,,,,,Field compression_type in provenance.source_file_revision.,Blank is permitted only when the field is nullable and the source/value status explains absence.,,0.2.0,,True
provenance,source_file_revision,file_size_bytes,11,BIGINT,True,False,False,,,,,Field file_size_bytes in provenance.source_file_revision.,Blank is permitted only when the field is nullable and the source/value status explains absence.,,0.2.0,,True
provenance,source_file_revision,row_count,12,BIGINT,False,False,False,,,,,Field row_count in provenance.source_file_revision.,Blank is permitted only when the field is nullable and the source/value status explains absence.,,0.2.0,,True
provenance,source_file_revision,sha256,13,VARCHAR,True,False,False,,,,,Field sha256 in provenance.source_file_revision.,Blank is permitted only when the field is nullable and the source/value status explains absence.,,0.2.0,,True
provenance,source_file_revision,source_publication_at,14,TIMESTAMP WITH TIME ZONE,False,False,False,,,,,Field source_publication_at in provenance.source_file_revision.,Blank is permitted only when the field is nullable and the source/value status explains absence.,,0.2.0,,True
provenance,source_file_revision,downloaded_at,15,TIMESTAMP WITH TIME ZONE,True,False,False,,,,,Field downloaded_at in provenance.source_file_revision.,Blank is permitted only when the field is nullable and the source/value status explains absence.,,0.2.0,,True
provenance,source_file_revision,publication_status,16,VARCHAR,True,False,False,,,,,Field publication_status in provenance.source_file_revision.,Blank is permitted only when the field is nullable and the source/value status explains absence.,,0.2.0,,True
provenance,source_file_revision,schema_signature_sha256,17,VARCHAR,False,False,False,,,,,Field schema_signature_sha256 in provenance.source_file_revision.,Blank is permitted only when the field is nullable and the source/value status explains absence.,,0.2.0,,True
provenance,source_file_revision,supersedes_source_revision_id,18,VARCHAR,False,False,False,,,,,Field supersedes_source_revision_id in provenance.source_file_revision.,Blank is permitted only when the field is nullable and the source/value status explains absence.,,0.2.0,,True
provenance,source_file_revision,record_status,19,VARCHAR,True,False,False,,,,,Field record_status in provenance.source_file_revision.,Blank is permitted only when the field is nullable and the source/value status explains absence.,,0.2.0,,True
provenance,source_landing_page,source_landing_page_id,1,VARCHAR,True,True,False,,,,,Field source_landing_page_id in provenance.source_landing_page.,Blank is permitted only when the field is nullable and the source/value status explains absence.,,0.2.0,,True
provenance,source_landing_page,authority_id,2,VARCHAR,True,False,True,control,electoral_authority,authority_id,,Field authority_id in provenance.source_landing_page.,Blank is permitted only when the field is nullable and the source/value status explains absence.,,0.2.0,,True
provenance,source_landing_page,election_id,3,VARCHAR,False,False,True,core,election,election_id,,Field election_id in provenance.source_landing_page.,Blank is permitted only when the field is nullable and the source/value status explains absence.,,0.2.0,,True
provenance,source_landing_page,page_title,4,VARCHAR,False,False,False,,,,,Field page_title in provenance.source_landing_page.,Blank is permitted only when the field is nullable and the source/value status explains absence.,,0.2.0,,True
provenance,source_landing_page,landing_url,5,VARCHAR,True,False,False,,,,,Field landing_url in provenance.source_landing_page.,Blank is permitted only when the field is nullable and the source/value status explains absence.,,0.2.0,,True
provenance,source_landing_page,archive_url,6,VARCHAR,False,False,False,,,,,Field archive_url in provenance.source_landing_page.,Blank is permitted only when the field is nullable and the source/value status explains absence.,,0.2.0,,True
provenance,source_landing_page,first_accessed_at,7,TIMESTAMP WITH TIME ZONE,False,False,False,,,,,Field first_accessed_at in provenance.source_landing_page.,Blank is permitted only when the field is nullable and the source/value status explains absence.,,0.2.0,,True
provenance,source_landing_page,last_verified_at,8,TIMESTAMP WITH TIME ZONE,False,False,False,,,,,Field last_verified_at in provenance.source_landing_page.,Blank is permitted only when the field is nullable and the source/value status explains absence.,,0.2.0,,True
provenance,source_landing_page,availability_status,9,VARCHAR,True,False,False,,,,,Field availability_status in provenance.source_landing_page.,Blank is permitted only when the field is nullable and the source/value status explains absence.,,0.2.0,,True
provenance,source_landing_page,notes,10,VARCHAR,False,False,False,,,,,Field notes in provenance.source_landing_page.,Blank is permitted only when the field is nullable and the source/value status explains absence.,,0.2.0,,True
provenance,transform_run,transform_run_id,1,UUID,True,True,False,,,,,Field transform_run_id in provenance.transform_run.,Blank is permitted only when the field is nullable and the source/value status explains absence.,,0.2.0,,True
provenance,transform_run,import_run_id,2,UUID,True,False,True,provenance,import_run,import_run_id,,Field import_run_id in provenance.transform_run.,Blank is permitted only when the field is nullable and the source/value status explains absence.,,0.2.0,,True
provenance,transform_run,transform_name,3,VARCHAR,True,False,False,,,,,Field transform_name in provenance.transform_run.,Blank is permitted only when the field is nullable and the source/value status explains absence.,,0.2.0,,True
provenance,transform_run,transform_version,4,VARCHAR,True,False,False,,,,,Field transform_version in provenance.transform_run.,Blank is permitted only when the field is nullable and the source/value status explains absence.,,0.2.0,,True
provenance,transform_run,started_at,5,TIMESTAMP WITH TIME ZONE,True,False,False,,,,,Field started_at in provenance.transform_run.,Blank is permitted only when the field is nullable and the source/value status explains absence.,,0.2.0,,True
provenance,transform_run,completed_at,6,TIMESTAMP WITH TIME ZONE,False,False,False,,,,,Field completed_at in provenance.transform_run.,Blank is permitted only when the field is nullable and the source/value status explains absence.,,0.2.0,,True
provenance,transform_run,input_row_count,7,BIGINT,False,False,False,,,,,Field input_row_count in provenance.transform_run.,Blank is permitted only when the field is nullable and the source/value status explains absence.,,0.2.0,,True
provenance,transform_run,output_row_count,8,BIGINT,False,False,False,,,,,Field output_row_count in provenance.transform_run.,Blank is permitted only when the field is nullable and the source/value status explains absence.,,0.2.0,,True
provenance,transform_run,output_hash,9,VARCHAR,False,False,False,,,,,Field output_hash in provenance.transform_run.,Blank is permitted only when the field is nullable and the source/value status explains absence.,,0.2.0,,True
provenance,transform_run,transform_status,10,VARCHAR,True,False,False,,,,,Field transform_status in provenance.transform_run.,Blank is permitted only when the field is nullable and the source/value status explains absence.,,0.2.0,,True
publish,publication_snapshot,publication_snapshot_id,1,UUID,True,True,False,,,,,Field publication_snapshot_id in publish.publication_snapshot.,Blank is permitted only when the field is nullable and the source/value status explains absence.,,0.2.0,,True
publish,publication_snapshot,snapshot_name,2,VARCHAR,True,False,False,,,,,Field snapshot_name in publish.publication_snapshot.,Blank is permitted only when the field is nullable and the source/value status explains absence.,,0.2.0,,True
publish,publication_snapshot,as_of_at,3,TIMESTAMP WITH TIME ZONE,True,False,False,,,,,Field as_of_at in publish.publication_snapshot.,Blank is permitted only when the field is nullable and the source/value status explains absence.,,0.2.0,,True
publish,publication_snapshot,schema_version,4,VARCHAR,True,False,True,control,schema_version,schema_version,,Field schema_version in publish.publication_snapshot.,Blank is permitted only when the field is nullable and the source/value status explains absence.,,0.2.0,,True
publish,publication_snapshot,approval_status,5,VARCHAR,True,False,False,,,,,Field approval_status in publish.publication_snapshot.,Blank is permitted only when the field is nullable and the source/value status explains absence.,,0.2.0,,True
publish,publication_snapshot,approved_at,6,TIMESTAMP WITH TIME ZONE,False,False,False,,,,,Field approved_at in publish.publication_snapshot.,Blank is permitted only when the field is nullable and the source/value status explains absence.,,0.2.0,,True
publish,publication_snapshot,approved_by,7,VARCHAR,False,False,False,,,,,Field approved_by in publish.publication_snapshot.,Blank is permitted only when the field is nullable and the source/value status explains absence.,,0.2.0,,True
publish,publication_snapshot,source_cutoff_description,8,VARCHAR,True,False,False,,,,,Field source_cutoff_description in publish.publication_snapshot.,Blank is permitted only when the field is nullable and the source/value status explains absence.,,0.2.0,,True
publish,publication_snapshot,snapshot_hash,9,VARCHAR,True,False,False,,,,,Field snapshot_hash in publish.publication_snapshot.,Blank is permitted only when the field is nullable and the source/value status explains absence.,,0.2.0,,True
publish,publication_snapshot,notes,10,VARCHAR,False,False,False,,,,,Field notes in publish.publication_snapshot.,Blank is permitted only when the field is nullable and the source/value status explains absence.,,0.2.0,,True
publish,publication_snapshot_source_revision,publication_snapshot_source_revision_id,1,UUID,True,True,False,,,,,Field publication_snapshot_source_revision_id in publish.publication_snapshot_source_revision.,Blank is permitted only when the field is nullable and the source/value status explains absence.,,0.2.0,,True
publish,publication_snapshot_source_revision,publication_snapshot_id,2,UUID,True,False,True,publish,publication_snapshot,publication_snapshot_id,,Field publication_snapshot_id in publish.publication_snapshot_source_revision.,Blank is permitted only when the field is nullable and the source/value status explains absence.,,0.2.0,,True
publish,publication_snapshot_source_revision,source_revision_id,3,VARCHAR,True,False,True,provenance,source_file_revision,source_revision_id,,Field source_revision_id in publish.publication_snapshot_source_revision.,Blank is permitted only when the field is nullable and the source/value status explains absence.,,0.2.0,,True
results,contest_outcome,contest_outcome_id,1,UUID,True,True,False,,,,,Field contest_outcome_id in results.contest_outcome.,Blank is permitted only when the field is nullable and the source/value status explains absence.,,0.2.0,,True
results,contest_outcome,contest_id,2,VARCHAR,True,False,True,core,contest,contest_id,,Field contest_id in results.contest_outcome.,Blank is permitted only when the field is nullable and the source/value status explains absence.,,0.2.0,,True
results,contest_outcome,candidacy_id,3,UUID,False,False,True,core,candidacy,candidacy_id,,Field candidacy_id in results.contest_outcome.,Blank is permitted only when the field is nullable and the source/value status explains absence.,,0.2.0,,True
results,contest_outcome,outcome_type,4,VARCHAR,True,False,False,,,,,Field outcome_type in results.contest_outcome.,Blank is permitted only when the field is nullable and the source/value status explains absence.,,0.2.0,,True
results,contest_outcome,elected_order,5,INTEGER,False,False,False,,,,,Field elected_order in results.contest_outcome.,Blank is permitted only when the field is nullable and the source/value status explains absence.,,0.2.0,,True
results,contest_outcome,declared_at,6,TIMESTAMP WITH TIME ZONE,False,False,False,,,,,Field declared_at in results.contest_outcome.,Blank is permitted only when the field is nullable and the source/value status explains absence.,,0.2.0,,True
results,contest_outcome,publication_status,7,VARCHAR,True,False,False,,,,,Field publication_status in results.contest_outcome.,Blank is permitted only when the field is nullable and the source/value status explains absence.,,0.2.0,,True
results,contest_outcome,source_revision_id,8,VARCHAR,True,False,True,provenance,source_file_revision,source_revision_id,,Field source_revision_id in results.contest_outcome.,Blank is permitted only when the field is nullable and the source/value status explains absence.,,0.2.0,,True
results,contest_outcome,source_locator,9,VARCHAR,True,False,False,,,,,Field source_locator in results.contest_outcome.,Blank is permitted only when the field is nullable and the source/value status explains absence.,,0.2.0,,True
results,contest_outcome,record_status,10,VARCHAR,True,False,False,,,,,Field record_status in results.contest_outcome.,Blank is permitted only when the field is nullable and the source/value status explains absence.,,0.2.0,,True
results,elected_member,elected_member_id,1,UUID,True,True,False,,,,,Field elected_member_id in results.elected_member.,Blank is permitted only when the field is nullable and the source/value status explains absence.,,0.2.0,,True
results,elected_member,contest_outcome_id,2,UUID,True,False,False,,,,,Field contest_outcome_id in results.elected_member.,Blank is permitted only when the field is nullable and the source/value status explains absence.,,0.2.0,,True
results,elected_member,election_id,3,VARCHAR,True,False,True,core,election,election_id,,Field election_id in results.elected_member.,Blank is permitted only when the field is nullable and the source/value status explains absence.,,0.2.0,,True
results,elected_member,contest_id,4,VARCHAR,True,False,True,core,contest,contest_id,,Field contest_id in results.elected_member.,Blank is permitted only when the field is nullable and the source/value status explains absence.,,0.2.0,,True
results,elected_member,candidacy_id,5,UUID,True,False,True,core,candidacy,candidacy_id,,Field candidacy_id in results.elected_member.,Blank is permitted only when the field is nullable and the source/value status explains absence.,,0.2.0,,True
results,elected_member,person_id,6,VARCHAR,False,False,True,sync,person,person_id,,Field person_id in results.elected_member.,Blank is permitted only when the field is nullable and the source/value status explains absence.,,0.2.0,,True
results,elected_member,vacancy_number,7,INTEGER,False,False,False,,,,,Field vacancy_number in results.elected_member.,Blank is permitted only when the field is nullable and the source/value status explains absence.,,0.2.0,,True
results,elected_member,grand_position_promotion_status,8,VARCHAR,True,False,False,,,,,Field grand_position_promotion_status in results.elected_member.,Blank is permitted only when the field is nullable and the source/value status explains absence.,,0.2.0,,True
results,participation_result,participation_result_id,1,UUID,True,True,False,,,,,Field participation_result_id in results.participation_result.,Blank is permitted only when the field is nullable and the source/value status explains absence.,,0.2.0,,True
results,participation_result,election_id,2,VARCHAR,True,False,True,core,election,election_id,,Field election_id in results.participation_result.,Blank is permitted only when the field is nullable and the source/value status explains absence.,,0.2.0,,True
results,participation_result,contest_id,3,VARCHAR,False,False,True,core,contest,contest_id,,Field contest_id in results.participation_result.,Blank is permitted only when the field is nullable and the source/value status explains absence.,,0.2.0,,True
results,participation_result,election_reporting_unit_id,4,UUID,False,False,True,geography,election_reporting_unit,election_reporting_unit_id,,Field election_reporting_unit_id in results.participation_result.,Blank is permitted only when the field is nullable and the source/value status explains absence.,,0.2.0,,True
results,participation_result,vote_type,5,VARCHAR,True,False,False,,,,,Field vote_type in results.participation_result.,Blank is permitted only when the field is nullable and the source/value status explains absence.,,0.2.0,,True
results,participation_result,measure_type,6,VARCHAR,True,False,False,,,,,Field measure_type in results.participation_result.,Blank is permitted only when the field is nullable and the source/value status explains absence.,,0.2.0,,True
results,participation_result,integer_value,7,BIGINT,False,False,False,,,,,Field integer_value in results.participation_result.,Blank is permitted only when the field is nullable and the source/value status explains absence.,,0.2.0,,True
results,participation_result,decimal_value,8,"DECIMAL(38,12)",False,False,False,,,,,Field decimal_value in results.participation_result.,Blank is permitted only when the field is nullable and the source/value status explains absence.,,0.2.0,,True
results,participation_result,value_status,9,VARCHAR,True,False,False,,,,,Field value_status in results.participation_result.,Blank is permitted only when the field is nullable and the source/value status explains absence.,,0.2.0,,True
results,participation_result,value_basis,10,VARCHAR,True,False,False,,,,,Field value_basis in results.participation_result.,Blank is permitted only when the field is nullable and the source/value status explains absence.,,0.2.0,,True
results,participation_result,publication_status,11,VARCHAR,True,False,False,,,,,Field publication_status in results.participation_result.,Blank is permitted only when the field is nullable and the source/value status explains absence.,,0.2.0,,True
results,participation_result,source_revision_id,12,VARCHAR,True,False,True,provenance,source_file_revision,source_revision_id,,Field source_revision_id in results.participation_result.,Blank is permitted only when the field is nullable and the source/value status explains absence.,,0.2.0,,True
results,participation_result,source_locator,13,VARCHAR,True,False,False,,,,,Field source_locator in results.participation_result.,Blank is permitted only when the field is nullable and the source/value status explains absence.,,0.2.0,,True
results,participation_result,import_run_id,14,UUID,False,False,True,provenance,import_run,import_run_id,,Field import_run_id in results.participation_result.,Blank is permitted only when the field is nullable and the source/value status explains absence.,,0.2.0,,True
results,participation_result,record_status,15,VARCHAR,True,False,False,,,,,Field record_status in results.participation_result.,Blank is permitted only when the field is nullable and the source/value status explains absence.,,0.2.0,,True
results,vote_result,vote_result_id,1,UUID,True,True,False,,,,,Field vote_result_id in results.vote_result.,Blank is permitted only when the field is nullable and the source/value status explains absence.,,0.2.0,,True
results,vote_result,election_id,2,VARCHAR,True,False,True,core,election,election_id,,Field election_id in results.vote_result.,Blank is permitted only when the field is nullable and the source/value status explains absence.,,0.2.0,,True
results,vote_result,contest_id,3,VARCHAR,False,False,True,core,contest,contest_id,,Field contest_id in results.vote_result.,Blank is permitted only when the field is nullable and the source/value status explains absence.,,0.2.0,,True
results,vote_result,election_reporting_unit_id,4,UUID,False,False,True,geography,election_reporting_unit,election_reporting_unit_id,,Field election_reporting_unit_id in results.vote_result.,Blank is permitted only when the field is nullable and the source/value status explains absence.,,0.2.0,,True
results,vote_result,subject_type,5,VARCHAR,True,False,False,,,,,Field subject_type in results.vote_result.,Blank is permitted only when the field is nullable and the source/value status explains absence.,,0.2.0,,True
results,vote_result,candidacy_id,6,UUID,False,False,True,core,candidacy,candidacy_id,,Field candidacy_id in results.vote_result.,Blank is permitted only when the field is nullable and the source/value status explains absence.,,0.2.0,,True
results,vote_result,ballot_group_id,7,UUID,False,False,True,core,ballot_group,ballot_group_id,,Field ballot_group_id in results.vote_result.,Blank is permitted only when the field is nullable and the source/value status explains absence.,,0.2.0,,True
results,vote_result,party_id,8,VARCHAR,False,False,True,sync,party,party_id,,Field party_id in results.vote_result.,Blank is permitted only when the field is nullable and the source/value status explains absence.,,0.2.0,,True
results,vote_result,question_option_code,9,VARCHAR,False,False,False,,,,,Field question_option_code in results.vote_result.,Blank is permitted only when the field is nullable and the source/value status explains absence.,,0.2.0,,True
results,vote_result,result_type,10,VARCHAR,True,False,False,,,,,Field result_type in results.vote_result.,Blank is permitted only when the field is nullable and the source/value status explains absence.,,0.2.0,,True
results,vote_result,vote_type,11,VARCHAR,True,False,False,,,,,Field vote_type in results.vote_result.,Blank is permitted only when the field is nullable and the source/value status explains absence.,,0.2.0,,True
results,vote_result,measure_type,12,VARCHAR,True,False,False,,,,,Field measure_type in results.vote_result.,Blank is permitted only when the field is nullable and the source/value status explains absence.,,0.2.0,,True
results,vote_result,integer_value,13,BIGINT,False,False,False,,,,,Field integer_value in results.vote_result.,Blank is permitted only when the field is nullable and the source/value status explains absence.,,0.2.0,,True
results,vote_result,decimal_value,14,"DECIMAL(38,12)",False,False,False,,,,,Field decimal_value in results.vote_result.,Blank is permitted only when the field is nullable and the source/value status explains absence.,,0.2.0,,True
results,vote_result,value_status,15,VARCHAR,True,False,False,,,,,Field value_status in results.vote_result.,Blank is permitted only when the field is nullable and the source/value status explains absence.,,0.2.0,,True
results,vote_result,value_basis,16,VARCHAR,True,False,False,,,,,Field value_basis in results.vote_result.,Blank is permitted only when the field is nullable and the source/value status explains absence.,,0.2.0,,True
results,vote_result,publication_status,17,VARCHAR,True,False,False,,,,,Field publication_status in results.vote_result.,Blank is permitted only when the field is nullable and the source/value status explains absence.,,0.2.0,,True
results,vote_result,source_revision_id,18,VARCHAR,True,False,True,provenance,source_file_revision,source_revision_id,,Field source_revision_id in results.vote_result.,Blank is permitted only when the field is nullable and the source/value status explains absence.,,0.2.0,,True
results,vote_result,source_locator,19,VARCHAR,True,False,False,,,,,Field source_locator in results.vote_result.,Blank is permitted only when the field is nullable and the source/value status explains absence.,,0.2.0,,True
results,vote_result,import_run_id,20,UUID,False,False,True,provenance,import_run,import_run_id,,Field import_run_id in results.vote_result.,Blank is permitted only when the field is nullable and the source/value status explains absence.,,0.2.0,,True
results,vote_result,record_status,21,VARCHAR,True,False,False,,,,,Field record_status in results.vote_result.,Blank is permitted only when the field is nullable and the source/value status explains absence.,,0.2.0,,True
staging,source_record,staging_record_id,1,UUID,True,True,False,,,,,Field staging_record_id in staging.source_record.,Blank is permitted only when the field is nullable and the source/value status explains absence.,,0.2.0,,True
staging,source_record,import_run_id,2,UUID,True,False,True,provenance,import_run,import_run_id,,Field import_run_id in staging.source_record.,Blank is permitted only when the field is nullable and the source/value status explains absence.,,0.2.0,,True
staging,source_record,source_revision_id,3,VARCHAR,True,False,True,provenance,source_file_revision,source_revision_id,,Field source_revision_id in staging.source_record.,Blank is permitted only when the field is nullable and the source/value status explains absence.,,0.2.0,,True
staging,source_record,dataset_key,4,VARCHAR,True,False,False,,,,,Field dataset_key in staging.source_record.,Blank is permitted only when the field is nullable and the source/value status explains absence.,,0.2.0,,True
staging,source_record,source_locator,5,VARCHAR,True,False,False,,,,,Field source_locator in staging.source_record.,Blank is permitted only when the field is nullable and the source/value status explains absence.,,0.2.0,,True
staging,source_record,source_row_number,6,BIGINT,False,False,False,,,,,Field source_row_number in staging.source_record.,Blank is permitted only when the field is nullable and the source/value status explains absence.,,0.2.0,,True
staging,source_record,source_native_json,7,JSON,True,False,False,,,,,Field source_native_json in staging.source_record.,Blank is permitted only when the field is nullable and the source/value status explains absence.,,0.2.0,,True
staging,source_record,mapped_json,8,JSON,False,False,False,,,,,Field mapped_json in staging.source_record.,Blank is permitted only when the field is nullable and the source/value status explains absence.,,0.2.0,,True
staging,source_record,mapping_status,9,VARCHAR,True,False,False,,,,,Field mapping_status in staging.source_record.,Blank is permitted only when the field is nullable and the source/value status explains absence.,,0.2.0,,True
staging,source_record,source_row_hash,10,VARCHAR,True,False,False,,,,,Field source_row_hash in staging.source_record.,Blank is permitted only when the field is nullable and the source/value status explains absence.,,0.2.0,,True
sync,constituency,constituency_id,1,VARCHAR,True,True,False,,,,,Field constituency_id in sync.constituency.,Blank is permitted only when the field is nullable and the source/value status explains absence.,,0.2.0,,True
sync,constituency,constituency_name,2,VARCHAR,True,False,False,,,,,Field constituency_name in sync.constituency.,Blank is permitted only when the field is nullable and the source/value status explains absence.,,0.2.0,,True
sync,constituency,constituency_type,3,VARCHAR,True,False,False,,,,,Field constituency_type in sync.constituency.,Blank is permitted only when the field is nullable and the source/value status explains absence.,,0.2.0,,True
sync,constituency,jurisdiction,4,VARCHAR,True,False,False,,,,,Field jurisdiction in sync.constituency.,Blank is permitted only when the field is nullable and the source/value status explains absence.,,0.2.0,,True
sync,constituency,chamber,5,VARCHAR,False,False,False,,,,,Field chamber in sync.constituency.,Blank is permitted only when the field is nullable and the source/value status explains absence.,,0.2.0,,True
sync,constituency,state_territory,6,VARCHAR,False,False,False,,,,,Field state_territory in sync.constituency.,Blank is permitted only when the field is nullable and the source/value status explains absence.,,0.2.0,,True
sync,constituency,country,7,VARCHAR,False,False,False,,,,,Field country in sync.constituency.,Blank is permitted only when the field is nullable and the source/value status explains absence.,,0.2.0,,True
sync,constituency,election_context,8,VARCHAR,False,False,False,,,,,Field election_context in sync.constituency.,Blank is permitted only when the field is nullable and the source/value status explains absence.,,0.2.0,,True
sync,constituency,boundary_version,9,VARCHAR,False,False,False,,,,,Field boundary_version in sync.constituency.,Blank is permitted only when the field is nullable and the source/value status explains absence.,,0.2.0,,True
sync,constituency,valid_from,10,DATE,False,False,False,,,,,Field valid_from in sync.constituency.,Blank is permitted only when the field is nullable and the source/value status explains absence.,,0.2.0,,True
sync,constituency,valid_to,11,DATE,False,False,False,,,,,Field valid_to in sync.constituency.,Blank is permitted only when the field is nullable and the source/value status explains absence.,,0.2.0,,True
sync,constituency,parent_constituency_id,12,VARCHAR,False,False,True,sync,constituency,constituency_id,,Field parent_constituency_id in sync.constituency.,Blank is permitted only when the field is nullable and the source/value status explains absence.,,0.2.0,,True
sync,constituency,aliases,13,VARCHAR,False,False,False,,,,,Field aliases in sync.constituency.,Blank is permitted only when the field is nullable and the source/value status explains absence.,,0.2.0,,True
sync,constituency,legacy_group_id,14,VARCHAR,False,False,False,,,,,Field legacy_group_id in sync.constituency.,Blank is permitted only when the field is nullable and the source/value status explains absence.,,0.2.0,,True
sync,constituency,source_id,15,VARCHAR,False,False,False,,,,,Field source_id in sync.constituency.,Blank is permitted only when the field is nullable and the source/value status explains absence.,,0.2.0,,True
sync,constituency,source_locator,16,VARCHAR,False,False,False,,,,,Field source_locator in sync.constituency.,Blank is permitted only when the field is nullable and the source/value status explains absence.,,0.2.0,,True
sync,constituency,evidence_status,17,VARCHAR,False,False,False,,,,,Field evidence_status in sync.constituency.,Blank is permitted only when the field is nullable and the source/value status explains absence.,,0.2.0,,True
sync,constituency,record_status,18,VARCHAR,False,False,False,,,,,Field record_status in sync.constituency.,Blank is permitted only when the field is nullable and the source/value status explains absence.,,0.2.0,,True
sync,constituency,audit_status,19,VARCHAR,False,False,False,,,,,Field audit_status in sync.constituency.,Blank is permitted only when the field is nullable and the source/value status explains absence.,,0.2.0,,True
sync,constituency,audited_at,20,TIMESTAMP WITH TIME ZONE,False,False,False,,,,,Field audited_at in sync.constituency.,Blank is permitted only when the field is nullable and the source/value status explains absence.,,0.2.0,,True
sync,constituency,audited_by,21,VARCHAR,False,False,False,,,,,Field audited_by in sync.constituency.,Blank is permitted only when the field is nullable and the source/value status explains absence.,,0.2.0,,True
sync,constituency,superseded_by_constituency_id,22,VARCHAR,False,False,True,sync,constituency,constituency_id,,Field superseded_by_constituency_id in sync.constituency.,Blank is permitted only when the field is nullable and the source/value status explains absence.,,0.2.0,,True
sync,constituency,notes,23,VARCHAR,False,False,False,,,,,Field notes in sync.constituency.,Blank is permitted only when the field is nullable and the source/value status explains absence.,,0.2.0,,True
sync,constituency,official_constituency_code,24,VARCHAR,False,False,False,,,,,Field official_constituency_code in sync.constituency.,Blank is permitted only when the field is nullable and the source/value status explains absence.,,0.2.0,,True
sync,constituency,official_code_status,25,VARCHAR,False,False,False,,,,,Field official_code_status in sync.constituency.,Blank is permitted only when the field is nullable and the source/value status explains absence.,,0.2.0,,True
sync,constituency,source_row_hash,26,VARCHAR,True,False,False,,,,,Field source_row_hash in sync.constituency.,Blank is permitted only when the field is nullable and the source/value status explains absence.,,0.2.0,,True
sync,constituency,grand_synced_at,27,TIMESTAMP WITH TIME ZONE,True,False,False,,,,,Field grand_synced_at in sync.constituency.,Blank is permitted only when the field is nullable and the source/value status explains absence.,,0.2.0,,True
sync,external_identifier,external_identifier_id,1,VARCHAR,True,True,False,,,,,Field external_identifier_id in sync.external_identifier.,Blank is permitted only when the field is nullable and the source/value status explains absence.,,0.2.0,,True
sync,external_identifier,entity_type,2,VARCHAR,True,False,False,,,,,Field entity_type in sync.external_identifier.,Blank is permitted only when the field is nullable and the source/value status explains absence.,,0.2.0,,True
sync,external_identifier,canonical_id,3,VARCHAR,True,False,False,,,,,Field canonical_id in sync.external_identifier.,Blank is permitted only when the field is nullable and the source/value status explains absence.,,0.2.0,,True
sync,external_identifier,authority_id,4,VARCHAR,True,False,True,control,electoral_authority,authority_id,,Field authority_id in sync.external_identifier.,Blank is permitted only when the field is nullable and the source/value status explains absence.,,0.2.0,,True
sync,external_identifier,external_id_type,5,VARCHAR,True,False,False,,,,,Field external_id_type in sync.external_identifier.,Blank is permitted only when the field is nullable and the source/value status explains absence.,,0.2.0,,True
sync,external_identifier,external_id_value,6,VARCHAR,True,False,False,,,,,Field external_id_value in sync.external_identifier.,Blank is permitted only when the field is nullable and the source/value status explains absence.,,0.2.0,,True
sync,external_identifier,valid_from,7,DATE,False,False,False,,,,,Field valid_from in sync.external_identifier.,Blank is permitted only when the field is nullable and the source/value status explains absence.,,0.2.0,,True
sync,external_identifier,valid_to,8,DATE,False,False,False,,,,,Field valid_to in sync.external_identifier.,Blank is permitted only when the field is nullable and the source/value status explains absence.,,0.2.0,,True
sync,external_identifier,source_revision_id,9,VARCHAR,False,False,True,provenance,source_file_revision,source_revision_id,,Field source_revision_id in sync.external_identifier.,Blank is permitted only when the field is nullable and the source/value status explains absence.,,0.2.0,,True
sync,external_identifier,source_locator,10,VARCHAR,False,False,False,,,,,Field source_locator in sync.external_identifier.,Blank is permitted only when the field is nullable and the source/value status explains absence.,,0.2.0,,True
sync,external_identifier,match_status,11,VARCHAR,True,False,False,,,,,Field match_status in sync.external_identifier.,Blank is permitted only when the field is nullable and the source/value status explains absence.,,0.2.0,,True
sync,external_identifier,record_status,12,VARCHAR,True,False,False,,,,,Field record_status in sync.external_identifier.,Blank is permitted only when the field is nullable and the source/value status explains absence.,,0.2.0,,True
sync,party,party_id,1,VARCHAR,True,True,False,,,,,Field party_id in sync.party.,Blank is permitted only when the field is nullable and the source/value status explains absence.,,0.2.0,,True
sync,party,party_name,2,VARCHAR,True,False,False,,,,,Field party_name in sync.party.,Blank is permitted only when the field is nullable and the source/value status explains absence.,,0.2.0,,True
sync,party,short_name,3,VARCHAR,False,False,False,,,,,Field short_name in sync.party.,Blank is permitted only when the field is nullable and the source/value status explains absence.,,0.2.0,,True
sync,party,abbreviation,4,VARCHAR,False,False,False,,,,,Field abbreviation in sync.party.,Blank is permitted only when the field is nullable and the source/value status explains absence.,,0.2.0,,True
sync,party,aliases,5,VARCHAR,False,False,False,,,,,Field aliases in sync.party.,Blank is permitted only when the field is nullable and the source/value status explains absence.,,0.2.0,,True
sync,party,party_family,6,VARCHAR,False,False,False,,,,,Field party_family in sync.party.,Blank is permitted only when the field is nullable and the source/value status explains absence.,,0.2.0,,True
sync,party,colour_hex,7,VARCHAR,False,False,False,,,,,Field colour_hex in sync.party.,Blank is permitted only when the field is nullable and the source/value status explains absence.,,0.2.0,,True
sync,party,jurisdiction,8,VARCHAR,False,False,False,,,,,Field jurisdiction in sync.party.,Blank is permitted only when the field is nullable and the source/value status explains absence.,,0.2.0,,True
sync,party,country,9,VARCHAR,False,False,False,,,,,Field country in sync.party.,Blank is permitted only when the field is nullable and the source/value status explains absence.,,0.2.0,,True
sync,party,active,10,BOOLEAN,False,False,False,,,,,Field active in sync.party.,Blank is permitted only when the field is nullable and the source/value status explains absence.,,0.2.0,,True
sync,party,valid_from,11,DATE,False,False,False,,,,,Field valid_from in sync.party.,Blank is permitted only when the field is nullable and the source/value status explains absence.,,0.2.0,,True
sync,party,valid_to,12,DATE,False,False,False,,,,,Field valid_to in sync.party.,Blank is permitted only when the field is nullable and the source/value status explains absence.,,0.2.0,,True
sync,party,record_status,13,VARCHAR,False,False,False,,,,,Field record_status in sync.party.,Blank is permitted only when the field is nullable and the source/value status explains absence.,,0.2.0,,True
sync,party,audit_status,14,VARCHAR,False,False,False,,,,,Field audit_status in sync.party.,Blank is permitted only when the field is nullable and the source/value status explains absence.,,0.2.0,,True
sync,party,source_row_hash,15,VARCHAR,True,False,False,,,,,Field source_row_hash in sync.party.,Blank is permitted only when the field is nullable and the source/value status explains absence.,,0.2.0,,True
sync,party,grand_synced_at,16,TIMESTAMP WITH TIME ZONE,True,False,False,,,,,Field grand_synced_at in sync.party.,Blank is permitted only when the field is nullable and the source/value status explains absence.,,0.2.0,,True
sync,person,person_id,1,VARCHAR,True,True,False,,,,,Field person_id in sync.person.,Blank is permitted only when the field is nullable and the source/value status explains absence.,,0.2.0,,True
sync,person,full_name,2,VARCHAR,True,False,False,,,,,Field full_name in sync.person.,Blank is permitted only when the field is nullable and the source/value status explains absence.,,0.2.0,,True
sync,person,display_name,3,VARCHAR,False,False,False,,,,,Field display_name in sync.person.,Blank is permitted only when the field is nullable and the source/value status explains absence.,,0.2.0,,True
sync,person,given_names,4,VARCHAR,False,False,False,,,,,Field given_names in sync.person.,Blank is permitted only when the field is nullable and the source/value status explains absence.,,0.2.0,,True
sync,person,family_name,5,VARCHAR,False,False,False,,,,,Field family_name in sync.person.,Blank is permitted only when the field is nullable and the source/value status explains absence.,,0.2.0,,True
sync,person,aliases,6,VARCHAR,False,False,False,,,,,Field aliases in sync.person.,Blank is permitted only when the field is nullable and the source/value status explains absence.,,0.2.0,,True
sync,person,date_of_birth,7,DATE,False,False,False,,,,,Field date_of_birth in sync.person.,Blank is permitted only when the field is nullable and the source/value status explains absence.,,0.2.0,,True
sync,person,country,8,VARCHAR,False,False,False,,,,,Field country in sync.person.,Blank is permitted only when the field is nullable and the source/value status explains absence.,,0.2.0,,True
sync,person,active,9,BOOLEAN,False,False,False,,,,,Field active in sync.person.,Blank is permitted only when the field is nullable and the source/value status explains absence.,,0.2.0,,True
sync,person,record_status,10,VARCHAR,False,False,False,,,,,Field record_status in sync.person.,Blank is permitted only when the field is nullable and the source/value status explains absence.,,0.2.0,,True
sync,person,audit_status,11,VARCHAR,False,False,False,,,,,Field audit_status in sync.person.,Blank is permitted only when the field is nullable and the source/value status explains absence.,,0.2.0,,True
sync,person,source_row_hash,12,VARCHAR,True,False,False,,,,,Field source_row_hash in sync.person.,Blank is permitted only when the field is nullable and the source/value status explains absence.,,0.2.0,,True
sync,person,grand_synced_at,13,TIMESTAMP WITH TIME ZONE,True,False,False,,,,,Field grand_synced_at in sync.person.,Blank is permitted only when the field is nullable and the source/value status explains absence.,,0.2.0,,True
