year,source_key,source_role,authority,chamber,family,acquisition_type,url,destination,required,notes
1901,aph_election,primary,"Parliament of Australia, Parliamentary Handbook",both,historical_structured_results,api_endpoint,https://handbookapi.aph.gov.au/api/Elections/Election?electionId=202,data/raw/aph_handbook/1901/aph_election.json,True,
1901,aph_house_candidates,primary,"Parliament of Australia, Parliamentary Handbook",house,historical_structured_results,api_endpoint,https://handbookapi.aph.gov.au/api/Elections/Candidates?electionId=202,data/raw/aph_handbook/1901/aph_house_candidates.json,True,
1901,aph_house_divisions,primary,"Parliament of Australia, Parliamentary Handbook",house,historical_structured_results,api_endpoint,https://handbookapi.aph.gov.au/api/Elections/Divisions?state=&year=1901,data/raw/aph_handbook/1901/aph_house_divisions.json,True,
1901,aph_house_elected,primary,"Parliament of Australia, Parliamentary Handbook",house,historical_structured_results,api_endpoint,https://handbookapi.aph.gov.au/api/Elections/MembersElected?year=1901,data/raw/aph_handbook/1901/aph_house_elected.json,True,
1901,aph_senate_candidates,primary,"Parliament of Australia, Parliamentary Handbook",senate,historical_structured_results,api_endpoint,https://handbookapi.aph.gov.au/api/Elections/SenateCandidates?year=1901,data/raw/aph_handbook/1901/aph_senate_candidates.json,True,
1901,aph_senate_elected,primary,"Parliament of Australia, Parliamentary Handbook",senate,historical_structured_results,api_endpoint,https://handbookapi.aph.gov.au/api/Elections/SenatorsElected?year=1901,data/raw/aph_handbook/1901/aph_senate_elected.json,True,
1901,aph_senate_state_statistics,primary,"Parliament of Australia, Parliamentary Handbook",senate,historical_structured_results,api_template,https://handbookapi.aph.gov.au/api/Elections/SenateStateStatistics?state={state}&year=1901,data/raw/aph_handbook/1901/aph_senate_state_statistics__template.json,True,"Expand after enumerating states, divisions and polling places from the baseline endpoints."
1901,aph_senate_by_candidate,primary,"Parliament of Australia, Parliamentary Handbook",senate,historical_structured_results,api_template,https://handbookapi.aph.gov.au/api/Elections/SenateByCandidate?state={state}&year=1901,data/raw/aph_handbook/1901/aph_senate_by_candidate__template.json,True,"Expand after enumerating states, divisions and polling places from the baseline endpoints."
1901,aph_senate_by_group,primary,"Parliament of Australia, Parliamentary Handbook",senate,historical_structured_results,api_template,https://handbookapi.aph.gov.au/api/Elections/SenateByGroup?state={state}&year=1901,data/raw/aph_handbook/1901/aph_senate_by_group__template.json,True,"Expand after enumerating states, divisions and polling places from the baseline endpoints."
1901,aph_senate_group_quotas,primary,"Parliament of Australia, Parliamentary Handbook",senate,historical_structured_results,api_template,https://handbookapi.aph.gov.au/api/Elections/SenateGroupQuotas?state={state}&year=1901,data/raw/aph_handbook/1901/aph_senate_group_quotas__template.json,True,"Expand after enumerating states, divisions and polling places from the baseline endpoints."
1901,aph_house_division_statistics,primary,"Parliament of Australia, Parliamentary Handbook",house,historical_structured_results,api_template,https://handbookapi.aph.gov.au/api/Elections/DivisionStatistics?divisionName={division}&year=1901&electionId=202,data/raw/aph_handbook/1901/aph_house_division_statistics__template.json,True,"Expand after enumerating states, divisions and polling places from the baseline endpoints."
1901,aph_house_first_preferences,primary,"Parliament of Australia, Parliamentary Handbook",house,historical_structured_results,api_template,https://handbookapi.aph.gov.au/api/Elections/FirstPreferenceCount?divisionName={division}&year=1901&electionId=202,data/raw/aph_handbook/1901/aph_house_first_preferences__template.json,True,"Expand after enumerating states, divisions and polling places from the baseline endpoints."
1901,aph_house_first_preferences_vote_type,primary,"Parliament of Australia, Parliamentary Handbook",house,historical_structured_results,api_template,https://handbookapi.aph.gov.au/api/Elections/FirstPreferencesByVoteType?divisionName={division}&year=1901&electionId=202,data/raw/aph_handbook/1901/aph_house_first_preferences_vote_type__template.json,True,"Expand after enumerating states, divisions and polling places from the baseline endpoints."
1901,aph_house_polling_places,primary,"Parliament of Australia, Parliamentary Handbook",house,historical_structured_results,api_template,https://handbookapi.aph.gov.au/api/Elections/PollingPlaces?divisionName={division}&year=1901&electionId=202,data/raw/aph_handbook/1901/aph_house_polling_places__template.json,True,"Expand after enumerating states, divisions and polling places from the baseline endpoints."
1901,aph_house_tcp,primary,"Parliament of Australia, Parliamentary Handbook",house,historical_structured_results,api_template,https://handbookapi.aph.gov.au/api/Elections/TwoCandidatePreferred?divisionName={division}&year=1901&electionId=202,data/raw/aph_handbook/1901/aph_house_tcp__template.json,True,"Expand after enumerating states, divisions and polling places from the baseline endpoints."
1901,aph_senate_by_division,primary,"Parliament of Australia, Parliamentary Handbook",senate,historical_structured_results,api_template,https://handbookapi.aph.gov.au/api/Elections/SenateByDivision?division={division}&year=1901,data/raw/aph_handbook/1901/aph_senate_by_division__template.json,True,"Expand after enumerating states, divisions and polling places from the baseline endpoints."
1901,aph_house_first_preferences_polling_place,primary,"Parliament of Australia, Parliamentary Handbook",house,historical_structured_results,api_template,https://handbookapi.aph.gov.au/api/Elections/FirstPreferencesByPollingPlace?pollingPlace={polling_place}&division={division}&year=1901&electionId=202,data/raw/aph_handbook/1901/aph_house_first_preferences_polling_place__template.json,True,"Expand after enumerating states, divisions and polling places from the baseline endpoints."
1901,aph_house_tcp_polling_place,primary,"Parliament of Australia, Parliamentary Handbook",house,historical_structured_results,api_template,https://handbookapi.aph.gov.au/api/Elections/TwoCandidatePreferredByPollingPlace?pollingPlace={polling_place}&division={division}&year=1901&electionId=202,data/raw/aph_handbook/1901/aph_house_tcp_polling_place__template.json,True,"Expand after enumerating states, divisions and polling places from the baseline endpoints."
1901,aph_senate_polling_place,primary,"Parliament of Australia, Parliamentary Handbook",senate,historical_structured_results,api_template,https://handbookapi.aph.gov.au/api/Elections/SenateByPollingPlace?pollingPlace={polling_place}&division={division}&year=1901&electionId=202,data/raw/aph_handbook/1901/aph_senate_polling_place__template.json,True,"Expand after enumerating states, divisions and polling places from the baseline endpoints."
1903,aph_election,primary,"Parliament of Australia, Parliamentary Handbook",both,historical_structured_results,api_endpoint,https://handbookapi.aph.gov.au/api/Elections/Election?electionId=203,data/raw/aph_handbook/1903/aph_election.json,True,
1903,aph_house_candidates,primary,"Parliament of Australia, Parliamentary Handbook",house,historical_structured_results,api_endpoint,https://handbookapi.aph.gov.au/api/Elections/Candidates?electionId=203,data/raw/aph_handbook/1903/aph_house_candidates.json,True,
1903,aph_house_divisions,primary,"Parliament of Australia, Parliamentary Handbook",house,historical_structured_results,api_endpoint,https://handbookapi.aph.gov.au/api/Elections/Divisions?state=&year=1903,data/raw/aph_handbook/1903/aph_house_divisions.json,True,
1903,aph_house_elected,primary,"Parliament of Australia, Parliamentary Handbook",house,historical_structured_results,api_endpoint,https://handbookapi.aph.gov.au/api/Elections/MembersElected?year=1903,data/raw/aph_handbook/1903/aph_house_elected.json,True,
1903,aph_senate_candidates,primary,"Parliament of Australia, Parliamentary Handbook",senate,historical_structured_results,api_endpoint,https://handbookapi.aph.gov.au/api/Elections/SenateCandidates?year=1903,data/raw/aph_handbook/1903/aph_senate_candidates.json,True,
1903,aph_senate_elected,primary,"Parliament of Australia, Parliamentary Handbook",senate,historical_structured_results,api_endpoint,https://handbookapi.aph.gov.au/api/Elections/SenatorsElected?year=1903,data/raw/aph_handbook/1903/aph_senate_elected.json,True,
1903,aph_senate_state_statistics,primary,"Parliament of Australia, Parliamentary Handbook",senate,historical_structured_results,api_template,https://handbookapi.aph.gov.au/api/Elections/SenateStateStatistics?state={state}&year=1903,data/raw/aph_handbook/1903/aph_senate_state_statistics__template.json,True,"Expand after enumerating states, divisions and polling places from the baseline endpoints."
1903,aph_senate_by_candidate,primary,"Parliament of Australia, Parliamentary Handbook",senate,historical_structured_results,api_template,https://handbookapi.aph.gov.au/api/Elections/SenateByCandidate?state={state}&year=1903,data/raw/aph_handbook/1903/aph_senate_by_candidate__template.json,True,"Expand after enumerating states, divisions and polling places from the baseline endpoints."
1903,aph_senate_by_group,primary,"Parliament of Australia, Parliamentary Handbook",senate,historical_structured_results,api_template,https://handbookapi.aph.gov.au/api/Elections/SenateByGroup?state={state}&year=1903,data/raw/aph_handbook/1903/aph_senate_by_group__template.json,True,"Expand after enumerating states, divisions and polling places from the baseline endpoints."
1903,aph_senate_group_quotas,primary,"Parliament of Australia, Parliamentary Handbook",senate,historical_structured_results,api_template,https://handbookapi.aph.gov.au/api/Elections/SenateGroupQuotas?state={state}&year=1903,data/raw/aph_handbook/1903/aph_senate_group_quotas__template.json,True,"Expand after enumerating states, divisions and polling places from the baseline endpoints."
1903,aph_house_division_statistics,primary,"Parliament of Australia, Parliamentary Handbook",house,historical_structured_results,api_template,https://handbookapi.aph.gov.au/api/Elections/DivisionStatistics?divisionName={division}&year=1903&electionId=203,data/raw/aph_handbook/1903/aph_house_division_statistics__template.json,True,"Expand after enumerating states, divisions and polling places from the baseline endpoints."
1903,aph_house_first_preferences,primary,"Parliament of Australia, Parliamentary Handbook",house,historical_structured_results,api_template,https://handbookapi.aph.gov.au/api/Elections/FirstPreferenceCount?divisionName={division}&year=1903&electionId=203,data/raw/aph_handbook/1903/aph_house_first_preferences__template.json,True,"Expand after enumerating states, divisions and polling places from the baseline endpoints."
1903,aph_house_first_preferences_vote_type,primary,"Parliament of Australia, Parliamentary Handbook",house,historical_structured_results,api_template,https://handbookapi.aph.gov.au/api/Elections/FirstPreferencesByVoteType?divisionName={division}&year=1903&electionId=203,data/raw/aph_handbook/1903/aph_house_first_preferences_vote_type__template.json,True,"Expand after enumerating states, divisions and polling places from the baseline endpoints."
1903,aph_house_polling_places,primary,"Parliament of Australia, Parliamentary Handbook",house,historical_structured_results,api_template,https://handbookapi.aph.gov.au/api/Elections/PollingPlaces?divisionName={division}&year=1903&electionId=203,data/raw/aph_handbook/1903/aph_house_polling_places__template.json,True,"Expand after enumerating states, divisions and polling places from the baseline endpoints."
1903,aph_house_tcp,primary,"Parliament of Australia, Parliamentary Handbook",house,historical_structured_results,api_template,https://handbookapi.aph.gov.au/api/Elections/TwoCandidatePreferred?divisionName={division}&year=1903&electionId=203,data/raw/aph_handbook/1903/aph_house_tcp__template.json,True,"Expand after enumerating states, divisions and polling places from the baseline endpoints."
1903,aph_senate_by_division,primary,"Parliament of Australia, Parliamentary Handbook",senate,historical_structured_results,api_template,https://handbookapi.aph.gov.au/api/Elections/SenateByDivision?division={division}&year=1903,data/raw/aph_handbook/1903/aph_senate_by_division__template.json,True,"Expand after enumerating states, divisions and polling places from the baseline endpoints."
1903,aph_house_first_preferences_polling_place,primary,"Parliament of Australia, Parliamentary Handbook",house,historical_structured_results,api_template,https://handbookapi.aph.gov.au/api/Elections/FirstPreferencesByPollingPlace?pollingPlace={polling_place}&division={division}&year=1903&electionId=203,data/raw/aph_handbook/1903/aph_house_first_preferences_polling_place__template.json,True,"Expand after enumerating states, divisions and polling places from the baseline endpoints."
1903,aph_house_tcp_polling_place,primary,"Parliament of Australia, Parliamentary Handbook",house,historical_structured_results,api_template,https://handbookapi.aph.gov.au/api/Elections/TwoCandidatePreferredByPollingPlace?pollingPlace={polling_place}&division={division}&year=1903&electionId=203,data/raw/aph_handbook/1903/aph_house_tcp_polling_place__template.json,True,"Expand after enumerating states, divisions and polling places from the baseline endpoints."
1903,aph_senate_polling_place,primary,"Parliament of Australia, Parliamentary Handbook",senate,historical_structured_results,api_template,https://handbookapi.aph.gov.au/api/Elections/SenateByPollingPlace?pollingPlace={polling_place}&division={division}&year=1903&electionId=203,data/raw/aph_handbook/1903/aph_senate_polling_place__template.json,True,"Expand after enumerating states, divisions and polling places from the baseline endpoints."
1906,aph_election,primary,"Parliament of Australia, Parliamentary Handbook",both,historical_structured_results,api_endpoint,https://handbookapi.aph.gov.au/api/Elections/Election?electionId=204,data/raw/aph_handbook/1906/aph_election.json,True,
1906,aph_house_candidates,primary,"Parliament of Australia, Parliamentary Handbook",house,historical_structured_results,api_endpoint,https://handbookapi.aph.gov.au/api/Elections/Candidates?electionId=204,data/raw/aph_handbook/1906/aph_house_candidates.json,True,
1906,aph_house_divisions,primary,"Parliament of Australia, Parliamentary Handbook",house,historical_structured_results,api_endpoint,https://handbookapi.aph.gov.au/api/Elections/Divisions?state=&year=1906,data/raw/aph_handbook/1906/aph_house_divisions.json,True,
1906,aph_house_elected,primary,"Parliament of Australia, Parliamentary Handbook",house,historical_structured_results,api_endpoint,https://handbookapi.aph.gov.au/api/Elections/MembersElected?year=1906,data/raw/aph_handbook/1906/aph_house_elected.json,True,
1906,aph_senate_candidates,primary,"Parliament of Australia, Parliamentary Handbook",senate,historical_structured_results,api_endpoint,https://handbookapi.aph.gov.au/api/Elections/SenateCandidates?year=1906,data/raw/aph_handbook/1906/aph_senate_candidates.json,True,
1906,aph_senate_elected,primary,"Parliament of Australia, Parliamentary Handbook",senate,historical_structured_results,api_endpoint,https://handbookapi.aph.gov.au/api/Elections/SenatorsElected?year=1906,data/raw/aph_handbook/1906/aph_senate_elected.json,True,
1906,aph_senate_state_statistics,primary,"Parliament of Australia, Parliamentary Handbook",senate,historical_structured_results,api_template,https://handbookapi.aph.gov.au/api/Elections/SenateStateStatistics?state={state}&year=1906,data/raw/aph_handbook/1906/aph_senate_state_statistics__template.json,True,"Expand after enumerating states, divisions and polling places from the baseline endpoints."
1906,aph_senate_by_candidate,primary,"Parliament of Australia, Parliamentary Handbook",senate,historical_structured_results,api_template,https://handbookapi.aph.gov.au/api/Elections/SenateByCandidate?state={state}&year=1906,data/raw/aph_handbook/1906/aph_senate_by_candidate__template.json,True,"Expand after enumerating states, divisions and polling places from the baseline endpoints."
1906,aph_senate_by_group,primary,"Parliament of Australia, Parliamentary Handbook",senate,historical_structured_results,api_template,https://handbookapi.aph.gov.au/api/Elections/SenateByGroup?state={state}&year=1906,data/raw/aph_handbook/1906/aph_senate_by_group__template.json,True,"Expand after enumerating states, divisions and polling places from the baseline endpoints."
1906,aph_senate_group_quotas,primary,"Parliament of Australia, Parliamentary Handbook",senate,historical_structured_results,api_template,https://handbookapi.aph.gov.au/api/Elections/SenateGroupQuotas?state={state}&year=1906,data/raw/aph_handbook/1906/aph_senate_group_quotas__template.json,True,"Expand after enumerating states, divisions and polling places from the baseline endpoints."
1906,aph_house_division_statistics,primary,"Parliament of Australia, Parliamentary Handbook",house,historical_structured_results,api_template,https://handbookapi.aph.gov.au/api/Elections/DivisionStatistics?divisionName={division}&year=1906&electionId=204,data/raw/aph_handbook/1906/aph_house_division_statistics__template.json,True,"Expand after enumerating states, divisions and polling places from the baseline endpoints."
1906,aph_house_first_preferences,primary,"Parliament of Australia, Parliamentary Handbook",house,historical_structured_results,api_template,https://handbookapi.aph.gov.au/api/Elections/FirstPreferenceCount?divisionName={division}&year=1906&electionId=204,data/raw/aph_handbook/1906/aph_house_first_preferences__template.json,True,"Expand after enumerating states, divisions and polling places from the baseline endpoints."
1906,aph_house_first_preferences_vote_type,primary,"Parliament of Australia, Parliamentary Handbook",house,historical_structured_results,api_template,https://handbookapi.aph.gov.au/api/Elections/FirstPreferencesByVoteType?divisionName={division}&year=1906&electionId=204,data/raw/aph_handbook/1906/aph_house_first_preferences_vote_type__template.json,True,"Expand after enumerating states, divisions and polling places from the baseline endpoints."
1906,aph_house_polling_places,primary,"Parliament of Australia, Parliamentary Handbook",house,historical_structured_results,api_template,https://handbookapi.aph.gov.au/api/Elections/PollingPlaces?divisionName={division}&year=1906&electionId=204,data/raw/aph_handbook/1906/aph_house_polling_places__template.json,True,"Expand after enumerating states, divisions and polling places from the baseline endpoints."
1906,aph_house_tcp,primary,"Parliament of Australia, Parliamentary Handbook",house,historical_structured_results,api_template,https://handbookapi.aph.gov.au/api/Elections/TwoCandidatePreferred?divisionName={division}&year=1906&electionId=204,data/raw/aph_handbook/1906/aph_house_tcp__template.json,True,"Expand after enumerating states, divisions and polling places from the baseline endpoints."
1906,aph_senate_by_division,primary,"Parliament of Australia, Parliamentary Handbook",senate,historical_structured_results,api_template,https://handbookapi.aph.gov.au/api/Elections/SenateByDivision?division={division}&year=1906,data/raw/aph_handbook/1906/aph_senate_by_division__template.json,True,"Expand after enumerating states, divisions and polling places from the baseline endpoints."
1906,aph_house_first_preferences_polling_place,primary,"Parliament of Australia, Parliamentary Handbook",house,historical_structured_results,api_template,https://handbookapi.aph.gov.au/api/Elections/FirstPreferencesByPollingPlace?pollingPlace={polling_place}&division={division}&year=1906&electionId=204,data/raw/aph_handbook/1906/aph_house_first_preferences_polling_place__template.json,True,"Expand after enumerating states, divisions and polling places from the baseline endpoints."
1906,aph_house_tcp_polling_place,primary,"Parliament of Australia, Parliamentary Handbook",house,historical_structured_results,api_template,https://handbookapi.aph.gov.au/api/Elections/TwoCandidatePreferredByPollingPlace?pollingPlace={polling_place}&division={division}&year=1906&electionId=204,data/raw/aph_handbook/1906/aph_house_tcp_polling_place__template.json,True,"Expand after enumerating states, divisions and polling places from the baseline endpoints."
1906,aph_senate_polling_place,primary,"Parliament of Australia, Parliamentary Handbook",senate,historical_structured_results,api_template,https://handbookapi.aph.gov.au/api/Elections/SenateByPollingPlace?pollingPlace={polling_place}&division={division}&year=1906&electionId=204,data/raw/aph_handbook/1906/aph_senate_polling_place__template.json,True,"Expand after enumerating states, divisions and polling places from the baseline endpoints."
1910,aph_election,primary,"Parliament of Australia, Parliamentary Handbook",both,historical_structured_results,api_endpoint,https://handbookapi.aph.gov.au/api/Elections/Election?electionId=205,data/raw/aph_handbook/1910/aph_election.json,True,
1910,aph_house_candidates,primary,"Parliament of Australia, Parliamentary Handbook",house,historical_structured_results,api_endpoint,https://handbookapi.aph.gov.au/api/Elections/Candidates?electionId=205,data/raw/aph_handbook/1910/aph_house_candidates.json,True,
1910,aph_house_divisions,primary,"Parliament of Australia, Parliamentary Handbook",house,historical_structured_results,api_endpoint,https://handbookapi.aph.gov.au/api/Elections/Divisions?state=&year=1910,data/raw/aph_handbook/1910/aph_house_divisions.json,True,
1910,aph_house_elected,primary,"Parliament of Australia, Parliamentary Handbook",house,historical_structured_results,api_endpoint,https://handbookapi.aph.gov.au/api/Elections/MembersElected?year=1910,data/raw/aph_handbook/1910/aph_house_elected.json,True,
1910,aph_senate_candidates,primary,"Parliament of Australia, Parliamentary Handbook",senate,historical_structured_results,api_endpoint,https://handbookapi.aph.gov.au/api/Elections/SenateCandidates?year=1910,data/raw/aph_handbook/1910/aph_senate_candidates.json,True,
1910,aph_senate_elected,primary,"Parliament of Australia, Parliamentary Handbook",senate,historical_structured_results,api_endpoint,https://handbookapi.aph.gov.au/api/Elections/SenatorsElected?year=1910,data/raw/aph_handbook/1910/aph_senate_elected.json,True,
1910,aph_senate_state_statistics,primary,"Parliament of Australia, Parliamentary Handbook",senate,historical_structured_results,api_template,https://handbookapi.aph.gov.au/api/Elections/SenateStateStatistics?state={state}&year=1910,data/raw/aph_handbook/1910/aph_senate_state_statistics__template.json,True,"Expand after enumerating states, divisions and polling places from the baseline endpoints."
1910,aph_senate_by_candidate,primary,"Parliament of Australia, Parliamentary Handbook",senate,historical_structured_results,api_template,https://handbookapi.aph.gov.au/api/Elections/SenateByCandidate?state={state}&year=1910,data/raw/aph_handbook/1910/aph_senate_by_candidate__template.json,True,"Expand after enumerating states, divisions and polling places from the baseline endpoints."
1910,aph_senate_by_group,primary,"Parliament of Australia, Parliamentary Handbook",senate,historical_structured_results,api_template,https://handbookapi.aph.gov.au/api/Elections/SenateByGroup?state={state}&year=1910,data/raw/aph_handbook/1910/aph_senate_by_group__template.json,True,"Expand after enumerating states, divisions and polling places from the baseline endpoints."
1910,aph_senate_group_quotas,primary,"Parliament of Australia, Parliamentary Handbook",senate,historical_structured_results,api_template,https://handbookapi.aph.gov.au/api/Elections/SenateGroupQuotas?state={state}&year=1910,data/raw/aph_handbook/1910/aph_senate_group_quotas__template.json,True,"Expand after enumerating states, divisions and polling places from the baseline endpoints."
1910,aph_house_division_statistics,primary,"Parliament of Australia, Parliamentary Handbook",house,historical_structured_results,api_template,https://handbookapi.aph.gov.au/api/Elections/DivisionStatistics?divisionName={division}&year=1910&electionId=205,data/raw/aph_handbook/1910/aph_house_division_statistics__template.json,True,"Expand after enumerating states, divisions and polling places from the baseline endpoints."
1910,aph_house_first_preferences,primary,"Parliament of Australia, Parliamentary Handbook",house,historical_structured_results,api_template,https://handbookapi.aph.gov.au/api/Elections/FirstPreferenceCount?divisionName={division}&year=1910&electionId=205,data/raw/aph_handbook/1910/aph_house_first_preferences__template.json,True,"Expand after enumerating states, divisions and polling places from the baseline endpoints."
1910,aph_house_first_preferences_vote_type,primary,"Parliament of Australia, Parliamentary Handbook",house,historical_structured_results,api_template,https://handbookapi.aph.gov.au/api/Elections/FirstPreferencesByVoteType?divisionName={division}&year=1910&electionId=205,data/raw/aph_handbook/1910/aph_house_first_preferences_vote_type__template.json,True,"Expand after enumerating states, divisions and polling places from the baseline endpoints."
1910,aph_house_polling_places,primary,"Parliament of Australia, Parliamentary Handbook",house,historical_structured_results,api_template,https://handbookapi.aph.gov.au/api/Elections/PollingPlaces?divisionName={division}&year=1910&electionId=205,data/raw/aph_handbook/1910/aph_house_polling_places__template.json,True,"Expand after enumerating states, divisions and polling places from the baseline endpoints."
1910,aph_house_tcp,primary,"Parliament of Australia, Parliamentary Handbook",house,historical_structured_results,api_template,https://handbookapi.aph.gov.au/api/Elections/TwoCandidatePreferred?divisionName={division}&year=1910&electionId=205,data/raw/aph_handbook/1910/aph_house_tcp__template.json,True,"Expand after enumerating states, divisions and polling places from the baseline endpoints."
1910,aph_senate_by_division,primary,"Parliament of Australia, Parliamentary Handbook",senate,historical_structured_results,api_template,https://handbookapi.aph.gov.au/api/Elections/SenateByDivision?division={division}&year=1910,data/raw/aph_handbook/1910/aph_senate_by_division__template.json,True,"Expand after enumerating states, divisions and polling places from the baseline endpoints."
1910,aph_house_first_preferences_polling_place,primary,"Parliament of Australia, Parliamentary Handbook",house,historical_structured_results,api_template,https://handbookapi.aph.gov.au/api/Elections/FirstPreferencesByPollingPlace?pollingPlace={polling_place}&division={division}&year=1910&electionId=205,data/raw/aph_handbook/1910/aph_house_first_preferences_polling_place__template.json,True,"Expand after enumerating states, divisions and polling places from the baseline endpoints."
1910,aph_house_tcp_polling_place,primary,"Parliament of Australia, Parliamentary Handbook",house,historical_structured_results,api_template,https://handbookapi.aph.gov.au/api/Elections/TwoCandidatePreferredByPollingPlace?pollingPlace={polling_place}&division={division}&year=1910&electionId=205,data/raw/aph_handbook/1910/aph_house_tcp_polling_place__template.json,True,"Expand after enumerating states, divisions and polling places from the baseline endpoints."
1910,aph_senate_polling_place,primary,"Parliament of Australia, Parliamentary Handbook",senate,historical_structured_results,api_template,https://handbookapi.aph.gov.au/api/Elections/SenateByPollingPlace?pollingPlace={polling_place}&division={division}&year=1910&electionId=205,data/raw/aph_handbook/1910/aph_senate_polling_place__template.json,True,"Expand after enumerating states, divisions and polling places from the baseline endpoints."
1913,aph_election,primary,"Parliament of Australia, Parliamentary Handbook",both,historical_structured_results,api_endpoint,https://handbookapi.aph.gov.au/api/Elections/Election?electionId=206,data/raw/aph_handbook/1913/aph_election.json,True,
1913,aph_house_candidates,primary,"Parliament of Australia, Parliamentary Handbook",house,historical_structured_results,api_endpoint,https://handbookapi.aph.gov.au/api/Elections/Candidates?electionId=206,data/raw/aph_handbook/1913/aph_house_candidates.json,True,
1913,aph_house_divisions,primary,"Parliament of Australia, Parliamentary Handbook",house,historical_structured_results,api_endpoint,https://handbookapi.aph.gov.au/api/Elections/Divisions?state=&year=1913,data/raw/aph_handbook/1913/aph_house_divisions.json,True,
1913,aph_house_elected,primary,"Parliament of Australia, Parliamentary Handbook",house,historical_structured_results,api_endpoint,https://handbookapi.aph.gov.au/api/Elections/MembersElected?year=1913,data/raw/aph_handbook/1913/aph_house_elected.json,True,
1913,aph_senate_candidates,primary,"Parliament of Australia, Parliamentary Handbook",senate,historical_structured_results,api_endpoint,https://handbookapi.aph.gov.au/api/Elections/SenateCandidates?year=1913,data/raw/aph_handbook/1913/aph_senate_candidates.json,True,
1913,aph_senate_elected,primary,"Parliament of Australia, Parliamentary Handbook",senate,historical_structured_results,api_endpoint,https://handbookapi.aph.gov.au/api/Elections/SenatorsElected?year=1913,data/raw/aph_handbook/1913/aph_senate_elected.json,True,
1913,aph_senate_state_statistics,primary,"Parliament of Australia, Parliamentary Handbook",senate,historical_structured_results,api_template,https://handbookapi.aph.gov.au/api/Elections/SenateStateStatistics?state={state}&year=1913,data/raw/aph_handbook/1913/aph_senate_state_statistics__template.json,True,"Expand after enumerating states, divisions and polling places from the baseline endpoints."
1913,aph_senate_by_candidate,primary,"Parliament of Australia, Parliamentary Handbook",senate,historical_structured_results,api_template,https://handbookapi.aph.gov.au/api/Elections/SenateByCandidate?state={state}&year=1913,data/raw/aph_handbook/1913/aph_senate_by_candidate__template.json,True,"Expand after enumerating states, divisions and polling places from the baseline endpoints."
1913,aph_senate_by_group,primary,"Parliament of Australia, Parliamentary Handbook",senate,historical_structured_results,api_template,https://handbookapi.aph.gov.au/api/Elections/SenateByGroup?state={state}&year=1913,data/raw/aph_handbook/1913/aph_senate_by_group__template.json,True,"Expand after enumerating states, divisions and polling places from the baseline endpoints."
1913,aph_senate_group_quotas,primary,"Parliament of Australia, Parliamentary Handbook",senate,historical_structured_results,api_template,https://handbookapi.aph.gov.au/api/Elections/SenateGroupQuotas?state={state}&year=1913,data/raw/aph_handbook/1913/aph_senate_group_quotas__template.json,True,"Expand after enumerating states, divisions and polling places from the baseline endpoints."
1913,aph_house_division_statistics,primary,"Parliament of Australia, Parliamentary Handbook",house,historical_structured_results,api_template,https://handbookapi.aph.gov.au/api/Elections/DivisionStatistics?divisionName={division}&year=1913&electionId=206,data/raw/aph_handbook/1913/aph_house_division_statistics__template.json,True,"Expand after enumerating states, divisions and polling places from the baseline endpoints."
1913,aph_house_first_preferences,primary,"Parliament of Australia, Parliamentary Handbook",house,historical_structured_results,api_template,https://handbookapi.aph.gov.au/api/Elections/FirstPreferenceCount?divisionName={division}&year=1913&electionId=206,data/raw/aph_handbook/1913/aph_house_first_preferences__template.json,True,"Expand after enumerating states, divisions and polling places from the baseline endpoints."
1913,aph_house_first_preferences_vote_type,primary,"Parliament of Australia, Parliamentary Handbook",house,historical_structured_results,api_template,https://handbookapi.aph.gov.au/api/Elections/FirstPreferencesByVoteType?divisionName={division}&year=1913&electionId=206,data/raw/aph_handbook/1913/aph_house_first_preferences_vote_type__template.json,True,"Expand after enumerating states, divisions and polling places from the baseline endpoints."
1913,aph_house_polling_places,primary,"Parliament of Australia, Parliamentary Handbook",house,historical_structured_results,api_template,https://handbookapi.aph.gov.au/api/Elections/PollingPlaces?divisionName={division}&year=1913&electionId=206,data/raw/aph_handbook/1913/aph_house_polling_places__template.json,True,"Expand after enumerating states, divisions and polling places from the baseline endpoints."
1913,aph_house_tcp,primary,"Parliament of Australia, Parliamentary Handbook",house,historical_structured_results,api_template,https://handbookapi.aph.gov.au/api/Elections/TwoCandidatePreferred?divisionName={division}&year=1913&electionId=206,data/raw/aph_handbook/1913/aph_house_tcp__template.json,True,"Expand after enumerating states, divisions and polling places from the baseline endpoints."
1913,aph_senate_by_division,primary,"Parliament of Australia, Parliamentary Handbook",senate,historical_structured_results,api_template,https://handbookapi.aph.gov.au/api/Elections/SenateByDivision?division={division}&year=1913,data/raw/aph_handbook/1913/aph_senate_by_division__template.json,True,"Expand after enumerating states, divisions and polling places from the baseline endpoints."
1913,aph_house_first_preferences_polling_place,primary,"Parliament of Australia, Parliamentary Handbook",house,historical_structured_results,api_template,https://handbookapi.aph.gov.au/api/Elections/FirstPreferencesByPollingPlace?pollingPlace={polling_place}&division={division}&year=1913&electionId=206,data/raw/aph_handbook/1913/aph_house_first_preferences_polling_place__template.json,True,"Expand after enumerating states, divisions and polling places from the baseline endpoints."
1913,aph_house_tcp_polling_place,primary,"Parliament of Australia, Parliamentary Handbook",house,historical_structured_results,api_template,https://handbookapi.aph.gov.au/api/Elections/TwoCandidatePreferredByPollingPlace?pollingPlace={polling_place}&division={division}&year=1913&electionId=206,data/raw/aph_handbook/1913/aph_house_tcp_polling_place__template.json,True,"Expand after enumerating states, divisions and polling places from the baseline endpoints."
1913,aph_senate_polling_place,primary,"Parliament of Australia, Parliamentary Handbook",senate,historical_structured_results,api_template,https://handbookapi.aph.gov.au/api/Elections/SenateByPollingPlace?pollingPlace={polling_place}&division={division}&year=1913&electionId=206,data/raw/aph_handbook/1913/aph_senate_polling_place__template.json,True,"Expand after enumerating states, divisions and polling places from the baseline endpoints."
1914,aph_election,primary,"Parliament of Australia, Parliamentary Handbook",both,historical_structured_results,api_endpoint,https://handbookapi.aph.gov.au/api/Elections/Election?electionId=207,data/raw/aph_handbook/1914/aph_election.json,True,
1914,aph_house_candidates,primary,"Parliament of Australia, Parliamentary Handbook",house,historical_structured_results,api_endpoint,https://handbookapi.aph.gov.au/api/Elections/Candidates?electionId=207,data/raw/aph_handbook/1914/aph_house_candidates.json,True,
1914,aph_house_divisions,primary,"Parliament of Australia, Parliamentary Handbook",house,historical_structured_results,api_endpoint,https://handbookapi.aph.gov.au/api/Elections/Divisions?state=&year=1914,data/raw/aph_handbook/1914/aph_house_divisions.json,True,
1914,aph_house_elected,primary,"Parliament of Australia, Parliamentary Handbook",house,historical_structured_results,api_endpoint,https://handbookapi.aph.gov.au/api/Elections/MembersElected?year=1914,data/raw/aph_handbook/1914/aph_house_elected.json,True,
1914,aph_senate_candidates,primary,"Parliament of Australia, Parliamentary Handbook",senate,historical_structured_results,api_endpoint,https://handbookapi.aph.gov.au/api/Elections/SenateCandidates?year=1914,data/raw/aph_handbook/1914/aph_senate_candidates.json,True,
1914,aph_senate_elected,primary,"Parliament of Australia, Parliamentary Handbook",senate,historical_structured_results,api_endpoint,https://handbookapi.aph.gov.au/api/Elections/SenatorsElected?year=1914,data/raw/aph_handbook/1914/aph_senate_elected.json,True,
1914,aph_senate_state_statistics,primary,"Parliament of Australia, Parliamentary Handbook",senate,historical_structured_results,api_template,https://handbookapi.aph.gov.au/api/Elections/SenateStateStatistics?state={state}&year=1914,data/raw/aph_handbook/1914/aph_senate_state_statistics__template.json,True,"Expand after enumerating states, divisions and polling places from the baseline endpoints."
1914,aph_senate_by_candidate,primary,"Parliament of Australia, Parliamentary Handbook",senate,historical_structured_results,api_template,https://handbookapi.aph.gov.au/api/Elections/SenateByCandidate?state={state}&year=1914,data/raw/aph_handbook/1914/aph_senate_by_candidate__template.json,True,"Expand after enumerating states, divisions and polling places from the baseline endpoints."
1914,aph_senate_by_group,primary,"Parliament of Australia, Parliamentary Handbook",senate,historical_structured_results,api_template,https://handbookapi.aph.gov.au/api/Elections/SenateByGroup?state={state}&year=1914,data/raw/aph_handbook/1914/aph_senate_by_group__template.json,True,"Expand after enumerating states, divisions and polling places from the baseline endpoints."
1914,aph_senate_group_quotas,primary,"Parliament of Australia, Parliamentary Handbook",senate,historical_structured_results,api_template,https://handbookapi.aph.gov.au/api/Elections/SenateGroupQuotas?state={state}&year=1914,data/raw/aph_handbook/1914/aph_senate_group_quotas__template.json,True,"Expand after enumerating states, divisions and polling places from the baseline endpoints."
1914,aph_house_division_statistics,primary,"Parliament of Australia, Parliamentary Handbook",house,historical_structured_results,api_template,https://handbookapi.aph.gov.au/api/Elections/DivisionStatistics?divisionName={division}&year=1914&electionId=207,data/raw/aph_handbook/1914/aph_house_division_statistics__template.json,True,"Expand after enumerating states, divisions and polling places from the baseline endpoints."
1914,aph_house_first_preferences,primary,"Parliament of Australia, Parliamentary Handbook",house,historical_structured_results,api_template,https://handbookapi.aph.gov.au/api/Elections/FirstPreferenceCount?divisionName={division}&year=1914&electionId=207,data/raw/aph_handbook/1914/aph_house_first_preferences__template.json,True,"Expand after enumerating states, divisions and polling places from the baseline endpoints."
1914,aph_house_first_preferences_vote_type,primary,"Parliament of Australia, Parliamentary Handbook",house,historical_structured_results,api_template,https://handbookapi.aph.gov.au/api/Elections/FirstPreferencesByVoteType?divisionName={division}&year=1914&electionId=207,data/raw/aph_handbook/1914/aph_house_first_preferences_vote_type__template.json,True,"Expand after enumerating states, divisions and polling places from the baseline endpoints."
1914,aph_house_polling_places,primary,"Parliament of Australia, Parliamentary Handbook",house,historical_structured_results,api_template,https://handbookapi.aph.gov.au/api/Elections/PollingPlaces?divisionName={division}&year=1914&electionId=207,data/raw/aph_handbook/1914/aph_house_polling_places__template.json,True,"Expand after enumerating states, divisions and polling places from the baseline endpoints."
1914,aph_house_tcp,primary,"Parliament of Australia, Parliamentary Handbook",house,historical_structured_results,api_template,https://handbookapi.aph.gov.au/api/Elections/TwoCandidatePreferred?divisionName={division}&year=1914&electionId=207,data/raw/aph_handbook/1914/aph_house_tcp__template.json,True,"Expand after enumerating states, divisions and polling places from the baseline endpoints."
1914,aph_senate_by_division,primary,"Parliament of Australia, Parliamentary Handbook",senate,historical_structured_results,api_template,https://handbookapi.aph.gov.au/api/Elections/SenateByDivision?division={division}&year=1914,data/raw/aph_handbook/1914/aph_senate_by_division__template.json,True,"Expand after enumerating states, divisions and polling places from the baseline endpoints."
1914,aph_house_first_preferences_polling_place,primary,"Parliament of Australia, Parliamentary Handbook",house,historical_structured_results,api_template,https://handbookapi.aph.gov.au/api/Elections/FirstPreferencesByPollingPlace?pollingPlace={polling_place}&division={division}&year=1914&electionId=207,data/raw/aph_handbook/1914/aph_house_first_preferences_polling_place__template.json,True,"Expand after enumerating states, divisions and polling places from the baseline endpoints."
1914,aph_house_tcp_polling_place,primary,"Parliament of Australia, Parliamentary Handbook",house,historical_structured_results,api_template,https://handbookapi.aph.gov.au/api/Elections/TwoCandidatePreferredByPollingPlace?pollingPlace={polling_place}&division={division}&year=1914&electionId=207,data/raw/aph_handbook/1914/aph_house_tcp_polling_place__template.json,True,"Expand after enumerating states, divisions and polling places from the baseline endpoints."
1914,aph_senate_polling_place,primary,"Parliament of Australia, Parliamentary Handbook",senate,historical_structured_results,api_template,https://handbookapi.aph.gov.au/api/Elections/SenateByPollingPlace?pollingPlace={polling_place}&division={division}&year=1914&electionId=207,data/raw/aph_handbook/1914/aph_senate_polling_place__template.json,True,"Expand after enumerating states, divisions and polling places from the baseline endpoints."
1917,aph_election,primary,"Parliament of Australia, Parliamentary Handbook",both,historical_structured_results,api_endpoint,https://handbookapi.aph.gov.au/api/Elections/Election?electionId=208,data/raw/aph_handbook/1917/aph_election.json,True,
1917,aph_house_candidates,primary,"Parliament of Australia, Parliamentary Handbook",house,historical_structured_results,api_endpoint,https://handbookapi.aph.gov.au/api/Elections/Candidates?electionId=208,data/raw/aph_handbook/1917/aph_house_candidates.json,True,
1917,aph_house_divisions,primary,"Parliament of Australia, Parliamentary Handbook",house,historical_structured_results,api_endpoint,https://handbookapi.aph.gov.au/api/Elections/Divisions?state=&year=1917,data/raw/aph_handbook/1917/aph_house_divisions.json,True,
1917,aph_house_elected,primary,"Parliament of Australia, Parliamentary Handbook",house,historical_structured_results,api_endpoint,https://handbookapi.aph.gov.au/api/Elections/MembersElected?year=1917,data/raw/aph_handbook/1917/aph_house_elected.json,True,
1917,aph_senate_candidates,primary,"Parliament of Australia, Parliamentary Handbook",senate,historical_structured_results,api_endpoint,https://handbookapi.aph.gov.au/api/Elections/SenateCandidates?year=1917,data/raw/aph_handbook/1917/aph_senate_candidates.json,True,
1917,aph_senate_elected,primary,"Parliament of Australia, Parliamentary Handbook",senate,historical_structured_results,api_endpoint,https://handbookapi.aph.gov.au/api/Elections/SenatorsElected?year=1917,data/raw/aph_handbook/1917/aph_senate_elected.json,True,
1917,aph_senate_state_statistics,primary,"Parliament of Australia, Parliamentary Handbook",senate,historical_structured_results,api_template,https://handbookapi.aph.gov.au/api/Elections/SenateStateStatistics?state={state}&year=1917,data/raw/aph_handbook/1917/aph_senate_state_statistics__template.json,True,"Expand after enumerating states, divisions and polling places from the baseline endpoints."
1917,aph_senate_by_candidate,primary,"Parliament of Australia, Parliamentary Handbook",senate,historical_structured_results,api_template,https://handbookapi.aph.gov.au/api/Elections/SenateByCandidate?state={state}&year=1917,data/raw/aph_handbook/1917/aph_senate_by_candidate__template.json,True,"Expand after enumerating states, divisions and polling places from the baseline endpoints."
1917,aph_senate_by_group,primary,"Parliament of Australia, Parliamentary Handbook",senate,historical_structured_results,api_template,https://handbookapi.aph.gov.au/api/Elections/SenateByGroup?state={state}&year=1917,data/raw/aph_handbook/1917/aph_senate_by_group__template.json,True,"Expand after enumerating states, divisions and polling places from the baseline endpoints."
1917,aph_senate_group_quotas,primary,"Parliament of Australia, Parliamentary Handbook",senate,historical_structured_results,api_template,https://handbookapi.aph.gov.au/api/Elections/SenateGroupQuotas?state={state}&year=1917,data/raw/aph_handbook/1917/aph_senate_group_quotas__template.json,True,"Expand after enumerating states, divisions and polling places from the baseline endpoints."
1917,aph_house_division_statistics,primary,"Parliament of Australia, Parliamentary Handbook",house,historical_structured_results,api_template,https://handbookapi.aph.gov.au/api/Elections/DivisionStatistics?divisionName={division}&year=1917&electionId=208,data/raw/aph_handbook/1917/aph_house_division_statistics__template.json,True,"Expand after enumerating states, divisions and polling places from the baseline endpoints."
1917,aph_house_first_preferences,primary,"Parliament of Australia, Parliamentary Handbook",house,historical_structured_results,api_template,https://handbookapi.aph.gov.au/api/Elections/FirstPreferenceCount?divisionName={division}&year=1917&electionId=208,data/raw/aph_handbook/1917/aph_house_first_preferences__template.json,True,"Expand after enumerating states, divisions and polling places from the baseline endpoints."
1917,aph_house_first_preferences_vote_type,primary,"Parliament of Australia, Parliamentary Handbook",house,historical_structured_results,api_template,https://handbookapi.aph.gov.au/api/Elections/FirstPreferencesByVoteType?divisionName={division}&year=1917&electionId=208,data/raw/aph_handbook/1917/aph_house_first_preferences_vote_type__template.json,True,"Expand after enumerating states, divisions and polling places from the baseline endpoints."
1917,aph_house_polling_places,primary,"Parliament of Australia, Parliamentary Handbook",house,historical_structured_results,api_template,https://handbookapi.aph.gov.au/api/Elections/PollingPlaces?divisionName={division}&year=1917&electionId=208,data/raw/aph_handbook/1917/aph_house_polling_places__template.json,True,"Expand after enumerating states, divisions and polling places from the baseline endpoints."
1917,aph_house_tcp,primary,"Parliament of Australia, Parliamentary Handbook",house,historical_structured_results,api_template,https://handbookapi.aph.gov.au/api/Elections/TwoCandidatePreferred?divisionName={division}&year=1917&electionId=208,data/raw/aph_handbook/1917/aph_house_tcp__template.json,True,"Expand after enumerating states, divisions and polling places from the baseline endpoints."
1917,aph_senate_by_division,primary,"Parliament of Australia, Parliamentary Handbook",senate,historical_structured_results,api_template,https://handbookapi.aph.gov.au/api/Elections/SenateByDivision?division={division}&year=1917,data/raw/aph_handbook/1917/aph_senate_by_division__template.json,True,"Expand after enumerating states, divisions and polling places from the baseline endpoints."
1917,aph_house_first_preferences_polling_place,primary,"Parliament of Australia, Parliamentary Handbook",house,historical_structured_results,api_template,https://handbookapi.aph.gov.au/api/Elections/FirstPreferencesByPollingPlace?pollingPlace={polling_place}&division={division}&year=1917&electionId=208,data/raw/aph_handbook/1917/aph_house_first_preferences_polling_place__template.json,True,"Expand after enumerating states, divisions and polling places from the baseline endpoints."
1917,aph_house_tcp_polling_place,primary,"Parliament of Australia, Parliamentary Handbook",house,historical_structured_results,api_template,https://handbookapi.aph.gov.au/api/Elections/TwoCandidatePreferredByPollingPlace?pollingPlace={polling_place}&division={division}&year=1917&electionId=208,data/raw/aph_handbook/1917/aph_house_tcp_polling_place__template.json,True,"Expand after enumerating states, divisions and polling places from the baseline endpoints."
1917,aph_senate_polling_place,primary,"Parliament of Australia, Parliamentary Handbook",senate,historical_structured_results,api_template,https://handbookapi.aph.gov.au/api/Elections/SenateByPollingPlace?pollingPlace={polling_place}&division={division}&year=1917&electionId=208,data/raw/aph_handbook/1917/aph_senate_polling_place__template.json,True,"Expand after enumerating states, divisions and polling places from the baseline endpoints."
1919,aph_election,primary,"Parliament of Australia, Parliamentary Handbook",both,historical_structured_results,api_endpoint,https://handbookapi.aph.gov.au/api/Elections/Election?electionId=209,data/raw/aph_handbook/1919/aph_election.json,True,
1919,aph_house_candidates,primary,"Parliament of Australia, Parliamentary Handbook",house,historical_structured_results,api_endpoint,https://handbookapi.aph.gov.au/api/Elections/Candidates?electionId=209,data/raw/aph_handbook/1919/aph_house_candidates.json,True,
1919,aph_house_divisions,primary,"Parliament of Australia, Parliamentary Handbook",house,historical_structured_results,api_endpoint,https://handbookapi.aph.gov.au/api/Elections/Divisions?state=&year=1919,data/raw/aph_handbook/1919/aph_house_divisions.json,True,
1919,aph_house_elected,primary,"Parliament of Australia, Parliamentary Handbook",house,historical_structured_results,api_endpoint,https://handbookapi.aph.gov.au/api/Elections/MembersElected?year=1919,data/raw/aph_handbook/1919/aph_house_elected.json,True,
1919,aph_senate_candidates,primary,"Parliament of Australia, Parliamentary Handbook",senate,historical_structured_results,api_endpoint,https://handbookapi.aph.gov.au/api/Elections/SenateCandidates?year=1919,data/raw/aph_handbook/1919/aph_senate_candidates.json,True,
1919,aph_senate_elected,primary,"Parliament of Australia, Parliamentary Handbook",senate,historical_structured_results,api_endpoint,https://handbookapi.aph.gov.au/api/Elections/SenatorsElected?year=1919,data/raw/aph_handbook/1919/aph_senate_elected.json,True,
1919,aph_senate_state_statistics,primary,"Parliament of Australia, Parliamentary Handbook",senate,historical_structured_results,api_template,https://handbookapi.aph.gov.au/api/Elections/SenateStateStatistics?state={state}&year=1919,data/raw/aph_handbook/1919/aph_senate_state_statistics__template.json,True,"Expand after enumerating states, divisions and polling places from the baseline endpoints."
1919,aph_senate_by_candidate,primary,"Parliament of Australia, Parliamentary Handbook",senate,historical_structured_results,api_template,https://handbookapi.aph.gov.au/api/Elections/SenateByCandidate?state={state}&year=1919,data/raw/aph_handbook/1919/aph_senate_by_candidate__template.json,True,"Expand after enumerating states, divisions and polling places from the baseline endpoints."
1919,aph_senate_by_group,primary,"Parliament of Australia, Parliamentary Handbook",senate,historical_structured_results,api_template,https://handbookapi.aph.gov.au/api/Elections/SenateByGroup?state={state}&year=1919,data/raw/aph_handbook/1919/aph_senate_by_group__template.json,True,"Expand after enumerating states, divisions and polling places from the baseline endpoints."
1919,aph_senate_group_quotas,primary,"Parliament of Australia, Parliamentary Handbook",senate,historical_structured_results,api_template,https://handbookapi.aph.gov.au/api/Elections/SenateGroupQuotas?state={state}&year=1919,data/raw/aph_handbook/1919/aph_senate_group_quotas__template.json,True,"Expand after enumerating states, divisions and polling places from the baseline endpoints."
1919,aph_house_division_statistics,primary,"Parliament of Australia, Parliamentary Handbook",house,historical_structured_results,api_template,https://handbookapi.aph.gov.au/api/Elections/DivisionStatistics?divisionName={division}&year=1919&electionId=209,data/raw/aph_handbook/1919/aph_house_division_statistics__template.json,True,"Expand after enumerating states, divisions and polling places from the baseline endpoints."
1919,aph_house_first_preferences,primary,"Parliament of Australia, Parliamentary Handbook",house,historical_structured_results,api_template,https://handbookapi.aph.gov.au/api/Elections/FirstPreferenceCount?divisionName={division}&year=1919&electionId=209,data/raw/aph_handbook/1919/aph_house_first_preferences__template.json,True,"Expand after enumerating states, divisions and polling places from the baseline endpoints."
1919,aph_house_first_preferences_vote_type,primary,"Parliament of Australia, Parliamentary Handbook",house,historical_structured_results,api_template,https://handbookapi.aph.gov.au/api/Elections/FirstPreferencesByVoteType?divisionName={division}&year=1919&electionId=209,data/raw/aph_handbook/1919/aph_house_first_preferences_vote_type__template.json,True,"Expand after enumerating states, divisions and polling places from the baseline endpoints."
1919,aph_house_polling_places,primary,"Parliament of Australia, Parliamentary Handbook",house,historical_structured_results,api_template,https://handbookapi.aph.gov.au/api/Elections/PollingPlaces?divisionName={division}&year=1919&electionId=209,data/raw/aph_handbook/1919/aph_house_polling_places__template.json,True,"Expand after enumerating states, divisions and polling places from the baseline endpoints."
1919,aph_house_tcp,primary,"Parliament of Australia, Parliamentary Handbook",house,historical_structured_results,api_template,https://handbookapi.aph.gov.au/api/Elections/TwoCandidatePreferred?divisionName={division}&year=1919&electionId=209,data/raw/aph_handbook/1919/aph_house_tcp__template.json,True,"Expand after enumerating states, divisions and polling places from the baseline endpoints."
1919,aph_senate_by_division,primary,"Parliament of Australia, Parliamentary Handbook",senate,historical_structured_results,api_template,https://handbookapi.aph.gov.au/api/Elections/SenateByDivision?division={division}&year=1919,data/raw/aph_handbook/1919/aph_senate_by_division__template.json,True,"Expand after enumerating states, divisions and polling places from the baseline endpoints."
1919,aph_house_first_preferences_polling_place,primary,"Parliament of Australia, Parliamentary Handbook",house,historical_structured_results,api_template,https://handbookapi.aph.gov.au/api/Elections/FirstPreferencesByPollingPlace?pollingPlace={polling_place}&division={division}&year=1919&electionId=209,data/raw/aph_handbook/1919/aph_house_first_preferences_polling_place__template.json,True,"Expand after enumerating states, divisions and polling places from the baseline endpoints."
1919,aph_house_tcp_polling_place,primary,"Parliament of Australia, Parliamentary Handbook",house,historical_structured_results,api_template,https://handbookapi.aph.gov.au/api/Elections/TwoCandidatePreferredByPollingPlace?pollingPlace={polling_place}&division={division}&year=1919&electionId=209,data/raw/aph_handbook/1919/aph_house_tcp_polling_place__template.json,True,"Expand after enumerating states, divisions and polling places from the baseline endpoints."
1919,aph_senate_polling_place,primary,"Parliament of Australia, Parliamentary Handbook",senate,historical_structured_results,api_template,https://handbookapi.aph.gov.au/api/Elections/SenateByPollingPlace?pollingPlace={polling_place}&division={division}&year=1919&electionId=209,data/raw/aph_handbook/1919/aph_senate_polling_place__template.json,True,"Expand after enumerating states, divisions and polling places from the baseline endpoints."
1922,aph_election,primary,"Parliament of Australia, Parliamentary Handbook",both,historical_structured_results,api_endpoint,https://handbookapi.aph.gov.au/api/Elections/Election?electionId=210,data/raw/aph_handbook/1922/aph_election.json,True,
1922,aph_house_candidates,primary,"Parliament of Australia, Parliamentary Handbook",house,historical_structured_results,api_endpoint,https://handbookapi.aph.gov.au/api/Elections/Candidates?electionId=210,data/raw/aph_handbook/1922/aph_house_candidates.json,True,
1922,aph_house_divisions,primary,"Parliament of Australia, Parliamentary Handbook",house,historical_structured_results,api_endpoint,https://handbookapi.aph.gov.au/api/Elections/Divisions?state=&year=1922,data/raw/aph_handbook/1922/aph_house_divisions.json,True,
1922,aph_house_elected,primary,"Parliament of Australia, Parliamentary Handbook",house,historical_structured_results,api_endpoint,https://handbookapi.aph.gov.au/api/Elections/MembersElected?year=1922,data/raw/aph_handbook/1922/aph_house_elected.json,True,
1922,aph_senate_candidates,primary,"Parliament of Australia, Parliamentary Handbook",senate,historical_structured_results,api_endpoint,https://handbookapi.aph.gov.au/api/Elections/SenateCandidates?year=1922,data/raw/aph_handbook/1922/aph_senate_candidates.json,True,
1922,aph_senate_elected,primary,"Parliament of Australia, Parliamentary Handbook",senate,historical_structured_results,api_endpoint,https://handbookapi.aph.gov.au/api/Elections/SenatorsElected?year=1922,data/raw/aph_handbook/1922/aph_senate_elected.json,True,
1922,aph_senate_state_statistics,primary,"Parliament of Australia, Parliamentary Handbook",senate,historical_structured_results,api_template,https://handbookapi.aph.gov.au/api/Elections/SenateStateStatistics?state={state}&year=1922,data/raw/aph_handbook/1922/aph_senate_state_statistics__template.json,True,"Expand after enumerating states, divisions and polling places from the baseline endpoints."
1922,aph_senate_by_candidate,primary,"Parliament of Australia, Parliamentary Handbook",senate,historical_structured_results,api_template,https://handbookapi.aph.gov.au/api/Elections/SenateByCandidate?state={state}&year=1922,data/raw/aph_handbook/1922/aph_senate_by_candidate__template.json,True,"Expand after enumerating states, divisions and polling places from the baseline endpoints."
1922,aph_senate_by_group,primary,"Parliament of Australia, Parliamentary Handbook",senate,historical_structured_results,api_template,https://handbookapi.aph.gov.au/api/Elections/SenateByGroup?state={state}&year=1922,data/raw/aph_handbook/1922/aph_senate_by_group__template.json,True,"Expand after enumerating states, divisions and polling places from the baseline endpoints."
1922,aph_senate_group_quotas,primary,"Parliament of Australia, Parliamentary Handbook",senate,historical_structured_results,api_template,https://handbookapi.aph.gov.au/api/Elections/SenateGroupQuotas?state={state}&year=1922,data/raw/aph_handbook/1922/aph_senate_group_quotas__template.json,True,"Expand after enumerating states, divisions and polling places from the baseline endpoints."
1922,aph_house_division_statistics,primary,"Parliament of Australia, Parliamentary Handbook",house,historical_structured_results,api_template,https://handbookapi.aph.gov.au/api/Elections/DivisionStatistics?divisionName={division}&year=1922&electionId=210,data/raw/aph_handbook/1922/aph_house_division_statistics__template.json,True,"Expand after enumerating states, divisions and polling places from the baseline endpoints."
1922,aph_house_first_preferences,primary,"Parliament of Australia, Parliamentary Handbook",house,historical_structured_results,api_template,https://handbookapi.aph.gov.au/api/Elections/FirstPreferenceCount?divisionName={division}&year=1922&electionId=210,data/raw/aph_handbook/1922/aph_house_first_preferences__template.json,True,"Expand after enumerating states, divisions and polling places from the baseline endpoints."
1922,aph_house_first_preferences_vote_type,primary,"Parliament of Australia, Parliamentary Handbook",house,historical_structured_results,api_template,https://handbookapi.aph.gov.au/api/Elections/FirstPreferencesByVoteType?divisionName={division}&year=1922&electionId=210,data/raw/aph_handbook/1922/aph_house_first_preferences_vote_type__template.json,True,"Expand after enumerating states, divisions and polling places from the baseline endpoints."
1922,aph_house_polling_places,primary,"Parliament of Australia, Parliamentary Handbook",house,historical_structured_results,api_template,https://handbookapi.aph.gov.au/api/Elections/PollingPlaces?divisionName={division}&year=1922&electionId=210,data/raw/aph_handbook/1922/aph_house_polling_places__template.json,True,"Expand after enumerating states, divisions and polling places from the baseline endpoints."
1922,aph_house_tcp,primary,"Parliament of Australia, Parliamentary Handbook",house,historical_structured_results,api_template,https://handbookapi.aph.gov.au/api/Elections/TwoCandidatePreferred?divisionName={division}&year=1922&electionId=210,data/raw/aph_handbook/1922/aph_house_tcp__template.json,True,"Expand after enumerating states, divisions and polling places from the baseline endpoints."
1922,aph_senate_by_division,primary,"Parliament of Australia, Parliamentary Handbook",senate,historical_structured_results,api_template,https://handbookapi.aph.gov.au/api/Elections/SenateByDivision?division={division}&year=1922,data/raw/aph_handbook/1922/aph_senate_by_division__template.json,True,"Expand after enumerating states, divisions and polling places from the baseline endpoints."
1922,aph_house_first_preferences_polling_place,primary,"Parliament of Australia, Parliamentary Handbook",house,historical_structured_results,api_template,https://handbookapi.aph.gov.au/api/Elections/FirstPreferencesByPollingPlace?pollingPlace={polling_place}&division={division}&year=1922&electionId=210,data/raw/aph_handbook/1922/aph_house_first_preferences_polling_place__template.json,True,"Expand after enumerating states, divisions and polling places from the baseline endpoints."
1922,aph_house_tcp_polling_place,primary,"Parliament of Australia, Parliamentary Handbook",house,historical_structured_results,api_template,https://handbookapi.aph.gov.au/api/Elections/TwoCandidatePreferredByPollingPlace?pollingPlace={polling_place}&division={division}&year=1922&electionId=210,data/raw/aph_handbook/1922/aph_house_tcp_polling_place__template.json,True,"Expand after enumerating states, divisions and polling places from the baseline endpoints."
1922,aph_senate_polling_place,primary,"Parliament of Australia, Parliamentary Handbook",senate,historical_structured_results,api_template,https://handbookapi.aph.gov.au/api/Elections/SenateByPollingPlace?pollingPlace={polling_place}&division={division}&year=1922&electionId=210,data/raw/aph_handbook/1922/aph_senate_polling_place__template.json,True,"Expand after enumerating states, divisions and polling places from the baseline endpoints."
1925,aph_election,primary,"Parliament of Australia, Parliamentary Handbook",both,historical_structured_results,api_endpoint,https://handbookapi.aph.gov.au/api/Elections/Election?electionId=211,data/raw/aph_handbook/1925/aph_election.json,True,
1925,aph_house_candidates,primary,"Parliament of Australia, Parliamentary Handbook",house,historical_structured_results,api_endpoint,https://handbookapi.aph.gov.au/api/Elections/Candidates?electionId=211,data/raw/aph_handbook/1925/aph_house_candidates.json,True,
1925,aph_house_divisions,primary,"Parliament of Australia, Parliamentary Handbook",house,historical_structured_results,api_endpoint,https://handbookapi.aph.gov.au/api/Elections/Divisions?state=&year=1925,data/raw/aph_handbook/1925/aph_house_divisions.json,True,
1925,aph_house_elected,primary,"Parliament of Australia, Parliamentary Handbook",house,historical_structured_results,api_endpoint,https://handbookapi.aph.gov.au/api/Elections/MembersElected?year=1925,data/raw/aph_handbook/1925/aph_house_elected.json,True,
1925,aph_senate_candidates,primary,"Parliament of Australia, Parliamentary Handbook",senate,historical_structured_results,api_endpoint,https://handbookapi.aph.gov.au/api/Elections/SenateCandidates?year=1925,data/raw/aph_handbook/1925/aph_senate_candidates.json,True,
1925,aph_senate_elected,primary,"Parliament of Australia, Parliamentary Handbook",senate,historical_structured_results,api_endpoint,https://handbookapi.aph.gov.au/api/Elections/SenatorsElected?year=1925,data/raw/aph_handbook/1925/aph_senate_elected.json,True,
1925,aph_senate_state_statistics,primary,"Parliament of Australia, Parliamentary Handbook",senate,historical_structured_results,api_template,https://handbookapi.aph.gov.au/api/Elections/SenateStateStatistics?state={state}&year=1925,data/raw/aph_handbook/1925/aph_senate_state_statistics__template.json,True,"Expand after enumerating states, divisions and polling places from the baseline endpoints."
1925,aph_senate_by_candidate,primary,"Parliament of Australia, Parliamentary Handbook",senate,historical_structured_results,api_template,https://handbookapi.aph.gov.au/api/Elections/SenateByCandidate?state={state}&year=1925,data/raw/aph_handbook/1925/aph_senate_by_candidate__template.json,True,"Expand after enumerating states, divisions and polling places from the baseline endpoints."
1925,aph_senate_by_group,primary,"Parliament of Australia, Parliamentary Handbook",senate,historical_structured_results,api_template,https://handbookapi.aph.gov.au/api/Elections/SenateByGroup?state={state}&year=1925,data/raw/aph_handbook/1925/aph_senate_by_group__template.json,True,"Expand after enumerating states, divisions and polling places from the baseline endpoints."
1925,aph_senate_group_quotas,primary,"Parliament of Australia, Parliamentary Handbook",senate,historical_structured_results,api_template,https://handbookapi.aph.gov.au/api/Elections/SenateGroupQuotas?state={state}&year=1925,data/raw/aph_handbook/1925/aph_senate_group_quotas__template.json,True,"Expand after enumerating states, divisions and polling places from the baseline endpoints."
1925,aph_house_division_statistics,primary,"Parliament of Australia, Parliamentary Handbook",house,historical_structured_results,api_template,https://handbookapi.aph.gov.au/api/Elections/DivisionStatistics?divisionName={division}&year=1925&electionId=211,data/raw/aph_handbook/1925/aph_house_division_statistics__template.json,True,"Expand after enumerating states, divisions and polling places from the baseline endpoints."
1925,aph_house_first_preferences,primary,"Parliament of Australia, Parliamentary Handbook",house,historical_structured_results,api_template,https://handbookapi.aph.gov.au/api/Elections/FirstPreferenceCount?divisionName={division}&year=1925&electionId=211,data/raw/aph_handbook/1925/aph_house_first_preferences__template.json,True,"Expand after enumerating states, divisions and polling places from the baseline endpoints."
1925,aph_house_first_preferences_vote_type,primary,"Parliament of Australia, Parliamentary Handbook",house,historical_structured_results,api_template,https://handbookapi.aph.gov.au/api/Elections/FirstPreferencesByVoteType?divisionName={division}&year=1925&electionId=211,data/raw/aph_handbook/1925/aph_house_first_preferences_vote_type__template.json,True,"Expand after enumerating states, divisions and polling places from the baseline endpoints."
1925,aph_house_polling_places,primary,"Parliament of Australia, Parliamentary Handbook",house,historical_structured_results,api_template,https://handbookapi.aph.gov.au/api/Elections/PollingPlaces?divisionName={division}&year=1925&electionId=211,data/raw/aph_handbook/1925/aph_house_polling_places__template.json,True,"Expand after enumerating states, divisions and polling places from the baseline endpoints."
1925,aph_house_tcp,primary,"Parliament of Australia, Parliamentary Handbook",house,historical_structured_results,api_template,https://handbookapi.aph.gov.au/api/Elections/TwoCandidatePreferred?divisionName={division}&year=1925&electionId=211,data/raw/aph_handbook/1925/aph_house_tcp__template.json,True,"Expand after enumerating states, divisions and polling places from the baseline endpoints."
1925,aph_senate_by_division,primary,"Parliament of Australia, Parliamentary Handbook",senate,historical_structured_results,api_template,https://handbookapi.aph.gov.au/api/Elections/SenateByDivision?division={division}&year=1925,data/raw/aph_handbook/1925/aph_senate_by_division__template.json,True,"Expand after enumerating states, divisions and polling places from the baseline endpoints."
1925,aph_house_first_preferences_polling_place,primary,"Parliament of Australia, Parliamentary Handbook",house,historical_structured_results,api_template,https://handbookapi.aph.gov.au/api/Elections/FirstPreferencesByPollingPlace?pollingPlace={polling_place}&division={division}&year=1925&electionId=211,data/raw/aph_handbook/1925/aph_house_first_preferences_polling_place__template.json,True,"Expand after enumerating states, divisions and polling places from the baseline endpoints."
1925,aph_house_tcp_polling_place,primary,"Parliament of Australia, Parliamentary Handbook",house,historical_structured_results,api_template,https://handbookapi.aph.gov.au/api/Elections/TwoCandidatePreferredByPollingPlace?pollingPlace={polling_place}&division={division}&year=1925&electionId=211,data/raw/aph_handbook/1925/aph_house_tcp_polling_place__template.json,True,"Expand after enumerating states, divisions and polling places from the baseline endpoints."
1925,aph_senate_polling_place,primary,"Parliament of Australia, Parliamentary Handbook",senate,historical_structured_results,api_template,https://handbookapi.aph.gov.au/api/Elections/SenateByPollingPlace?pollingPlace={polling_place}&division={division}&year=1925&electionId=211,data/raw/aph_handbook/1925/aph_senate_polling_place__template.json,True,"Expand after enumerating states, divisions and polling places from the baseline endpoints."
1928,aph_election,primary,"Parliament of Australia, Parliamentary Handbook",both,historical_structured_results,api_endpoint,https://handbookapi.aph.gov.au/api/Elections/Election?electionId=212,data/raw/aph_handbook/1928/aph_election.json,True,
1928,aph_house_candidates,primary,"Parliament of Australia, Parliamentary Handbook",house,historical_structured_results,api_endpoint,https://handbookapi.aph.gov.au/api/Elections/Candidates?electionId=212,data/raw/aph_handbook/1928/aph_house_candidates.json,True,
1928,aph_house_divisions,primary,"Parliament of Australia, Parliamentary Handbook",house,historical_structured_results,api_endpoint,https://handbookapi.aph.gov.au/api/Elections/Divisions?state=&year=1928,data/raw/aph_handbook/1928/aph_house_divisions.json,True,
1928,aph_house_elected,primary,"Parliament of Australia, Parliamentary Handbook",house,historical_structured_results,api_endpoint,https://handbookapi.aph.gov.au/api/Elections/MembersElected?year=1928,data/raw/aph_handbook/1928/aph_house_elected.json,True,
1928,aph_senate_candidates,primary,"Parliament of Australia, Parliamentary Handbook",senate,historical_structured_results,api_endpoint,https://handbookapi.aph.gov.au/api/Elections/SenateCandidates?year=1928,data/raw/aph_handbook/1928/aph_senate_candidates.json,True,
1928,aph_senate_elected,primary,"Parliament of Australia, Parliamentary Handbook",senate,historical_structured_results,api_endpoint,https://handbookapi.aph.gov.au/api/Elections/SenatorsElected?year=1928,data/raw/aph_handbook/1928/aph_senate_elected.json,True,
1928,aph_senate_state_statistics,primary,"Parliament of Australia, Parliamentary Handbook",senate,historical_structured_results,api_template,https://handbookapi.aph.gov.au/api/Elections/SenateStateStatistics?state={state}&year=1928,data/raw/aph_handbook/1928/aph_senate_state_statistics__template.json,True,"Expand after enumerating states, divisions and polling places from the baseline endpoints."
1928,aph_senate_by_candidate,primary,"Parliament of Australia, Parliamentary Handbook",senate,historical_structured_results,api_template,https://handbookapi.aph.gov.au/api/Elections/SenateByCandidate?state={state}&year=1928,data/raw/aph_handbook/1928/aph_senate_by_candidate__template.json,True,"Expand after enumerating states, divisions and polling places from the baseline endpoints."
1928,aph_senate_by_group,primary,"Parliament of Australia, Parliamentary Handbook",senate,historical_structured_results,api_template,https://handbookapi.aph.gov.au/api/Elections/SenateByGroup?state={state}&year=1928,data/raw/aph_handbook/1928/aph_senate_by_group__template.json,True,"Expand after enumerating states, divisions and polling places from the baseline endpoints."
1928,aph_senate_group_quotas,primary,"Parliament of Australia, Parliamentary Handbook",senate,historical_structured_results,api_template,https://handbookapi.aph.gov.au/api/Elections/SenateGroupQuotas?state={state}&year=1928,data/raw/aph_handbook/1928/aph_senate_group_quotas__template.json,True,"Expand after enumerating states, divisions and polling places from the baseline endpoints."
1928,aph_house_division_statistics,primary,"Parliament of Australia, Parliamentary Handbook",house,historical_structured_results,api_template,https://handbookapi.aph.gov.au/api/Elections/DivisionStatistics?divisionName={division}&year=1928&electionId=212,data/raw/aph_handbook/1928/aph_house_division_statistics__template.json,True,"Expand after enumerating states, divisions and polling places from the baseline endpoints."
1928,aph_house_first_preferences,primary,"Parliament of Australia, Parliamentary Handbook",house,historical_structured_results,api_template,https://handbookapi.aph.gov.au/api/Elections/FirstPreferenceCount?divisionName={division}&year=1928&electionId=212,data/raw/aph_handbook/1928/aph_house_first_preferences__template.json,True,"Expand after enumerating states, divisions and polling places from the baseline endpoints."
1928,aph_house_first_preferences_vote_type,primary,"Parliament of Australia, Parliamentary Handbook",house,historical_structured_results,api_template,https://handbookapi.aph.gov.au/api/Elections/FirstPreferencesByVoteType?divisionName={division}&year=1928&electionId=212,data/raw/aph_handbook/1928/aph_house_first_preferences_vote_type__template.json,True,"Expand after enumerating states, divisions and polling places from the baseline endpoints."
1928,aph_house_polling_places,primary,"Parliament of Australia, Parliamentary Handbook",house,historical_structured_results,api_template,https://handbookapi.aph.gov.au/api/Elections/PollingPlaces?divisionName={division}&year=1928&electionId=212,data/raw/aph_handbook/1928/aph_house_polling_places__template.json,True,"Expand after enumerating states, divisions and polling places from the baseline endpoints."
1928,aph_house_tcp,primary,"Parliament of Australia, Parliamentary Handbook",house,historical_structured_results,api_template,https://handbookapi.aph.gov.au/api/Elections/TwoCandidatePreferred?divisionName={division}&year=1928&electionId=212,data/raw/aph_handbook/1928/aph_house_tcp__template.json,True,"Expand after enumerating states, divisions and polling places from the baseline endpoints."
1928,aph_senate_by_division,primary,"Parliament of Australia, Parliamentary Handbook",senate,historical_structured_results,api_template,https://handbookapi.aph.gov.au/api/Elections/SenateByDivision?division={division}&year=1928,data/raw/aph_handbook/1928/aph_senate_by_division__template.json,True,"Expand after enumerating states, divisions and polling places from the baseline endpoints."
1928,aph_house_first_preferences_polling_place,primary,"Parliament of Australia, Parliamentary Handbook",house,historical_structured_results,api_template,https://handbookapi.aph.gov.au/api/Elections/FirstPreferencesByPollingPlace?pollingPlace={polling_place}&division={division}&year=1928&electionId=212,data/raw/aph_handbook/1928/aph_house_first_preferences_polling_place__template.json,True,"Expand after enumerating states, divisions and polling places from the baseline endpoints."
1928,aph_house_tcp_polling_place,primary,"Parliament of Australia, Parliamentary Handbook",house,historical_structured_results,api_template,https://handbookapi.aph.gov.au/api/Elections/TwoCandidatePreferredByPollingPlace?pollingPlace={polling_place}&division={division}&year=1928&electionId=212,data/raw/aph_handbook/1928/aph_house_tcp_polling_place__template.json,True,"Expand after enumerating states, divisions and polling places from the baseline endpoints."
1928,aph_senate_polling_place,primary,"Parliament of Australia, Parliamentary Handbook",senate,historical_structured_results,api_template,https://handbookapi.aph.gov.au/api/Elections/SenateByPollingPlace?pollingPlace={polling_place}&division={division}&year=1928&electionId=212,data/raw/aph_handbook/1928/aph_senate_polling_place__template.json,True,"Expand after enumerating states, divisions and polling places from the baseline endpoints."
1929,aph_election,primary,"Parliament of Australia, Parliamentary Handbook",both,historical_structured_results,api_endpoint,https://handbookapi.aph.gov.au/api/Elections/Election?electionId=213,data/raw/aph_handbook/1929/aph_election.json,True,
1929,aph_house_candidates,primary,"Parliament of Australia, Parliamentary Handbook",house,historical_structured_results,api_endpoint,https://handbookapi.aph.gov.au/api/Elections/Candidates?electionId=213,data/raw/aph_handbook/1929/aph_house_candidates.json,True,
1929,aph_house_divisions,primary,"Parliament of Australia, Parliamentary Handbook",house,historical_structured_results,api_endpoint,https://handbookapi.aph.gov.au/api/Elections/Divisions?state=&year=1929,data/raw/aph_handbook/1929/aph_house_divisions.json,True,
1929,aph_house_elected,primary,"Parliament of Australia, Parliamentary Handbook",house,historical_structured_results,api_endpoint,https://handbookapi.aph.gov.au/api/Elections/MembersElected?year=1929,data/raw/aph_handbook/1929/aph_house_elected.json,True,
1929,aph_house_division_statistics,primary,"Parliament of Australia, Parliamentary Handbook",house,historical_structured_results,api_template,https://handbookapi.aph.gov.au/api/Elections/DivisionStatistics?divisionName={division}&year=1929&electionId=213,data/raw/aph_handbook/1929/aph_house_division_statistics__template.json,True,"Expand after enumerating states, divisions and polling places from the baseline endpoints."
1929,aph_house_first_preferences,primary,"Parliament of Australia, Parliamentary Handbook",house,historical_structured_results,api_template,https://handbookapi.aph.gov.au/api/Elections/FirstPreferenceCount?divisionName={division}&year=1929&electionId=213,data/raw/aph_handbook/1929/aph_house_first_preferences__template.json,True,"Expand after enumerating states, divisions and polling places from the baseline endpoints."
1929,aph_house_first_preferences_vote_type,primary,"Parliament of Australia, Parliamentary Handbook",house,historical_structured_results,api_template,https://handbookapi.aph.gov.au/api/Elections/FirstPreferencesByVoteType?divisionName={division}&year=1929&electionId=213,data/raw/aph_handbook/1929/aph_house_first_preferences_vote_type__template.json,True,"Expand after enumerating states, divisions and polling places from the baseline endpoints."
1929,aph_house_polling_places,primary,"Parliament of Australia, Parliamentary Handbook",house,historical_structured_results,api_template,https://handbookapi.aph.gov.au/api/Elections/PollingPlaces?divisionName={division}&year=1929&electionId=213,data/raw/aph_handbook/1929/aph_house_polling_places__template.json,True,"Expand after enumerating states, divisions and polling places from the baseline endpoints."
1929,aph_house_tcp,primary,"Parliament of Australia, Parliamentary Handbook",house,historical_structured_results,api_template,https://handbookapi.aph.gov.au/api/Elections/TwoCandidatePreferred?divisionName={division}&year=1929&electionId=213,data/raw/aph_handbook/1929/aph_house_tcp__template.json,True,"Expand after enumerating states, divisions and polling places from the baseline endpoints."
1929,aph_house_first_preferences_polling_place,primary,"Parliament of Australia, Parliamentary Handbook",house,historical_structured_results,api_template,https://handbookapi.aph.gov.au/api/Elections/FirstPreferencesByPollingPlace?pollingPlace={polling_place}&division={division}&year=1929&electionId=213,data/raw/aph_handbook/1929/aph_house_first_preferences_polling_place__template.json,True,"Expand after enumerating states, divisions and polling places from the baseline endpoints."
1929,aph_house_tcp_polling_place,primary,"Parliament of Australia, Parliamentary Handbook",house,historical_structured_results,api_template,https://handbookapi.aph.gov.au/api/Elections/TwoCandidatePreferredByPollingPlace?pollingPlace={polling_place}&division={division}&year=1929&electionId=213,data/raw/aph_handbook/1929/aph_house_tcp_polling_place__template.json,True,"Expand after enumerating states, divisions and polling places from the baseline endpoints."
1931,aph_election,primary,"Parliament of Australia, Parliamentary Handbook",both,historical_structured_results,api_endpoint,https://handbookapi.aph.gov.au/api/Elections/Election?electionId=214,data/raw/aph_handbook/1931/aph_election.json,True,
1931,aph_house_candidates,primary,"Parliament of Australia, Parliamentary Handbook",house,historical_structured_results,api_endpoint,https://handbookapi.aph.gov.au/api/Elections/Candidates?electionId=214,data/raw/aph_handbook/1931/aph_house_candidates.json,True,
1931,aph_house_divisions,primary,"Parliament of Australia, Parliamentary Handbook",house,historical_structured_results,api_endpoint,https://handbookapi.aph.gov.au/api/Elections/Divisions?state=&year=1931,data/raw/aph_handbook/1931/aph_house_divisions.json,True,
1931,aph_house_elected,primary,"Parliament of Australia, Parliamentary Handbook",house,historical_structured_results,api_endpoint,https://handbookapi.aph.gov.au/api/Elections/MembersElected?year=1931,data/raw/aph_handbook/1931/aph_house_elected.json,True,
1931,aph_senate_candidates,primary,"Parliament of Australia, Parliamentary Handbook",senate,historical_structured_results,api_endpoint,https://handbookapi.aph.gov.au/api/Elections/SenateCandidates?year=1931,data/raw/aph_handbook/1931/aph_senate_candidates.json,True,
1931,aph_senate_elected,primary,"Parliament of Australia, Parliamentary Handbook",senate,historical_structured_results,api_endpoint,https://handbookapi.aph.gov.au/api/Elections/SenatorsElected?year=1931,data/raw/aph_handbook/1931/aph_senate_elected.json,True,
1931,aph_senate_state_statistics,primary,"Parliament of Australia, Parliamentary Handbook",senate,historical_structured_results,api_template,https://handbookapi.aph.gov.au/api/Elections/SenateStateStatistics?state={state}&year=1931,data/raw/aph_handbook/1931/aph_senate_state_statistics__template.json,True,"Expand after enumerating states, divisions and polling places from the baseline endpoints."
1931,aph_senate_by_candidate,primary,"Parliament of Australia, Parliamentary Handbook",senate,historical_structured_results,api_template,https://handbookapi.aph.gov.au/api/Elections/SenateByCandidate?state={state}&year=1931,data/raw/aph_handbook/1931/aph_senate_by_candidate__template.json,True,"Expand after enumerating states, divisions and polling places from the baseline endpoints."
1931,aph_senate_by_group,primary,"Parliament of Australia, Parliamentary Handbook",senate,historical_structured_results,api_template,https://handbookapi.aph.gov.au/api/Elections/SenateByGroup?state={state}&year=1931,data/raw/aph_handbook/1931/aph_senate_by_group__template.json,True,"Expand after enumerating states, divisions and polling places from the baseline endpoints."
1931,aph_senate_group_quotas,primary,"Parliament of Australia, Parliamentary Handbook",senate,historical_structured_results,api_template,https://handbookapi.aph.gov.au/api/Elections/SenateGroupQuotas?state={state}&year=1931,data/raw/aph_handbook/1931/aph_senate_group_quotas__template.json,True,"Expand after enumerating states, divisions and polling places from the baseline endpoints."
1931,aph_house_division_statistics,primary,"Parliament of Australia, Parliamentary Handbook",house,historical_structured_results,api_template,https://handbookapi.aph.gov.au/api/Elections/DivisionStatistics?divisionName={division}&year=1931&electionId=214,data/raw/aph_handbook/1931/aph_house_division_statistics__template.json,True,"Expand after enumerating states, divisions and polling places from the baseline endpoints."
1931,aph_house_first_preferences,primary,"Parliament of Australia, Parliamentary Handbook",house,historical_structured_results,api_template,https://handbookapi.aph.gov.au/api/Elections/FirstPreferenceCount?divisionName={division}&year=1931&electionId=214,data/raw/aph_handbook/1931/aph_house_first_preferences__template.json,True,"Expand after enumerating states, divisions and polling places from the baseline endpoints."
1931,aph_house_first_preferences_vote_type,primary,"Parliament of Australia, Parliamentary Handbook",house,historical_structured_results,api_template,https://handbookapi.aph.gov.au/api/Elections/FirstPreferencesByVoteType?divisionName={division}&year=1931&electionId=214,data/raw/aph_handbook/1931/aph_house_first_preferences_vote_type__template.json,True,"Expand after enumerating states, divisions and polling places from the baseline endpoints."
1931,aph_house_polling_places,primary,"Parliament of Australia, Parliamentary Handbook",house,historical_structured_results,api_template,https://handbookapi.aph.gov.au/api/Elections/PollingPlaces?divisionName={division}&year=1931&electionId=214,data/raw/aph_handbook/1931/aph_house_polling_places__template.json,True,"Expand after enumerating states, divisions and polling places from the baseline endpoints."
1931,aph_house_tcp,primary,"Parliament of Australia, Parliamentary Handbook",house,historical_structured_results,api_template,https://handbookapi.aph.gov.au/api/Elections/TwoCandidatePreferred?divisionName={division}&year=1931&electionId=214,data/raw/aph_handbook/1931/aph_house_tcp__template.json,True,"Expand after enumerating states, divisions and polling places from the baseline endpoints."
1931,aph_senate_by_division,primary,"Parliament of Australia, Parliamentary Handbook",senate,historical_structured_results,api_template,https://handbookapi.aph.gov.au/api/Elections/SenateByDivision?division={division}&year=1931,data/raw/aph_handbook/1931/aph_senate_by_division__template.json,True,"Expand after enumerating states, divisions and polling places from the baseline endpoints."
1931,aph_house_first_preferences_polling_place,primary,"Parliament of Australia, Parliamentary Handbook",house,historical_structured_results,api_template,https://handbookapi.aph.gov.au/api/Elections/FirstPreferencesByPollingPlace?pollingPlace={polling_place}&division={division}&year=1931&electionId=214,data/raw/aph_handbook/1931/aph_house_first_preferences_polling_place__template.json,True,"Expand after enumerating states, divisions and polling places from the baseline endpoints."
1931,aph_house_tcp_polling_place,primary,"Parliament of Australia, Parliamentary Handbook",house,historical_structured_results,api_template,https://handbookapi.aph.gov.au/api/Elections/TwoCandidatePreferredByPollingPlace?pollingPlace={polling_place}&division={division}&year=1931&electionId=214,data/raw/aph_handbook/1931/aph_house_tcp_polling_place__template.json,True,"Expand after enumerating states, divisions and polling places from the baseline endpoints."
1931,aph_senate_polling_place,primary,"Parliament of Australia, Parliamentary Handbook",senate,historical_structured_results,api_template,https://handbookapi.aph.gov.au/api/Elections/SenateByPollingPlace?pollingPlace={polling_place}&division={division}&year=1931&electionId=214,data/raw/aph_handbook/1931/aph_senate_polling_place__template.json,True,"Expand after enumerating states, divisions and polling places from the baseline endpoints."
1934,aph_election,primary,"Parliament of Australia, Parliamentary Handbook",both,historical_structured_results,api_endpoint,https://handbookapi.aph.gov.au/api/Elections/Election?electionId=215,data/raw/aph_handbook/1934/aph_election.json,True,
1934,aph_house_candidates,primary,"Parliament of Australia, Parliamentary Handbook",house,historical_structured_results,api_endpoint,https://handbookapi.aph.gov.au/api/Elections/Candidates?electionId=215,data/raw/aph_handbook/1934/aph_house_candidates.json,True,
1934,aph_house_divisions,primary,"Parliament of Australia, Parliamentary Handbook",house,historical_structured_results,api_endpoint,https://handbookapi.aph.gov.au/api/Elections/Divisions?state=&year=1934,data/raw/aph_handbook/1934/aph_house_divisions.json,True,
1934,aph_house_elected,primary,"Parliament of Australia, Parliamentary Handbook",house,historical_structured_results,api_endpoint,https://handbookapi.aph.gov.au/api/Elections/MembersElected?year=1934,data/raw/aph_handbook/1934/aph_house_elected.json,True,
1934,aph_senate_candidates,primary,"Parliament of Australia, Parliamentary Handbook",senate,historical_structured_results,api_endpoint,https://handbookapi.aph.gov.au/api/Elections/SenateCandidates?year=1934,data/raw/aph_handbook/1934/aph_senate_candidates.json,True,
1934,aph_senate_elected,primary,"Parliament of Australia, Parliamentary Handbook",senate,historical_structured_results,api_endpoint,https://handbookapi.aph.gov.au/api/Elections/SenatorsElected?year=1934,data/raw/aph_handbook/1934/aph_senate_elected.json,True,
1934,aph_senate_state_statistics,primary,"Parliament of Australia, Parliamentary Handbook",senate,historical_structured_results,api_template,https://handbookapi.aph.gov.au/api/Elections/SenateStateStatistics?state={state}&year=1934,data/raw/aph_handbook/1934/aph_senate_state_statistics__template.json,True,"Expand after enumerating states, divisions and polling places from the baseline endpoints."
1934,aph_senate_by_candidate,primary,"Parliament of Australia, Parliamentary Handbook",senate,historical_structured_results,api_template,https://handbookapi.aph.gov.au/api/Elections/SenateByCandidate?state={state}&year=1934,data/raw/aph_handbook/1934/aph_senate_by_candidate__template.json,True,"Expand after enumerating states, divisions and polling places from the baseline endpoints."
1934,aph_senate_by_group,primary,"Parliament of Australia, Parliamentary Handbook",senate,historical_structured_results,api_template,https://handbookapi.aph.gov.au/api/Elections/SenateByGroup?state={state}&year=1934,data/raw/aph_handbook/1934/aph_senate_by_group__template.json,True,"Expand after enumerating states, divisions and polling places from the baseline endpoints."
1934,aph_senate_group_quotas,primary,"Parliament of Australia, Parliamentary Handbook",senate,historical_structured_results,api_template,https://handbookapi.aph.gov.au/api/Elections/SenateGroupQuotas?state={state}&year=1934,data/raw/aph_handbook/1934/aph_senate_group_quotas__template.json,True,"Expand after enumerating states, divisions and polling places from the baseline endpoints."
1934,aph_house_division_statistics,primary,"Parliament of Australia, Parliamentary Handbook",house,historical_structured_results,api_template,https://handbookapi.aph.gov.au/api/Elections/DivisionStatistics?divisionName={division}&year=1934&electionId=215,data/raw/aph_handbook/1934/aph_house_division_statistics__template.json,True,"Expand after enumerating states, divisions and polling places from the baseline endpoints."
1934,aph_house_first_preferences,primary,"Parliament of Australia, Parliamentary Handbook",house,historical_structured_results,api_template,https://handbookapi.aph.gov.au/api/Elections/FirstPreferenceCount?divisionName={division}&year=1934&electionId=215,data/raw/aph_handbook/1934/aph_house_first_preferences__template.json,True,"Expand after enumerating states, divisions and polling places from the baseline endpoints."
1934,aph_house_first_preferences_vote_type,primary,"Parliament of Australia, Parliamentary Handbook",house,historical_structured_results,api_template,https://handbookapi.aph.gov.au/api/Elections/FirstPreferencesByVoteType?divisionName={division}&year=1934&electionId=215,data/raw/aph_handbook/1934/aph_house_first_preferences_vote_type__template.json,True,"Expand after enumerating states, divisions and polling places from the baseline endpoints."
1934,aph_house_polling_places,primary,"Parliament of Australia, Parliamentary Handbook",house,historical_structured_results,api_template,https://handbookapi.aph.gov.au/api/Elections/PollingPlaces?divisionName={division}&year=1934&electionId=215,data/raw/aph_handbook/1934/aph_house_polling_places__template.json,True,"Expand after enumerating states, divisions and polling places from the baseline endpoints."
1934,aph_house_tcp,primary,"Parliament of Australia, Parliamentary Handbook",house,historical_structured_results,api_template,https://handbookapi.aph.gov.au/api/Elections/TwoCandidatePreferred?divisionName={division}&year=1934&electionId=215,data/raw/aph_handbook/1934/aph_house_tcp__template.json,True,"Expand after enumerating states, divisions and polling places from the baseline endpoints."
1934,aph_senate_by_division,primary,"Parliament of Australia, Parliamentary Handbook",senate,historical_structured_results,api_template,https://handbookapi.aph.gov.au/api/Elections/SenateByDivision?division={division}&year=1934,data/raw/aph_handbook/1934/aph_senate_by_division__template.json,True,"Expand after enumerating states, divisions and polling places from the baseline endpoints."
1934,aph_house_first_preferences_polling_place,primary,"Parliament of Australia, Parliamentary Handbook",house,historical_structured_results,api_template,https://handbookapi.aph.gov.au/api/Elections/FirstPreferencesByPollingPlace?pollingPlace={polling_place}&division={division}&year=1934&electionId=215,data/raw/aph_handbook/1934/aph_house_first_preferences_polling_place__template.json,True,"Expand after enumerating states, divisions and polling places from the baseline endpoints."
1934,aph_house_tcp_polling_place,primary,"Parliament of Australia, Parliamentary Handbook",house,historical_structured_results,api_template,https://handbookapi.aph.gov.au/api/Elections/TwoCandidatePreferredByPollingPlace?pollingPlace={polling_place}&division={division}&year=1934&electionId=215,data/raw/aph_handbook/1934/aph_house_tcp_polling_place__template.json,True,"Expand after enumerating states, divisions and polling places from the baseline endpoints."
1934,aph_senate_polling_place,primary,"Parliament of Australia, Parliamentary Handbook",senate,historical_structured_results,api_template,https://handbookapi.aph.gov.au/api/Elections/SenateByPollingPlace?pollingPlace={polling_place}&division={division}&year=1934&electionId=215,data/raw/aph_handbook/1934/aph_senate_polling_place__template.json,True,"Expand after enumerating states, divisions and polling places from the baseline endpoints."
1937,aph_election,primary,"Parliament of Australia, Parliamentary Handbook",both,historical_structured_results,api_endpoint,https://handbookapi.aph.gov.au/api/Elections/Election?electionId=216,data/raw/aph_handbook/1937/aph_election.json,True,
1937,aph_house_candidates,primary,"Parliament of Australia, Parliamentary Handbook",house,historical_structured_results,api_endpoint,https://handbookapi.aph.gov.au/api/Elections/Candidates?electionId=216,data/raw/aph_handbook/1937/aph_house_candidates.json,True,
1937,aph_house_divisions,primary,"Parliament of Australia, Parliamentary Handbook",house,historical_structured_results,api_endpoint,https://handbookapi.aph.gov.au/api/Elections/Divisions?state=&year=1937,data/raw/aph_handbook/1937/aph_house_divisions.json,True,
1937,aph_house_elected,primary,"Parliament of Australia, Parliamentary Handbook",house,historical_structured_results,api_endpoint,https://handbookapi.aph.gov.au/api/Elections/MembersElected?year=1937,data/raw/aph_handbook/1937/aph_house_elected.json,True,
1937,aph_senate_candidates,primary,"Parliament of Australia, Parliamentary Handbook",senate,historical_structured_results,api_endpoint,https://handbookapi.aph.gov.au/api/Elections/SenateCandidates?year=1937,data/raw/aph_handbook/1937/aph_senate_candidates.json,True,
1937,aph_senate_elected,primary,"Parliament of Australia, Parliamentary Handbook",senate,historical_structured_results,api_endpoint,https://handbookapi.aph.gov.au/api/Elections/SenatorsElected?year=1937,data/raw/aph_handbook/1937/aph_senate_elected.json,True,
1937,aph_senate_state_statistics,primary,"Parliament of Australia, Parliamentary Handbook",senate,historical_structured_results,api_template,https://handbookapi.aph.gov.au/api/Elections/SenateStateStatistics?state={state}&year=1937,data/raw/aph_handbook/1937/aph_senate_state_statistics__template.json,True,"Expand after enumerating states, divisions and polling places from the baseline endpoints."
1937,aph_senate_by_candidate,primary,"Parliament of Australia, Parliamentary Handbook",senate,historical_structured_results,api_template,https://handbookapi.aph.gov.au/api/Elections/SenateByCandidate?state={state}&year=1937,data/raw/aph_handbook/1937/aph_senate_by_candidate__template.json,True,"Expand after enumerating states, divisions and polling places from the baseline endpoints."
1937,aph_senate_by_group,primary,"Parliament of Australia, Parliamentary Handbook",senate,historical_structured_results,api_template,https://handbookapi.aph.gov.au/api/Elections/SenateByGroup?state={state}&year=1937,data/raw/aph_handbook/1937/aph_senate_by_group__template.json,True,"Expand after enumerating states, divisions and polling places from the baseline endpoints."
1937,aph_senate_group_quotas,primary,"Parliament of Australia, Parliamentary Handbook",senate,historical_structured_results,api_template,https://handbookapi.aph.gov.au/api/Elections/SenateGroupQuotas?state={state}&year=1937,data/raw/aph_handbook/1937/aph_senate_group_quotas__template.json,True,"Expand after enumerating states, divisions and polling places from the baseline endpoints."
1937,aph_house_division_statistics,primary,"Parliament of Australia, Parliamentary Handbook",house,historical_structured_results,api_template,https://handbookapi.aph.gov.au/api/Elections/DivisionStatistics?divisionName={division}&year=1937&electionId=216,data/raw/aph_handbook/1937/aph_house_division_statistics__template.json,True,"Expand after enumerating states, divisions and polling places from the baseline endpoints."
1937,aph_house_first_preferences,primary,"Parliament of Australia, Parliamentary Handbook",house,historical_structured_results,api_template,https://handbookapi.aph.gov.au/api/Elections/FirstPreferenceCount?divisionName={division}&year=1937&electionId=216,data/raw/aph_handbook/1937/aph_house_first_preferences__template.json,True,"Expand after enumerating states, divisions and polling places from the baseline endpoints."
1937,aph_house_first_preferences_vote_type,primary,"Parliament of Australia, Parliamentary Handbook",house,historical_structured_results,api_template,https://handbookapi.aph.gov.au/api/Elections/FirstPreferencesByVoteType?divisionName={division}&year=1937&electionId=216,data/raw/aph_handbook/1937/aph_house_first_preferences_vote_type__template.json,True,"Expand after enumerating states, divisions and polling places from the baseline endpoints."
1937,aph_house_polling_places,primary,"Parliament of Australia, Parliamentary Handbook",house,historical_structured_results,api_template,https://handbookapi.aph.gov.au/api/Elections/PollingPlaces?divisionName={division}&year=1937&electionId=216,data/raw/aph_handbook/1937/aph_house_polling_places__template.json,True,"Expand after enumerating states, divisions and polling places from the baseline endpoints."
1937,aph_house_tcp,primary,"Parliament of Australia, Parliamentary Handbook",house,historical_structured_results,api_template,https://handbookapi.aph.gov.au/api/Elections/TwoCandidatePreferred?divisionName={division}&year=1937&electionId=216,data/raw/aph_handbook/1937/aph_house_tcp__template.json,True,"Expand after enumerating states, divisions and polling places from the baseline endpoints."
1937,aph_senate_by_division,primary,"Parliament of Australia, Parliamentary Handbook",senate,historical_structured_results,api_template,https://handbookapi.aph.gov.au/api/Elections/SenateByDivision?division={division}&year=1937,data/raw/aph_handbook/1937/aph_senate_by_division__template.json,True,"Expand after enumerating states, divisions and polling places from the baseline endpoints."
1937,aph_house_first_preferences_polling_place,primary,"Parliament of Australia, Parliamentary Handbook",house,historical_structured_results,api_template,https://handbookapi.aph.gov.au/api/Elections/FirstPreferencesByPollingPlace?pollingPlace={polling_place}&division={division}&year=1937&electionId=216,data/raw/aph_handbook/1937/aph_house_first_preferences_polling_place__template.json,True,"Expand after enumerating states, divisions and polling places from the baseline endpoints."
1937,aph_house_tcp_polling_place,primary,"Parliament of Australia, Parliamentary Handbook",house,historical_structured_results,api_template,https://handbookapi.aph.gov.au/api/Elections/TwoCandidatePreferredByPollingPlace?pollingPlace={polling_place}&division={division}&year=1937&electionId=216,data/raw/aph_handbook/1937/aph_house_tcp_polling_place__template.json,True,"Expand after enumerating states, divisions and polling places from the baseline endpoints."
1937,aph_senate_polling_place,primary,"Parliament of Australia, Parliamentary Handbook",senate,historical_structured_results,api_template,https://handbookapi.aph.gov.au/api/Elections/SenateByPollingPlace?pollingPlace={polling_place}&division={division}&year=1937&electionId=216,data/raw/aph_handbook/1937/aph_senate_polling_place__template.json,True,"Expand after enumerating states, divisions and polling places from the baseline endpoints."
1940,aph_election,primary,"Parliament of Australia, Parliamentary Handbook",both,historical_structured_results,api_endpoint,https://handbookapi.aph.gov.au/api/Elections/Election?electionId=217,data/raw/aph_handbook/1940/aph_election.json,True,
1940,aph_house_candidates,primary,"Parliament of Australia, Parliamentary Handbook",house,historical_structured_results,api_endpoint,https://handbookapi.aph.gov.au/api/Elections/Candidates?electionId=217,data/raw/aph_handbook/1940/aph_house_candidates.json,True,
1940,aph_house_divisions,primary,"Parliament of Australia, Parliamentary Handbook",house,historical_structured_results,api_endpoint,https://handbookapi.aph.gov.au/api/Elections/Divisions?state=&year=1940,data/raw/aph_handbook/1940/aph_house_divisions.json,True,
1940,aph_house_elected,primary,"Parliament of Australia, Parliamentary Handbook",house,historical_structured_results,api_endpoint,https://handbookapi.aph.gov.au/api/Elections/MembersElected?year=1940,data/raw/aph_handbook/1940/aph_house_elected.json,True,
1940,aph_senate_candidates,primary,"Parliament of Australia, Parliamentary Handbook",senate,historical_structured_results,api_endpoint,https://handbookapi.aph.gov.au/api/Elections/SenateCandidates?year=1940,data/raw/aph_handbook/1940/aph_senate_candidates.json,True,
1940,aph_senate_elected,primary,"Parliament of Australia, Parliamentary Handbook",senate,historical_structured_results,api_endpoint,https://handbookapi.aph.gov.au/api/Elections/SenatorsElected?year=1940,data/raw/aph_handbook/1940/aph_senate_elected.json,True,
1940,aph_senate_state_statistics,primary,"Parliament of Australia, Parliamentary Handbook",senate,historical_structured_results,api_template,https://handbookapi.aph.gov.au/api/Elections/SenateStateStatistics?state={state}&year=1940,data/raw/aph_handbook/1940/aph_senate_state_statistics__template.json,True,"Expand after enumerating states, divisions and polling places from the baseline endpoints."
1940,aph_senate_by_candidate,primary,"Parliament of Australia, Parliamentary Handbook",senate,historical_structured_results,api_template,https://handbookapi.aph.gov.au/api/Elections/SenateByCandidate?state={state}&year=1940,data/raw/aph_handbook/1940/aph_senate_by_candidate__template.json,True,"Expand after enumerating states, divisions and polling places from the baseline endpoints."
1940,aph_senate_by_group,primary,"Parliament of Australia, Parliamentary Handbook",senate,historical_structured_results,api_template,https://handbookapi.aph.gov.au/api/Elections/SenateByGroup?state={state}&year=1940,data/raw/aph_handbook/1940/aph_senate_by_group__template.json,True,"Expand after enumerating states, divisions and polling places from the baseline endpoints."
1940,aph_senate_group_quotas,primary,"Parliament of Australia, Parliamentary Handbook",senate,historical_structured_results,api_template,https://handbookapi.aph.gov.au/api/Elections/SenateGroupQuotas?state={state}&year=1940,data/raw/aph_handbook/1940/aph_senate_group_quotas__template.json,True,"Expand after enumerating states, divisions and polling places from the baseline endpoints."
1940,aph_house_division_statistics,primary,"Parliament of Australia, Parliamentary Handbook",house,historical_structured_results,api_template,https://handbookapi.aph.gov.au/api/Elections/DivisionStatistics?divisionName={division}&year=1940&electionId=217,data/raw/aph_handbook/1940/aph_house_division_statistics__template.json,True,"Expand after enumerating states, divisions and polling places from the baseline endpoints."
1940,aph_house_first_preferences,primary,"Parliament of Australia, Parliamentary Handbook",house,historical_structured_results,api_template,https://handbookapi.aph.gov.au/api/Elections/FirstPreferenceCount?divisionName={division}&year=1940&electionId=217,data/raw/aph_handbook/1940/aph_house_first_preferences__template.json,True,"Expand after enumerating states, divisions and polling places from the baseline endpoints."
1940,aph_house_first_preferences_vote_type,primary,"Parliament of Australia, Parliamentary Handbook",house,historical_structured_results,api_template,https://handbookapi.aph.gov.au/api/Elections/FirstPreferencesByVoteType?divisionName={division}&year=1940&electionId=217,data/raw/aph_handbook/1940/aph_house_first_preferences_vote_type__template.json,True,"Expand after enumerating states, divisions and polling places from the baseline endpoints."
1940,aph_house_polling_places,primary,"Parliament of Australia, Parliamentary Handbook",house,historical_structured_results,api_template,https://handbookapi.aph.gov.au/api/Elections/PollingPlaces?divisionName={division}&year=1940&electionId=217,data/raw/aph_handbook/1940/aph_house_polling_places__template.json,True,"Expand after enumerating states, divisions and polling places from the baseline endpoints."
1940,aph_house_tcp,primary,"Parliament of Australia, Parliamentary Handbook",house,historical_structured_results,api_template,https://handbookapi.aph.gov.au/api/Elections/TwoCandidatePreferred?divisionName={division}&year=1940&electionId=217,data/raw/aph_handbook/1940/aph_house_tcp__template.json,True,"Expand after enumerating states, divisions and polling places from the baseline endpoints."
1940,aph_senate_by_division,primary,"Parliament of Australia, Parliamentary Handbook",senate,historical_structured_results,api_template,https://handbookapi.aph.gov.au/api/Elections/SenateByDivision?division={division}&year=1940,data/raw/aph_handbook/1940/aph_senate_by_division__template.json,True,"Expand after enumerating states, divisions and polling places from the baseline endpoints."
1940,aph_house_first_preferences_polling_place,primary,"Parliament of Australia, Parliamentary Handbook",house,historical_structured_results,api_template,https://handbookapi.aph.gov.au/api/Elections/FirstPreferencesByPollingPlace?pollingPlace={polling_place}&division={division}&year=1940&electionId=217,data/raw/aph_handbook/1940/aph_house_first_preferences_polling_place__template.json,True,"Expand after enumerating states, divisions and polling places from the baseline endpoints."
1940,aph_house_tcp_polling_place,primary,"Parliament of Australia, Parliamentary Handbook",house,historical_structured_results,api_template,https://handbookapi.aph.gov.au/api/Elections/TwoCandidatePreferredByPollingPlace?pollingPlace={polling_place}&division={division}&year=1940&electionId=217,data/raw/aph_handbook/1940/aph_house_tcp_polling_place__template.json,True,"Expand after enumerating states, divisions and polling places from the baseline endpoints."
1940,aph_senate_polling_place,primary,"Parliament of Australia, Parliamentary Handbook",senate,historical_structured_results,api_template,https://handbookapi.aph.gov.au/api/Elections/SenateByPollingPlace?pollingPlace={polling_place}&division={division}&year=1940&electionId=217,data/raw/aph_handbook/1940/aph_senate_polling_place__template.json,True,"Expand after enumerating states, divisions and polling places from the baseline endpoints."
1943,aph_election,primary,"Parliament of Australia, Parliamentary Handbook",both,historical_structured_results,api_endpoint,https://handbookapi.aph.gov.au/api/Elections/Election?electionId=218,data/raw/aph_handbook/1943/aph_election.json,True,
1943,aph_house_candidates,primary,"Parliament of Australia, Parliamentary Handbook",house,historical_structured_results,api_endpoint,https://handbookapi.aph.gov.au/api/Elections/Candidates?electionId=218,data/raw/aph_handbook/1943/aph_house_candidates.json,True,
1943,aph_house_divisions,primary,"Parliament of Australia, Parliamentary Handbook",house,historical_structured_results,api_endpoint,https://handbookapi.aph.gov.au/api/Elections/Divisions?state=&year=1943,data/raw/aph_handbook/1943/aph_house_divisions.json,True,
1943,aph_house_elected,primary,"Parliament of Australia, Parliamentary Handbook",house,historical_structured_results,api_endpoint,https://handbookapi.aph.gov.au/api/Elections/MembersElected?year=1943,data/raw/aph_handbook/1943/aph_house_elected.json,True,
1943,aph_senate_candidates,primary,"Parliament of Australia, Parliamentary Handbook",senate,historical_structured_results,api_endpoint,https://handbookapi.aph.gov.au/api/Elections/SenateCandidates?year=1943,data/raw/aph_handbook/1943/aph_senate_candidates.json,True,
1943,aph_senate_elected,primary,"Parliament of Australia, Parliamentary Handbook",senate,historical_structured_results,api_endpoint,https://handbookapi.aph.gov.au/api/Elections/SenatorsElected?year=1943,data/raw/aph_handbook/1943/aph_senate_elected.json,True,
1943,aph_senate_state_statistics,primary,"Parliament of Australia, Parliamentary Handbook",senate,historical_structured_results,api_template,https://handbookapi.aph.gov.au/api/Elections/SenateStateStatistics?state={state}&year=1943,data/raw/aph_handbook/1943/aph_senate_state_statistics__template.json,True,"Expand after enumerating states, divisions and polling places from the baseline endpoints."
1943,aph_senate_by_candidate,primary,"Parliament of Australia, Parliamentary Handbook",senate,historical_structured_results,api_template,https://handbookapi.aph.gov.au/api/Elections/SenateByCandidate?state={state}&year=1943,data/raw/aph_handbook/1943/aph_senate_by_candidate__template.json,True,"Expand after enumerating states, divisions and polling places from the baseline endpoints."
1943,aph_senate_by_group,primary,"Parliament of Australia, Parliamentary Handbook",senate,historical_structured_results,api_template,https://handbookapi.aph.gov.au/api/Elections/SenateByGroup?state={state}&year=1943,data/raw/aph_handbook/1943/aph_senate_by_group__template.json,True,"Expand after enumerating states, divisions and polling places from the baseline endpoints."
1943,aph_senate_group_quotas,primary,"Parliament of Australia, Parliamentary Handbook",senate,historical_structured_results,api_template,https://handbookapi.aph.gov.au/api/Elections/SenateGroupQuotas?state={state}&year=1943,data/raw/aph_handbook/1943/aph_senate_group_quotas__template.json,True,"Expand after enumerating states, divisions and polling places from the baseline endpoints."
1943,aph_house_division_statistics,primary,"Parliament of Australia, Parliamentary Handbook",house,historical_structured_results,api_template,https://handbookapi.aph.gov.au/api/Elections/DivisionStatistics?divisionName={division}&year=1943&electionId=218,data/raw/aph_handbook/1943/aph_house_division_statistics__template.json,True,"Expand after enumerating states, divisions and polling places from the baseline endpoints."
1943,aph_house_first_preferences,primary,"Parliament of Australia, Parliamentary Handbook",house,historical_structured_results,api_template,https://handbookapi.aph.gov.au/api/Elections/FirstPreferenceCount?divisionName={division}&year=1943&electionId=218,data/raw/aph_handbook/1943/aph_house_first_preferences__template.json,True,"Expand after enumerating states, divisions and polling places from the baseline endpoints."
1943,aph_house_first_preferences_vote_type,primary,"Parliament of Australia, Parliamentary Handbook",house,historical_structured_results,api_template,https://handbookapi.aph.gov.au/api/Elections/FirstPreferencesByVoteType?divisionName={division}&year=1943&electionId=218,data/raw/aph_handbook/1943/aph_house_first_preferences_vote_type__template.json,True,"Expand after enumerating states, divisions and polling places from the baseline endpoints."
1943,aph_house_polling_places,primary,"Parliament of Australia, Parliamentary Handbook",house,historical_structured_results,api_template,https://handbookapi.aph.gov.au/api/Elections/PollingPlaces?divisionName={division}&year=1943&electionId=218,data/raw/aph_handbook/1943/aph_house_polling_places__template.json,True,"Expand after enumerating states, divisions and polling places from the baseline endpoints."
1943,aph_house_tcp,primary,"Parliament of Australia, Parliamentary Handbook",house,historical_structured_results,api_template,https://handbookapi.aph.gov.au/api/Elections/TwoCandidatePreferred?divisionName={division}&year=1943&electionId=218,data/raw/aph_handbook/1943/aph_house_tcp__template.json,True,"Expand after enumerating states, divisions and polling places from the baseline endpoints."
1943,aph_senate_by_division,primary,"Parliament of Australia, Parliamentary Handbook",senate,historical_structured_results,api_template,https://handbookapi.aph.gov.au/api/Elections/SenateByDivision?division={division}&year=1943,data/raw/aph_handbook/1943/aph_senate_by_division__template.json,True,"Expand after enumerating states, divisions and polling places from the baseline endpoints."
1943,aph_house_first_preferences_polling_place,primary,"Parliament of Australia, Parliamentary Handbook",house,historical_structured_results,api_template,https://handbookapi.aph.gov.au/api/Elections/FirstPreferencesByPollingPlace?pollingPlace={polling_place}&division={division}&year=1943&electionId=218,data/raw/aph_handbook/1943/aph_house_first_preferences_polling_place__template.json,True,"Expand after enumerating states, divisions and polling places from the baseline endpoints."
1943,aph_house_tcp_polling_place,primary,"Parliament of Australia, Parliamentary Handbook",house,historical_structured_results,api_template,https://handbookapi.aph.gov.au/api/Elections/TwoCandidatePreferredByPollingPlace?pollingPlace={polling_place}&division={division}&year=1943&electionId=218,data/raw/aph_handbook/1943/aph_house_tcp_polling_place__template.json,True,"Expand after enumerating states, divisions and polling places from the baseline endpoints."
1943,aph_senate_polling_place,primary,"Parliament of Australia, Parliamentary Handbook",senate,historical_structured_results,api_template,https://handbookapi.aph.gov.au/api/Elections/SenateByPollingPlace?pollingPlace={polling_place}&division={division}&year=1943&electionId=218,data/raw/aph_handbook/1943/aph_senate_polling_place__template.json,True,"Expand after enumerating states, divisions and polling places from the baseline endpoints."
1946,aph_election,primary,"Parliament of Australia, Parliamentary Handbook",both,historical_structured_results,api_endpoint,https://handbookapi.aph.gov.au/api/Elections/Election?electionId=219,data/raw/aph_handbook/1946/aph_election.json,True,
1946,aph_house_candidates,primary,"Parliament of Australia, Parliamentary Handbook",house,historical_structured_results,api_endpoint,https://handbookapi.aph.gov.au/api/Elections/Candidates?electionId=219,data/raw/aph_handbook/1946/aph_house_candidates.json,True,
1946,aph_house_divisions,primary,"Parliament of Australia, Parliamentary Handbook",house,historical_structured_results,api_endpoint,https://handbookapi.aph.gov.au/api/Elections/Divisions?state=&year=1946,data/raw/aph_handbook/1946/aph_house_divisions.json,True,
1946,aph_house_elected,primary,"Parliament of Australia, Parliamentary Handbook",house,historical_structured_results,api_endpoint,https://handbookapi.aph.gov.au/api/Elections/MembersElected?year=1946,data/raw/aph_handbook/1946/aph_house_elected.json,True,
1946,aph_senate_candidates,primary,"Parliament of Australia, Parliamentary Handbook",senate,historical_structured_results,api_endpoint,https://handbookapi.aph.gov.au/api/Elections/SenateCandidates?year=1946,data/raw/aph_handbook/1946/aph_senate_candidates.json,True,
1946,aph_senate_elected,primary,"Parliament of Australia, Parliamentary Handbook",senate,historical_structured_results,api_endpoint,https://handbookapi.aph.gov.au/api/Elections/SenatorsElected?year=1946,data/raw/aph_handbook/1946/aph_senate_elected.json,True,
1946,aph_senate_state_statistics,primary,"Parliament of Australia, Parliamentary Handbook",senate,historical_structured_results,api_template,https://handbookapi.aph.gov.au/api/Elections/SenateStateStatistics?state={state}&year=1946,data/raw/aph_handbook/1946/aph_senate_state_statistics__template.json,True,"Expand after enumerating states, divisions and polling places from the baseline endpoints."
1946,aph_senate_by_candidate,primary,"Parliament of Australia, Parliamentary Handbook",senate,historical_structured_results,api_template,https://handbookapi.aph.gov.au/api/Elections/SenateByCandidate?state={state}&year=1946,data/raw/aph_handbook/1946/aph_senate_by_candidate__template.json,True,"Expand after enumerating states, divisions and polling places from the baseline endpoints."
1946,aph_senate_by_group,primary,"Parliament of Australia, Parliamentary Handbook",senate,historical_structured_results,api_template,https://handbookapi.aph.gov.au/api/Elections/SenateByGroup?state={state}&year=1946,data/raw/aph_handbook/1946/aph_senate_by_group__template.json,True,"Expand after enumerating states, divisions and polling places from the baseline endpoints."
1946,aph_senate_group_quotas,primary,"Parliament of Australia, Parliamentary Handbook",senate,historical_structured_results,api_template,https://handbookapi.aph.gov.au/api/Elections/SenateGroupQuotas?state={state}&year=1946,data/raw/aph_handbook/1946/aph_senate_group_quotas__template.json,True,"Expand after enumerating states, divisions and polling places from the baseline endpoints."
1946,aph_house_division_statistics,primary,"Parliament of Australia, Parliamentary Handbook",house,historical_structured_results,api_template,https://handbookapi.aph.gov.au/api/Elections/DivisionStatistics?divisionName={division}&year=1946&electionId=219,data/raw/aph_handbook/1946/aph_house_division_statistics__template.json,True,"Expand after enumerating states, divisions and polling places from the baseline endpoints."
1946,aph_house_first_preferences,primary,"Parliament of Australia, Parliamentary Handbook",house,historical_structured_results,api_template,https://handbookapi.aph.gov.au/api/Elections/FirstPreferenceCount?divisionName={division}&year=1946&electionId=219,data/raw/aph_handbook/1946/aph_house_first_preferences__template.json,True,"Expand after enumerating states, divisions and polling places from the baseline endpoints."
1946,aph_house_first_preferences_vote_type,primary,"Parliament of Australia, Parliamentary Handbook",house,historical_structured_results,api_template,https://handbookapi.aph.gov.au/api/Elections/FirstPreferencesByVoteType?divisionName={division}&year=1946&electionId=219,data/raw/aph_handbook/1946/aph_house_first_preferences_vote_type__template.json,True,"Expand after enumerating states, divisions and polling places from the baseline endpoints."
1946,aph_house_polling_places,primary,"Parliament of Australia, Parliamentary Handbook",house,historical_structured_results,api_template,https://handbookapi.aph.gov.au/api/Elections/PollingPlaces?divisionName={division}&year=1946&electionId=219,data/raw/aph_handbook/1946/aph_house_polling_places__template.json,True,"Expand after enumerating states, divisions and polling places from the baseline endpoints."
1946,aph_house_tcp,primary,"Parliament of Australia, Parliamentary Handbook",house,historical_structured_results,api_template,https://handbookapi.aph.gov.au/api/Elections/TwoCandidatePreferred?divisionName={division}&year=1946&electionId=219,data/raw/aph_handbook/1946/aph_house_tcp__template.json,True,"Expand after enumerating states, divisions and polling places from the baseline endpoints."
1946,aph_senate_by_division,primary,"Parliament of Australia, Parliamentary Handbook",senate,historical_structured_results,api_template,https://handbookapi.aph.gov.au/api/Elections/SenateByDivision?division={division}&year=1946,data/raw/aph_handbook/1946/aph_senate_by_division__template.json,True,"Expand after enumerating states, divisions and polling places from the baseline endpoints."
1946,aph_house_first_preferences_polling_place,primary,"Parliament of Australia, Parliamentary Handbook",house,historical_structured_results,api_template,https://handbookapi.aph.gov.au/api/Elections/FirstPreferencesByPollingPlace?pollingPlace={polling_place}&division={division}&year=1946&electionId=219,data/raw/aph_handbook/1946/aph_house_first_preferences_polling_place__template.json,True,"Expand after enumerating states, divisions and polling places from the baseline endpoints."
1946,aph_house_tcp_polling_place,primary,"Parliament of Australia, Parliamentary Handbook",house,historical_structured_results,api_template,https://handbookapi.aph.gov.au/api/Elections/TwoCandidatePreferredByPollingPlace?pollingPlace={polling_place}&division={division}&year=1946&electionId=219,data/raw/aph_handbook/1946/aph_house_tcp_polling_place__template.json,True,"Expand after enumerating states, divisions and polling places from the baseline endpoints."
1946,aph_senate_polling_place,primary,"Parliament of Australia, Parliamentary Handbook",senate,historical_structured_results,api_template,https://handbookapi.aph.gov.au/api/Elections/SenateByPollingPlace?pollingPlace={polling_place}&division={division}&year=1946&electionId=219,data/raw/aph_handbook/1946/aph_senate_polling_place__template.json,True,"Expand after enumerating states, divisions and polling places from the baseline endpoints."
1949,aph_election,primary,"Parliament of Australia, Parliamentary Handbook",both,historical_structured_results,api_endpoint,https://handbookapi.aph.gov.au/api/Elections/Election?electionId=220,data/raw/aph_handbook/1949/aph_election.json,True,
1949,aph_house_candidates,primary,"Parliament of Australia, Parliamentary Handbook",house,historical_structured_results,api_endpoint,https://handbookapi.aph.gov.au/api/Elections/Candidates?electionId=220,data/raw/aph_handbook/1949/aph_house_candidates.json,True,
1949,aph_house_divisions,primary,"Parliament of Australia, Parliamentary Handbook",house,historical_structured_results,api_endpoint,https://handbookapi.aph.gov.au/api/Elections/Divisions?state=&year=1949,data/raw/aph_handbook/1949/aph_house_divisions.json,True,
1949,aph_house_elected,primary,"Parliament of Australia, Parliamentary Handbook",house,historical_structured_results,api_endpoint,https://handbookapi.aph.gov.au/api/Elections/MembersElected?year=1949,data/raw/aph_handbook/1949/aph_house_elected.json,True,
1949,aph_senate_candidates,primary,"Parliament of Australia, Parliamentary Handbook",senate,historical_structured_results,api_endpoint,https://handbookapi.aph.gov.au/api/Elections/SenateCandidates?year=1949,data/raw/aph_handbook/1949/aph_senate_candidates.json,True,
1949,aph_senate_elected,primary,"Parliament of Australia, Parliamentary Handbook",senate,historical_structured_results,api_endpoint,https://handbookapi.aph.gov.au/api/Elections/SenatorsElected?year=1949,data/raw/aph_handbook/1949/aph_senate_elected.json,True,
1949,aph_senate_state_statistics,primary,"Parliament of Australia, Parliamentary Handbook",senate,historical_structured_results,api_template,https://handbookapi.aph.gov.au/api/Elections/SenateStateStatistics?state={state}&year=1949,data/raw/aph_handbook/1949/aph_senate_state_statistics__template.json,True,"Expand after enumerating states, divisions and polling places from the baseline endpoints."
1949,aph_senate_by_candidate,primary,"Parliament of Australia, Parliamentary Handbook",senate,historical_structured_results,api_template,https://handbookapi.aph.gov.au/api/Elections/SenateByCandidate?state={state}&year=1949,data/raw/aph_handbook/1949/aph_senate_by_candidate__template.json,True,"Expand after enumerating states, divisions and polling places from the baseline endpoints."
1949,aph_senate_by_group,primary,"Parliament of Australia, Parliamentary Handbook",senate,historical_structured_results,api_template,https://handbookapi.aph.gov.au/api/Elections/SenateByGroup?state={state}&year=1949,data/raw/aph_handbook/1949/aph_senate_by_group__template.json,True,"Expand after enumerating states, divisions and polling places from the baseline endpoints."
1949,aph_senate_group_quotas,primary,"Parliament of Australia, Parliamentary Handbook",senate,historical_structured_results,api_template,https://handbookapi.aph.gov.au/api/Elections/SenateGroupQuotas?state={state}&year=1949,data/raw/aph_handbook/1949/aph_senate_group_quotas__template.json,True,"Expand after enumerating states, divisions and polling places from the baseline endpoints."
1949,aph_house_division_statistics,primary,"Parliament of Australia, Parliamentary Handbook",house,historical_structured_results,api_template,https://handbookapi.aph.gov.au/api/Elections/DivisionStatistics?divisionName={division}&year=1949&electionId=220,data/raw/aph_handbook/1949/aph_house_division_statistics__template.json,True,"Expand after enumerating states, divisions and polling places from the baseline endpoints."
1949,aph_house_first_preferences,primary,"Parliament of Australia, Parliamentary Handbook",house,historical_structured_results,api_template,https://handbookapi.aph.gov.au/api/Elections/FirstPreferenceCount?divisionName={division}&year=1949&electionId=220,data/raw/aph_handbook/1949/aph_house_first_preferences__template.json,True,"Expand after enumerating states, divisions and polling places from the baseline endpoints."
1949,aph_house_first_preferences_vote_type,primary,"Parliament of Australia, Parliamentary Handbook",house,historical_structured_results,api_template,https://handbookapi.aph.gov.au/api/Elections/FirstPreferencesByVoteType?divisionName={division}&year=1949&electionId=220,data/raw/aph_handbook/1949/aph_house_first_preferences_vote_type__template.json,True,"Expand after enumerating states, divisions and polling places from the baseline endpoints."
1949,aph_house_polling_places,primary,"Parliament of Australia, Parliamentary Handbook",house,historical_structured_results,api_template,https://handbookapi.aph.gov.au/api/Elections/PollingPlaces?divisionName={division}&year=1949&electionId=220,data/raw/aph_handbook/1949/aph_house_polling_places__template.json,True,"Expand after enumerating states, divisions and polling places from the baseline endpoints."
1949,aph_house_tcp,primary,"Parliament of Australia, Parliamentary Handbook",house,historical_structured_results,api_template,https://handbookapi.aph.gov.au/api/Elections/TwoCandidatePreferred?divisionName={division}&year=1949&electionId=220,data/raw/aph_handbook/1949/aph_house_tcp__template.json,True,"Expand after enumerating states, divisions and polling places from the baseline endpoints."
1949,aph_senate_by_division,primary,"Parliament of Australia, Parliamentary Handbook",senate,historical_structured_results,api_template,https://handbookapi.aph.gov.au/api/Elections/SenateByDivision?division={division}&year=1949,data/raw/aph_handbook/1949/aph_senate_by_division__template.json,True,"Expand after enumerating states, divisions and polling places from the baseline endpoints."
1949,aph_house_first_preferences_polling_place,primary,"Parliament of Australia, Parliamentary Handbook",house,historical_structured_results,api_template,https://handbookapi.aph.gov.au/api/Elections/FirstPreferencesByPollingPlace?pollingPlace={polling_place}&division={division}&year=1949&electionId=220,data/raw/aph_handbook/1949/aph_house_first_preferences_polling_place__template.json,True,"Expand after enumerating states, divisions and polling places from the baseline endpoints."
1949,aph_house_tcp_polling_place,primary,"Parliament of Australia, Parliamentary Handbook",house,historical_structured_results,api_template,https://handbookapi.aph.gov.au/api/Elections/TwoCandidatePreferredByPollingPlace?pollingPlace={polling_place}&division={division}&year=1949&electionId=220,data/raw/aph_handbook/1949/aph_house_tcp_polling_place__template.json,True,"Expand after enumerating states, divisions and polling places from the baseline endpoints."
1949,aph_senate_polling_place,primary,"Parliament of Australia, Parliamentary Handbook",senate,historical_structured_results,api_template,https://handbookapi.aph.gov.au/api/Elections/SenateByPollingPlace?pollingPlace={polling_place}&division={division}&year=1949&electionId=220,data/raw/aph_handbook/1949/aph_senate_polling_place__template.json,True,"Expand after enumerating states, divisions and polling places from the baseline endpoints."
1951,aph_election,primary,"Parliament of Australia, Parliamentary Handbook",both,historical_structured_results,api_endpoint,https://handbookapi.aph.gov.au/api/Elections/Election?electionId=221,data/raw/aph_handbook/1951/aph_election.json,True,
1951,aph_house_candidates,primary,"Parliament of Australia, Parliamentary Handbook",house,historical_structured_results,api_endpoint,https://handbookapi.aph.gov.au/api/Elections/Candidates?electionId=221,data/raw/aph_handbook/1951/aph_house_candidates.json,True,
1951,aph_house_divisions,primary,"Parliament of Australia, Parliamentary Handbook",house,historical_structured_results,api_endpoint,https://handbookapi.aph.gov.au/api/Elections/Divisions?state=&year=1951,data/raw/aph_handbook/1951/aph_house_divisions.json,True,
1951,aph_house_elected,primary,"Parliament of Australia, Parliamentary Handbook",house,historical_structured_results,api_endpoint,https://handbookapi.aph.gov.au/api/Elections/MembersElected?year=1951,data/raw/aph_handbook/1951/aph_house_elected.json,True,
1951,aph_senate_candidates,primary,"Parliament of Australia, Parliamentary Handbook",senate,historical_structured_results,api_endpoint,https://handbookapi.aph.gov.au/api/Elections/SenateCandidates?year=1951,data/raw/aph_handbook/1951/aph_senate_candidates.json,True,
1951,aph_senate_elected,primary,"Parliament of Australia, Parliamentary Handbook",senate,historical_structured_results,api_endpoint,https://handbookapi.aph.gov.au/api/Elections/SenatorsElected?year=1951,data/raw/aph_handbook/1951/aph_senate_elected.json,True,
1951,aph_senate_state_statistics,primary,"Parliament of Australia, Parliamentary Handbook",senate,historical_structured_results,api_template,https://handbookapi.aph.gov.au/api/Elections/SenateStateStatistics?state={state}&year=1951,data/raw/aph_handbook/1951/aph_senate_state_statistics__template.json,True,"Expand after enumerating states, divisions and polling places from the baseline endpoints."
1951,aph_senate_by_candidate,primary,"Parliament of Australia, Parliamentary Handbook",senate,historical_structured_results,api_template,https://handbookapi.aph.gov.au/api/Elections/SenateByCandidate?state={state}&year=1951,data/raw/aph_handbook/1951/aph_senate_by_candidate__template.json,True,"Expand after enumerating states, divisions and polling places from the baseline endpoints."
1951,aph_senate_by_group,primary,"Parliament of Australia, Parliamentary Handbook",senate,historical_structured_results,api_template,https://handbookapi.aph.gov.au/api/Elections/SenateByGroup?state={state}&year=1951,data/raw/aph_handbook/1951/aph_senate_by_group__template.json,True,"Expand after enumerating states, divisions and polling places from the baseline endpoints."
1951,aph_senate_group_quotas,primary,"Parliament of Australia, Parliamentary Handbook",senate,historical_structured_results,api_template,https://handbookapi.aph.gov.au/api/Elections/SenateGroupQuotas?state={state}&year=1951,data/raw/aph_handbook/1951/aph_senate_group_quotas__template.json,True,"Expand after enumerating states, divisions and polling places from the baseline endpoints."
1951,aph_house_division_statistics,primary,"Parliament of Australia, Parliamentary Handbook",house,historical_structured_results,api_template,https://handbookapi.aph.gov.au/api/Elections/DivisionStatistics?divisionName={division}&year=1951&electionId=221,data/raw/aph_handbook/1951/aph_house_division_statistics__template.json,True,"Expand after enumerating states, divisions and polling places from the baseline endpoints."
1951,aph_house_first_preferences,primary,"Parliament of Australia, Parliamentary Handbook",house,historical_structured_results,api_template,https://handbookapi.aph.gov.au/api/Elections/FirstPreferenceCount?divisionName={division}&year=1951&electionId=221,data/raw/aph_handbook/1951/aph_house_first_preferences__template.json,True,"Expand after enumerating states, divisions and polling places from the baseline endpoints."
1951,aph_house_first_preferences_vote_type,primary,"Parliament of Australia, Parliamentary Handbook",house,historical_structured_results,api_template,https://handbookapi.aph.gov.au/api/Elections/FirstPreferencesByVoteType?divisionName={division}&year=1951&electionId=221,data/raw/aph_handbook/1951/aph_house_first_preferences_vote_type__template.json,True,"Expand after enumerating states, divisions and polling places from the baseline endpoints."
1951,aph_house_polling_places,primary,"Parliament of Australia, Parliamentary Handbook",house,historical_structured_results,api_template,https://handbookapi.aph.gov.au/api/Elections/PollingPlaces?divisionName={division}&year=1951&electionId=221,data/raw/aph_handbook/1951/aph_house_polling_places__template.json,True,"Expand after enumerating states, divisions and polling places from the baseline endpoints."
1951,aph_house_tcp,primary,"Parliament of Australia, Parliamentary Handbook",house,historical_structured_results,api_template,https://handbookapi.aph.gov.au/api/Elections/TwoCandidatePreferred?divisionName={division}&year=1951&electionId=221,data/raw/aph_handbook/1951/aph_house_tcp__template.json,True,"Expand after enumerating states, divisions and polling places from the baseline endpoints."
1951,aph_senate_by_division,primary,"Parliament of Australia, Parliamentary Handbook",senate,historical_structured_results,api_template,https://handbookapi.aph.gov.au/api/Elections/SenateByDivision?division={division}&year=1951,data/raw/aph_handbook/1951/aph_senate_by_division__template.json,True,"Expand after enumerating states, divisions and polling places from the baseline endpoints."
1951,aph_house_first_preferences_polling_place,primary,"Parliament of Australia, Parliamentary Handbook",house,historical_structured_results,api_template,https://handbookapi.aph.gov.au/api/Elections/FirstPreferencesByPollingPlace?pollingPlace={polling_place}&division={division}&year=1951&electionId=221,data/raw/aph_handbook/1951/aph_house_first_preferences_polling_place__template.json,True,"Expand after enumerating states, divisions and polling places from the baseline endpoints."
1951,aph_house_tcp_polling_place,primary,"Parliament of Australia, Parliamentary Handbook",house,historical_structured_results,api_template,https://handbookapi.aph.gov.au/api/Elections/TwoCandidatePreferredByPollingPlace?pollingPlace={polling_place}&division={division}&year=1951&electionId=221,data/raw/aph_handbook/1951/aph_house_tcp_polling_place__template.json,True,"Expand after enumerating states, divisions and polling places from the baseline endpoints."
1951,aph_senate_polling_place,primary,"Parliament of Australia, Parliamentary Handbook",senate,historical_structured_results,api_template,https://handbookapi.aph.gov.au/api/Elections/SenateByPollingPlace?pollingPlace={polling_place}&division={division}&year=1951&electionId=221,data/raw/aph_handbook/1951/aph_senate_polling_place__template.json,True,"Expand after enumerating states, divisions and polling places from the baseline endpoints."
1954,aph_election,primary,"Parliament of Australia, Parliamentary Handbook",both,historical_structured_results,api_endpoint,https://handbookapi.aph.gov.au/api/Elections/Election?electionId=222,data/raw/aph_handbook/1954/aph_election.json,True,
1954,aph_house_candidates,primary,"Parliament of Australia, Parliamentary Handbook",house,historical_structured_results,api_endpoint,https://handbookapi.aph.gov.au/api/Elections/Candidates?electionId=222,data/raw/aph_handbook/1954/aph_house_candidates.json,True,
1954,aph_house_divisions,primary,"Parliament of Australia, Parliamentary Handbook",house,historical_structured_results,api_endpoint,https://handbookapi.aph.gov.au/api/Elections/Divisions?state=&year=1954,data/raw/aph_handbook/1954/aph_house_divisions.json,True,
1954,aph_house_elected,primary,"Parliament of Australia, Parliamentary Handbook",house,historical_structured_results,api_endpoint,https://handbookapi.aph.gov.au/api/Elections/MembersElected?year=1954,data/raw/aph_handbook/1954/aph_house_elected.json,True,
1954,aph_house_division_statistics,primary,"Parliament of Australia, Parliamentary Handbook",house,historical_structured_results,api_template,https://handbookapi.aph.gov.au/api/Elections/DivisionStatistics?divisionName={division}&year=1954&electionId=222,data/raw/aph_handbook/1954/aph_house_division_statistics__template.json,True,"Expand after enumerating states, divisions and polling places from the baseline endpoints."
1954,aph_house_first_preferences,primary,"Parliament of Australia, Parliamentary Handbook",house,historical_structured_results,api_template,https://handbookapi.aph.gov.au/api/Elections/FirstPreferenceCount?divisionName={division}&year=1954&electionId=222,data/raw/aph_handbook/1954/aph_house_first_preferences__template.json,True,"Expand after enumerating states, divisions and polling places from the baseline endpoints."
1954,aph_house_first_preferences_vote_type,primary,"Parliament of Australia, Parliamentary Handbook",house,historical_structured_results,api_template,https://handbookapi.aph.gov.au/api/Elections/FirstPreferencesByVoteType?divisionName={division}&year=1954&electionId=222,data/raw/aph_handbook/1954/aph_house_first_preferences_vote_type__template.json,True,"Expand after enumerating states, divisions and polling places from the baseline endpoints."
1954,aph_house_polling_places,primary,"Parliament of Australia, Parliamentary Handbook",house,historical_structured_results,api_template,https://handbookapi.aph.gov.au/api/Elections/PollingPlaces?divisionName={division}&year=1954&electionId=222,data/raw/aph_handbook/1954/aph_house_polling_places__template.json,True,"Expand after enumerating states, divisions and polling places from the baseline endpoints."
1954,aph_house_tcp,primary,"Parliament of Australia, Parliamentary Handbook",house,historical_structured_results,api_template,https://handbookapi.aph.gov.au/api/Elections/TwoCandidatePreferred?divisionName={division}&year=1954&electionId=222,data/raw/aph_handbook/1954/aph_house_tcp__template.json,True,"Expand after enumerating states, divisions and polling places from the baseline endpoints."
1954,aph_house_first_preferences_polling_place,primary,"Parliament of Australia, Parliamentary Handbook",house,historical_structured_results,api_template,https://handbookapi.aph.gov.au/api/Elections/FirstPreferencesByPollingPlace?pollingPlace={polling_place}&division={division}&year=1954&electionId=222,data/raw/aph_handbook/1954/aph_house_first_preferences_polling_place__template.json,True,"Expand after enumerating states, divisions and polling places from the baseline endpoints."
1954,aph_house_tcp_polling_place,primary,"Parliament of Australia, Parliamentary Handbook",house,historical_structured_results,api_template,https://handbookapi.aph.gov.au/api/Elections/TwoCandidatePreferredByPollingPlace?pollingPlace={polling_place}&division={division}&year=1954&electionId=222,data/raw/aph_handbook/1954/aph_house_tcp_polling_place__template.json,True,"Expand after enumerating states, divisions and polling places from the baseline endpoints."
1955,aph_election,primary,"Parliament of Australia, Parliamentary Handbook",both,historical_structured_results,api_endpoint,https://handbookapi.aph.gov.au/api/Elections/Election?electionId=223,data/raw/aph_handbook/1955/aph_election.json,True,
1955,aph_house_candidates,primary,"Parliament of Australia, Parliamentary Handbook",house,historical_structured_results,api_endpoint,https://handbookapi.aph.gov.au/api/Elections/Candidates?electionId=223,data/raw/aph_handbook/1955/aph_house_candidates.json,True,
1955,aph_house_divisions,primary,"Parliament of Australia, Parliamentary Handbook",house,historical_structured_results,api_endpoint,https://handbookapi.aph.gov.au/api/Elections/Divisions?state=&year=1955,data/raw/aph_handbook/1955/aph_house_divisions.json,True,
1955,aph_house_elected,primary,"Parliament of Australia, Parliamentary Handbook",house,historical_structured_results,api_endpoint,https://handbookapi.aph.gov.au/api/Elections/MembersElected?year=1955,data/raw/aph_handbook/1955/aph_house_elected.json,True,
1955,aph_senate_candidates,primary,"Parliament of Australia, Parliamentary Handbook",senate,historical_structured_results,api_endpoint,https://handbookapi.aph.gov.au/api/Elections/SenateCandidates?year=1955,data/raw/aph_handbook/1955/aph_senate_candidates.json,True,
1955,aph_senate_elected,primary,"Parliament of Australia, Parliamentary Handbook",senate,historical_structured_results,api_endpoint,https://handbookapi.aph.gov.au/api/Elections/SenatorsElected?year=1955,data/raw/aph_handbook/1955/aph_senate_elected.json,True,
1955,aph_senate_state_statistics,primary,"Parliament of Australia, Parliamentary Handbook",senate,historical_structured_results,api_template,https://handbookapi.aph.gov.au/api/Elections/SenateStateStatistics?state={state}&year=1955,data/raw/aph_handbook/1955/aph_senate_state_statistics__template.json,True,"Expand after enumerating states, divisions and polling places from the baseline endpoints."
1955,aph_senate_by_candidate,primary,"Parliament of Australia, Parliamentary Handbook",senate,historical_structured_results,api_template,https://handbookapi.aph.gov.au/api/Elections/SenateByCandidate?state={state}&year=1955,data/raw/aph_handbook/1955/aph_senate_by_candidate__template.json,True,"Expand after enumerating states, divisions and polling places from the baseline endpoints."
1955,aph_senate_by_group,primary,"Parliament of Australia, Parliamentary Handbook",senate,historical_structured_results,api_template,https://handbookapi.aph.gov.au/api/Elections/SenateByGroup?state={state}&year=1955,data/raw/aph_handbook/1955/aph_senate_by_group__template.json,True,"Expand after enumerating states, divisions and polling places from the baseline endpoints."
1955,aph_senate_group_quotas,primary,"Parliament of Australia, Parliamentary Handbook",senate,historical_structured_results,api_template,https://handbookapi.aph.gov.au/api/Elections/SenateGroupQuotas?state={state}&year=1955,data/raw/aph_handbook/1955/aph_senate_group_quotas__template.json,True,"Expand after enumerating states, divisions and polling places from the baseline endpoints."
1955,aph_house_division_statistics,primary,"Parliament of Australia, Parliamentary Handbook",house,historical_structured_results,api_template,https://handbookapi.aph.gov.au/api/Elections/DivisionStatistics?divisionName={division}&year=1955&electionId=223,data/raw/aph_handbook/1955/aph_house_division_statistics__template.json,True,"Expand after enumerating states, divisions and polling places from the baseline endpoints."
1955,aph_house_first_preferences,primary,"Parliament of Australia, Parliamentary Handbook",house,historical_structured_results,api_template,https://handbookapi.aph.gov.au/api/Elections/FirstPreferenceCount?divisionName={division}&year=1955&electionId=223,data/raw/aph_handbook/1955/aph_house_first_preferences__template.json,True,"Expand after enumerating states, divisions and polling places from the baseline endpoints."
1955,aph_house_first_preferences_vote_type,primary,"Parliament of Australia, Parliamentary Handbook",house,historical_structured_results,api_template,https://handbookapi.aph.gov.au/api/Elections/FirstPreferencesByVoteType?divisionName={division}&year=1955&electionId=223,data/raw/aph_handbook/1955/aph_house_first_preferences_vote_type__template.json,True,"Expand after enumerating states, divisions and polling places from the baseline endpoints."
1955,aph_house_polling_places,primary,"Parliament of Australia, Parliamentary Handbook",house,historical_structured_results,api_template,https://handbookapi.aph.gov.au/api/Elections/PollingPlaces?divisionName={division}&year=1955&electionId=223,data/raw/aph_handbook/1955/aph_house_polling_places__template.json,True,"Expand after enumerating states, divisions and polling places from the baseline endpoints."
1955,aph_house_tcp,primary,"Parliament of Australia, Parliamentary Handbook",house,historical_structured_results,api_template,https://handbookapi.aph.gov.au/api/Elections/TwoCandidatePreferred?divisionName={division}&year=1955&electionId=223,data/raw/aph_handbook/1955/aph_house_tcp__template.json,True,"Expand after enumerating states, divisions and polling places from the baseline endpoints."
1955,aph_senate_by_division,primary,"Parliament of Australia, Parliamentary Handbook",senate,historical_structured_results,api_template,https://handbookapi.aph.gov.au/api/Elections/SenateByDivision?division={division}&year=1955,data/raw/aph_handbook/1955/aph_senate_by_division__template.json,True,"Expand after enumerating states, divisions and polling places from the baseline endpoints."
1955,aph_house_first_preferences_polling_place,primary,"Parliament of Australia, Parliamentary Handbook",house,historical_structured_results,api_template,https://handbookapi.aph.gov.au/api/Elections/FirstPreferencesByPollingPlace?pollingPlace={polling_place}&division={division}&year=1955&electionId=223,data/raw/aph_handbook/1955/aph_house_first_preferences_polling_place__template.json,True,"Expand after enumerating states, divisions and polling places from the baseline endpoints."
1955,aph_house_tcp_polling_place,primary,"Parliament of Australia, Parliamentary Handbook",house,historical_structured_results,api_template,https://handbookapi.aph.gov.au/api/Elections/TwoCandidatePreferredByPollingPlace?pollingPlace={polling_place}&division={division}&year=1955&electionId=223,data/raw/aph_handbook/1955/aph_house_tcp_polling_place__template.json,True,"Expand after enumerating states, divisions and polling places from the baseline endpoints."
1955,aph_senate_polling_place,primary,"Parliament of Australia, Parliamentary Handbook",senate,historical_structured_results,api_template,https://handbookapi.aph.gov.au/api/Elections/SenateByPollingPlace?pollingPlace={polling_place}&division={division}&year=1955&electionId=223,data/raw/aph_handbook/1955/aph_senate_polling_place__template.json,True,"Expand after enumerating states, divisions and polling places from the baseline endpoints."
1958,aph_election,primary,"Parliament of Australia, Parliamentary Handbook",both,historical_structured_results,api_endpoint,https://handbookapi.aph.gov.au/api/Elections/Election?electionId=224,data/raw/aph_handbook/1958/aph_election.json,True,
1958,aph_house_candidates,primary,"Parliament of Australia, Parliamentary Handbook",house,historical_structured_results,api_endpoint,https://handbookapi.aph.gov.au/api/Elections/Candidates?electionId=224,data/raw/aph_handbook/1958/aph_house_candidates.json,True,
1958,aph_house_divisions,primary,"Parliament of Australia, Parliamentary Handbook",house,historical_structured_results,api_endpoint,https://handbookapi.aph.gov.au/api/Elections/Divisions?state=&year=1958,data/raw/aph_handbook/1958/aph_house_divisions.json,True,
1958,aph_house_elected,primary,"Parliament of Australia, Parliamentary Handbook",house,historical_structured_results,api_endpoint,https://handbookapi.aph.gov.au/api/Elections/MembersElected?year=1958,data/raw/aph_handbook/1958/aph_house_elected.json,True,
1958,aph_senate_candidates,primary,"Parliament of Australia, Parliamentary Handbook",senate,historical_structured_results,api_endpoint,https://handbookapi.aph.gov.au/api/Elections/SenateCandidates?year=1958,data/raw/aph_handbook/1958/aph_senate_candidates.json,True,
1958,aph_senate_elected,primary,"Parliament of Australia, Parliamentary Handbook",senate,historical_structured_results,api_endpoint,https://handbookapi.aph.gov.au/api/Elections/SenatorsElected?year=1958,data/raw/aph_handbook/1958/aph_senate_elected.json,True,
1958,aph_senate_state_statistics,primary,"Parliament of Australia, Parliamentary Handbook",senate,historical_structured_results,api_template,https://handbookapi.aph.gov.au/api/Elections/SenateStateStatistics?state={state}&year=1958,data/raw/aph_handbook/1958/aph_senate_state_statistics__template.json,True,"Expand after enumerating states, divisions and polling places from the baseline endpoints."
1958,aph_senate_by_candidate,primary,"Parliament of Australia, Parliamentary Handbook",senate,historical_structured_results,api_template,https://handbookapi.aph.gov.au/api/Elections/SenateByCandidate?state={state}&year=1958,data/raw/aph_handbook/1958/aph_senate_by_candidate__template.json,True,"Expand after enumerating states, divisions and polling places from the baseline endpoints."
1958,aph_senate_by_group,primary,"Parliament of Australia, Parliamentary Handbook",senate,historical_structured_results,api_template,https://handbookapi.aph.gov.au/api/Elections/SenateByGroup?state={state}&year=1958,data/raw/aph_handbook/1958/aph_senate_by_group__template.json,True,"Expand after enumerating states, divisions and polling places from the baseline endpoints."
1958,aph_senate_group_quotas,primary,"Parliament of Australia, Parliamentary Handbook",senate,historical_structured_results,api_template,https://handbookapi.aph.gov.au/api/Elections/SenateGroupQuotas?state={state}&year=1958,data/raw/aph_handbook/1958/aph_senate_group_quotas__template.json,True,"Expand after enumerating states, divisions and polling places from the baseline endpoints."
1958,aph_house_division_statistics,primary,"Parliament of Australia, Parliamentary Handbook",house,historical_structured_results,api_template,https://handbookapi.aph.gov.au/api/Elections/DivisionStatistics?divisionName={division}&year=1958&electionId=224,data/raw/aph_handbook/1958/aph_house_division_statistics__template.json,True,"Expand after enumerating states, divisions and polling places from the baseline endpoints."
1958,aph_house_first_preferences,primary,"Parliament of Australia, Parliamentary Handbook",house,historical_structured_results,api_template,https://handbookapi.aph.gov.au/api/Elections/FirstPreferenceCount?divisionName={division}&year=1958&electionId=224,data/raw/aph_handbook/1958/aph_house_first_preferences__template.json,True,"Expand after enumerating states, divisions and polling places from the baseline endpoints."
1958,aph_house_first_preferences_vote_type,primary,"Parliament of Australia, Parliamentary Handbook",house,historical_structured_results,api_template,https://handbookapi.aph.gov.au/api/Elections/FirstPreferencesByVoteType?divisionName={division}&year=1958&electionId=224,data/raw/aph_handbook/1958/aph_house_first_preferences_vote_type__template.json,True,"Expand after enumerating states, divisions and polling places from the baseline endpoints."
1958,aph_house_polling_places,primary,"Parliament of Australia, Parliamentary Handbook",house,historical_structured_results,api_template,https://handbookapi.aph.gov.au/api/Elections/PollingPlaces?divisionName={division}&year=1958&electionId=224,data/raw/aph_handbook/1958/aph_house_polling_places__template.json,True,"Expand after enumerating states, divisions and polling places from the baseline endpoints."
1958,aph_house_tcp,primary,"Parliament of Australia, Parliamentary Handbook",house,historical_structured_results,api_template,https://handbookapi.aph.gov.au/api/Elections/TwoCandidatePreferred?divisionName={division}&year=1958&electionId=224,data/raw/aph_handbook/1958/aph_house_tcp__template.json,True,"Expand after enumerating states, divisions and polling places from the baseline endpoints."
1958,aph_senate_by_division,primary,"Parliament of Australia, Parliamentary Handbook",senate,historical_structured_results,api_template,https://handbookapi.aph.gov.au/api/Elections/SenateByDivision?division={division}&year=1958,data/raw/aph_handbook/1958/aph_senate_by_division__template.json,True,"Expand after enumerating states, divisions and polling places from the baseline endpoints."
1958,aph_house_first_preferences_polling_place,primary,"Parliament of Australia, Parliamentary Handbook",house,historical_structured_results,api_template,https://handbookapi.aph.gov.au/api/Elections/FirstPreferencesByPollingPlace?pollingPlace={polling_place}&division={division}&year=1958&electionId=224,data/raw/aph_handbook/1958/aph_house_first_preferences_polling_place__template.json,True,"Expand after enumerating states, divisions and polling places from the baseline endpoints."
1958,aph_house_tcp_polling_place,primary,"Parliament of Australia, Parliamentary Handbook",house,historical_structured_results,api_template,https://handbookapi.aph.gov.au/api/Elections/TwoCandidatePreferredByPollingPlace?pollingPlace={polling_place}&division={division}&year=1958&electionId=224,data/raw/aph_handbook/1958/aph_house_tcp_polling_place__template.json,True,"Expand after enumerating states, divisions and polling places from the baseline endpoints."
1958,aph_senate_polling_place,primary,"Parliament of Australia, Parliamentary Handbook",senate,historical_structured_results,api_template,https://handbookapi.aph.gov.au/api/Elections/SenateByPollingPlace?pollingPlace={polling_place}&division={division}&year=1958&electionId=224,data/raw/aph_handbook/1958/aph_senate_polling_place__template.json,True,"Expand after enumerating states, divisions and polling places from the baseline endpoints."
1961,aph_election,primary,"Parliament of Australia, Parliamentary Handbook",both,historical_structured_results,api_endpoint,https://handbookapi.aph.gov.au/api/Elections/Election?electionId=225,data/raw/aph_handbook/1961/aph_election.json,True,
1961,aph_house_candidates,primary,"Parliament of Australia, Parliamentary Handbook",house,historical_structured_results,api_endpoint,https://handbookapi.aph.gov.au/api/Elections/Candidates?electionId=225,data/raw/aph_handbook/1961/aph_house_candidates.json,True,
1961,aph_house_divisions,primary,"Parliament of Australia, Parliamentary Handbook",house,historical_structured_results,api_endpoint,https://handbookapi.aph.gov.au/api/Elections/Divisions?state=&year=1961,data/raw/aph_handbook/1961/aph_house_divisions.json,True,
1961,aph_house_elected,primary,"Parliament of Australia, Parliamentary Handbook",house,historical_structured_results,api_endpoint,https://handbookapi.aph.gov.au/api/Elections/MembersElected?year=1961,data/raw/aph_handbook/1961/aph_house_elected.json,True,
1961,aph_senate_candidates,primary,"Parliament of Australia, Parliamentary Handbook",senate,historical_structured_results,api_endpoint,https://handbookapi.aph.gov.au/api/Elections/SenateCandidates?year=1961,data/raw/aph_handbook/1961/aph_senate_candidates.json,True,
1961,aph_senate_elected,primary,"Parliament of Australia, Parliamentary Handbook",senate,historical_structured_results,api_endpoint,https://handbookapi.aph.gov.au/api/Elections/SenatorsElected?year=1961,data/raw/aph_handbook/1961/aph_senate_elected.json,True,
1961,aph_senate_state_statistics,primary,"Parliament of Australia, Parliamentary Handbook",senate,historical_structured_results,api_template,https://handbookapi.aph.gov.au/api/Elections/SenateStateStatistics?state={state}&year=1961,data/raw/aph_handbook/1961/aph_senate_state_statistics__template.json,True,"Expand after enumerating states, divisions and polling places from the baseline endpoints."
1961,aph_senate_by_candidate,primary,"Parliament of Australia, Parliamentary Handbook",senate,historical_structured_results,api_template,https://handbookapi.aph.gov.au/api/Elections/SenateByCandidate?state={state}&year=1961,data/raw/aph_handbook/1961/aph_senate_by_candidate__template.json,True,"Expand after enumerating states, divisions and polling places from the baseline endpoints."
1961,aph_senate_by_group,primary,"Parliament of Australia, Parliamentary Handbook",senate,historical_structured_results,api_template,https://handbookapi.aph.gov.au/api/Elections/SenateByGroup?state={state}&year=1961,data/raw/aph_handbook/1961/aph_senate_by_group__template.json,True,"Expand after enumerating states, divisions and polling places from the baseline endpoints."
1961,aph_senate_group_quotas,primary,"Parliament of Australia, Parliamentary Handbook",senate,historical_structured_results,api_template,https://handbookapi.aph.gov.au/api/Elections/SenateGroupQuotas?state={state}&year=1961,data/raw/aph_handbook/1961/aph_senate_group_quotas__template.json,True,"Expand after enumerating states, divisions and polling places from the baseline endpoints."
1961,aph_house_division_statistics,primary,"Parliament of Australia, Parliamentary Handbook",house,historical_structured_results,api_template,https://handbookapi.aph.gov.au/api/Elections/DivisionStatistics?divisionName={division}&year=1961&electionId=225,data/raw/aph_handbook/1961/aph_house_division_statistics__template.json,True,"Expand after enumerating states, divisions and polling places from the baseline endpoints."
1961,aph_house_first_preferences,primary,"Parliament of Australia, Parliamentary Handbook",house,historical_structured_results,api_template,https://handbookapi.aph.gov.au/api/Elections/FirstPreferenceCount?divisionName={division}&year=1961&electionId=225,data/raw/aph_handbook/1961/aph_house_first_preferences__template.json,True,"Expand after enumerating states, divisions and polling places from the baseline endpoints."
1961,aph_house_first_preferences_vote_type,primary,"Parliament of Australia, Parliamentary Handbook",house,historical_structured_results,api_template,https://handbookapi.aph.gov.au/api/Elections/FirstPreferencesByVoteType?divisionName={division}&year=1961&electionId=225,data/raw/aph_handbook/1961/aph_house_first_preferences_vote_type__template.json,True,"Expand after enumerating states, divisions and polling places from the baseline endpoints."
1961,aph_house_polling_places,primary,"Parliament of Australia, Parliamentary Handbook",house,historical_structured_results,api_template,https://handbookapi.aph.gov.au/api/Elections/PollingPlaces?divisionName={division}&year=1961&electionId=225,data/raw/aph_handbook/1961/aph_house_polling_places__template.json,True,"Expand after enumerating states, divisions and polling places from the baseline endpoints."
1961,aph_house_tcp,primary,"Parliament of Australia, Parliamentary Handbook",house,historical_structured_results,api_template,https://handbookapi.aph.gov.au/api/Elections/TwoCandidatePreferred?divisionName={division}&year=1961&electionId=225,data/raw/aph_handbook/1961/aph_house_tcp__template.json,True,"Expand after enumerating states, divisions and polling places from the baseline endpoints."
1961,aph_senate_by_division,primary,"Parliament of Australia, Parliamentary Handbook",senate,historical_structured_results,api_template,https://handbookapi.aph.gov.au/api/Elections/SenateByDivision?division={division}&year=1961,data/raw/aph_handbook/1961/aph_senate_by_division__template.json,True,"Expand after enumerating states, divisions and polling places from the baseline endpoints."
1961,aph_house_first_preferences_polling_place,primary,"Parliament of Australia, Parliamentary Handbook",house,historical_structured_results,api_template,https://handbookapi.aph.gov.au/api/Elections/FirstPreferencesByPollingPlace?pollingPlace={polling_place}&division={division}&year=1961&electionId=225,data/raw/aph_handbook/1961/aph_house_first_preferences_polling_place__template.json,True,"Expand after enumerating states, divisions and polling places from the baseline endpoints."
1961,aph_house_tcp_polling_place,primary,"Parliament of Australia, Parliamentary Handbook",house,historical_structured_results,api_template,https://handbookapi.aph.gov.au/api/Elections/TwoCandidatePreferredByPollingPlace?pollingPlace={polling_place}&division={division}&year=1961&electionId=225,data/raw/aph_handbook/1961/aph_house_tcp_polling_place__template.json,True,"Expand after enumerating states, divisions and polling places from the baseline endpoints."
1961,aph_senate_polling_place,primary,"Parliament of Australia, Parliamentary Handbook",senate,historical_structured_results,api_template,https://handbookapi.aph.gov.au/api/Elections/SenateByPollingPlace?pollingPlace={polling_place}&division={division}&year=1961&electionId=225,data/raw/aph_handbook/1961/aph_senate_polling_place__template.json,True,"Expand after enumerating states, divisions and polling places from the baseline endpoints."
1963,aph_election,primary,"Parliament of Australia, Parliamentary Handbook",both,historical_structured_results,api_endpoint,https://handbookapi.aph.gov.au/api/Elections/Election?electionId=226,data/raw/aph_handbook/1963/aph_election.json,True,
1963,aph_house_candidates,primary,"Parliament of Australia, Parliamentary Handbook",house,historical_structured_results,api_endpoint,https://handbookapi.aph.gov.au/api/Elections/Candidates?electionId=226,data/raw/aph_handbook/1963/aph_house_candidates.json,True,
1963,aph_house_divisions,primary,"Parliament of Australia, Parliamentary Handbook",house,historical_structured_results,api_endpoint,https://handbookapi.aph.gov.au/api/Elections/Divisions?state=&year=1963,data/raw/aph_handbook/1963/aph_house_divisions.json,True,
1963,aph_house_elected,primary,"Parliament of Australia, Parliamentary Handbook",house,historical_structured_results,api_endpoint,https://handbookapi.aph.gov.au/api/Elections/MembersElected?year=1963,data/raw/aph_handbook/1963/aph_house_elected.json,True,
1963,aph_senate_candidates,primary,"Parliament of Australia, Parliamentary Handbook",senate,historical_structured_results,api_endpoint,https://handbookapi.aph.gov.au/api/Elections/SenateCandidates?year=1963,data/raw/aph_handbook/1963/aph_senate_candidates.json,True,
1963,aph_senate_elected,primary,"Parliament of Australia, Parliamentary Handbook",senate,historical_structured_results,api_endpoint,https://handbookapi.aph.gov.au/api/Elections/SenatorsElected?year=1963,data/raw/aph_handbook/1963/aph_senate_elected.json,True,
1963,aph_senate_state_statistics,primary,"Parliament of Australia, Parliamentary Handbook",senate,historical_structured_results,api_template,https://handbookapi.aph.gov.au/api/Elections/SenateStateStatistics?state={state}&year=1963,data/raw/aph_handbook/1963/aph_senate_state_statistics__template.json,True,"Expand after enumerating states, divisions and polling places from the baseline endpoints."
1963,aph_senate_by_candidate,primary,"Parliament of Australia, Parliamentary Handbook",senate,historical_structured_results,api_template,https://handbookapi.aph.gov.au/api/Elections/SenateByCandidate?state={state}&year=1963,data/raw/aph_handbook/1963/aph_senate_by_candidate__template.json,True,"Expand after enumerating states, divisions and polling places from the baseline endpoints."
1963,aph_senate_by_group,primary,"Parliament of Australia, Parliamentary Handbook",senate,historical_structured_results,api_template,https://handbookapi.aph.gov.au/api/Elections/SenateByGroup?state={state}&year=1963,data/raw/aph_handbook/1963/aph_senate_by_group__template.json,True,"Expand after enumerating states, divisions and polling places from the baseline endpoints."
1963,aph_senate_group_quotas,primary,"Parliament of Australia, Parliamentary Handbook",senate,historical_structured_results,api_template,https://handbookapi.aph.gov.au/api/Elections/SenateGroupQuotas?state={state}&year=1963,data/raw/aph_handbook/1963/aph_senate_group_quotas__template.json,True,"Expand after enumerating states, divisions and polling places from the baseline endpoints."
1963,aph_house_division_statistics,primary,"Parliament of Australia, Parliamentary Handbook",house,historical_structured_results,api_template,https://handbookapi.aph.gov.au/api/Elections/DivisionStatistics?divisionName={division}&year=1963&electionId=226,data/raw/aph_handbook/1963/aph_house_division_statistics__template.json,True,"Expand after enumerating states, divisions and polling places from the baseline endpoints."
1963,aph_house_first_preferences,primary,"Parliament of Australia, Parliamentary Handbook",house,historical_structured_results,api_template,https://handbookapi.aph.gov.au/api/Elections/FirstPreferenceCount?divisionName={division}&year=1963&electionId=226,data/raw/aph_handbook/1963/aph_house_first_preferences__template.json,True,"Expand after enumerating states, divisions and polling places from the baseline endpoints."
1963,aph_house_first_preferences_vote_type,primary,"Parliament of Australia, Parliamentary Handbook",house,historical_structured_results,api_template,https://handbookapi.aph.gov.au/api/Elections/FirstPreferencesByVoteType?divisionName={division}&year=1963&electionId=226,data/raw/aph_handbook/1963/aph_house_first_preferences_vote_type__template.json,True,"Expand after enumerating states, divisions and polling places from the baseline endpoints."
1963,aph_house_polling_places,primary,"Parliament of Australia, Parliamentary Handbook",house,historical_structured_results,api_template,https://handbookapi.aph.gov.au/api/Elections/PollingPlaces?divisionName={division}&year=1963&electionId=226,data/raw/aph_handbook/1963/aph_house_polling_places__template.json,True,"Expand after enumerating states, divisions and polling places from the baseline endpoints."
1963,aph_house_tcp,primary,"Parliament of Australia, Parliamentary Handbook",house,historical_structured_results,api_template,https://handbookapi.aph.gov.au/api/Elections/TwoCandidatePreferred?divisionName={division}&year=1963&electionId=226,data/raw/aph_handbook/1963/aph_house_tcp__template.json,True,"Expand after enumerating states, divisions and polling places from the baseline endpoints."
1963,aph_senate_by_division,primary,"Parliament of Australia, Parliamentary Handbook",senate,historical_structured_results,api_template,https://handbookapi.aph.gov.au/api/Elections/SenateByDivision?division={division}&year=1963,data/raw/aph_handbook/1963/aph_senate_by_division__template.json,True,"Expand after enumerating states, divisions and polling places from the baseline endpoints."
1963,aph_house_first_preferences_polling_place,primary,"Parliament of Australia, Parliamentary Handbook",house,historical_structured_results,api_template,https://handbookapi.aph.gov.au/api/Elections/FirstPreferencesByPollingPlace?pollingPlace={polling_place}&division={division}&year=1963&electionId=226,data/raw/aph_handbook/1963/aph_house_first_preferences_polling_place__template.json,True,"Expand after enumerating states, divisions and polling places from the baseline endpoints."
1963,aph_house_tcp_polling_place,primary,"Parliament of Australia, Parliamentary Handbook",house,historical_structured_results,api_template,https://handbookapi.aph.gov.au/api/Elections/TwoCandidatePreferredByPollingPlace?pollingPlace={polling_place}&division={division}&year=1963&electionId=226,data/raw/aph_handbook/1963/aph_house_tcp_polling_place__template.json,True,"Expand after enumerating states, divisions and polling places from the baseline endpoints."
1963,aph_senate_polling_place,primary,"Parliament of Australia, Parliamentary Handbook",senate,historical_structured_results,api_template,https://handbookapi.aph.gov.au/api/Elections/SenateByPollingPlace?pollingPlace={polling_place}&division={division}&year=1963&electionId=226,data/raw/aph_handbook/1963/aph_senate_polling_place__template.json,True,"Expand after enumerating states, divisions and polling places from the baseline endpoints."
1966,aph_election,primary,"Parliament of Australia, Parliamentary Handbook",both,historical_structured_results,api_endpoint,https://handbookapi.aph.gov.au/api/Elections/Election?electionId=227,data/raw/aph_handbook/1966/aph_election.json,True,
1966,aph_house_candidates,primary,"Parliament of Australia, Parliamentary Handbook",house,historical_structured_results,api_endpoint,https://handbookapi.aph.gov.au/api/Elections/Candidates?electionId=227,data/raw/aph_handbook/1966/aph_house_candidates.json,True,
1966,aph_house_divisions,primary,"Parliament of Australia, Parliamentary Handbook",house,historical_structured_results,api_endpoint,https://handbookapi.aph.gov.au/api/Elections/Divisions?state=&year=1966,data/raw/aph_handbook/1966/aph_house_divisions.json,True,
1966,aph_house_elected,primary,"Parliament of Australia, Parliamentary Handbook",house,historical_structured_results,api_endpoint,https://handbookapi.aph.gov.au/api/Elections/MembersElected?year=1966,data/raw/aph_handbook/1966/aph_house_elected.json,True,
1966,aph_senate_candidates,primary,"Parliament of Australia, Parliamentary Handbook",senate,historical_structured_results,api_endpoint,https://handbookapi.aph.gov.au/api/Elections/SenateCandidates?year=1966,data/raw/aph_handbook/1966/aph_senate_candidates.json,True,
1966,aph_senate_elected,primary,"Parliament of Australia, Parliamentary Handbook",senate,historical_structured_results,api_endpoint,https://handbookapi.aph.gov.au/api/Elections/SenatorsElected?year=1966,data/raw/aph_handbook/1966/aph_senate_elected.json,True,
1966,aph_senate_state_statistics,primary,"Parliament of Australia, Parliamentary Handbook",senate,historical_structured_results,api_template,https://handbookapi.aph.gov.au/api/Elections/SenateStateStatistics?state={state}&year=1966,data/raw/aph_handbook/1966/aph_senate_state_statistics__template.json,True,"Expand after enumerating states, divisions and polling places from the baseline endpoints."
1966,aph_senate_by_candidate,primary,"Parliament of Australia, Parliamentary Handbook",senate,historical_structured_results,api_template,https://handbookapi.aph.gov.au/api/Elections/SenateByCandidate?state={state}&year=1966,data/raw/aph_handbook/1966/aph_senate_by_candidate__template.json,True,"Expand after enumerating states, divisions and polling places from the baseline endpoints."
1966,aph_senate_by_group,primary,"Parliament of Australia, Parliamentary Handbook",senate,historical_structured_results,api_template,https://handbookapi.aph.gov.au/api/Elections/SenateByGroup?state={state}&year=1966,data/raw/aph_handbook/1966/aph_senate_by_group__template.json,True,"Expand after enumerating states, divisions and polling places from the baseline endpoints."
1966,aph_senate_group_quotas,primary,"Parliament of Australia, Parliamentary Handbook",senate,historical_structured_results,api_template,https://handbookapi.aph.gov.au/api/Elections/SenateGroupQuotas?state={state}&year=1966,data/raw/aph_handbook/1966/aph_senate_group_quotas__template.json,True,"Expand after enumerating states, divisions and polling places from the baseline endpoints."
1966,aph_house_division_statistics,primary,"Parliament of Australia, Parliamentary Handbook",house,historical_structured_results,api_template,https://handbookapi.aph.gov.au/api/Elections/DivisionStatistics?divisionName={division}&year=1966&electionId=227,data/raw/aph_handbook/1966/aph_house_division_statistics__template.json,True,"Expand after enumerating states, divisions and polling places from the baseline endpoints."
1966,aph_house_first_preferences,primary,"Parliament of Australia, Parliamentary Handbook",house,historical_structured_results,api_template,https://handbookapi.aph.gov.au/api/Elections/FirstPreferenceCount?divisionName={division}&year=1966&electionId=227,data/raw/aph_handbook/1966/aph_house_first_preferences__template.json,True,"Expand after enumerating states, divisions and polling places from the baseline endpoints."
1966,aph_house_first_preferences_vote_type,primary,"Parliament of Australia, Parliamentary Handbook",house,historical_structured_results,api_template,https://handbookapi.aph.gov.au/api/Elections/FirstPreferencesByVoteType?divisionName={division}&year=1966&electionId=227,data/raw/aph_handbook/1966/aph_house_first_preferences_vote_type__template.json,True,"Expand after enumerating states, divisions and polling places from the baseline endpoints."
1966,aph_house_polling_places,primary,"Parliament of Australia, Parliamentary Handbook",house,historical_structured_results,api_template,https://handbookapi.aph.gov.au/api/Elections/PollingPlaces?divisionName={division}&year=1966&electionId=227,data/raw/aph_handbook/1966/aph_house_polling_places__template.json,True,"Expand after enumerating states, divisions and polling places from the baseline endpoints."
1966,aph_house_tcp,primary,"Parliament of Australia, Parliamentary Handbook",house,historical_structured_results,api_template,https://handbookapi.aph.gov.au/api/Elections/TwoCandidatePreferred?divisionName={division}&year=1966&electionId=227,data/raw/aph_handbook/1966/aph_house_tcp__template.json,True,"Expand after enumerating states, divisions and polling places from the baseline endpoints."
1966,aph_senate_by_division,primary,"Parliament of Australia, Parliamentary Handbook",senate,historical_structured_results,api_template,https://handbookapi.aph.gov.au/api/Elections/SenateByDivision?division={division}&year=1966,data/raw/aph_handbook/1966/aph_senate_by_division__template.json,True,"Expand after enumerating states, divisions and polling places from the baseline endpoints."
1966,aph_house_first_preferences_polling_place,primary,"Parliament of Australia, Parliamentary Handbook",house,historical_structured_results,api_template,https://handbookapi.aph.gov.au/api/Elections/FirstPreferencesByPollingPlace?pollingPlace={polling_place}&division={division}&year=1966&electionId=227,data/raw/aph_handbook/1966/aph_house_first_preferences_polling_place__template.json,True,"Expand after enumerating states, divisions and polling places from the baseline endpoints."
1966,aph_house_tcp_polling_place,primary,"Parliament of Australia, Parliamentary Handbook",house,historical_structured_results,api_template,https://handbookapi.aph.gov.au/api/Elections/TwoCandidatePreferredByPollingPlace?pollingPlace={polling_place}&division={division}&year=1966&electionId=227,data/raw/aph_handbook/1966/aph_house_tcp_polling_place__template.json,True,"Expand after enumerating states, divisions and polling places from the baseline endpoints."
1966,aph_senate_polling_place,primary,"Parliament of Australia, Parliamentary Handbook",senate,historical_structured_results,api_template,https://handbookapi.aph.gov.au/api/Elections/SenateByPollingPlace?pollingPlace={polling_place}&division={division}&year=1966&electionId=227,data/raw/aph_handbook/1966/aph_senate_polling_place__template.json,True,"Expand after enumerating states, divisions and polling places from the baseline endpoints."
1969,aph_election,primary,"Parliament of Australia, Parliamentary Handbook",both,historical_structured_results,api_endpoint,https://handbookapi.aph.gov.au/api/Elections/Election?electionId=228,data/raw/aph_handbook/1969/aph_election.json,True,
1969,aph_house_candidates,primary,"Parliament of Australia, Parliamentary Handbook",house,historical_structured_results,api_endpoint,https://handbookapi.aph.gov.au/api/Elections/Candidates?electionId=228,data/raw/aph_handbook/1969/aph_house_candidates.json,True,
1969,aph_house_divisions,primary,"Parliament of Australia, Parliamentary Handbook",house,historical_structured_results,api_endpoint,https://handbookapi.aph.gov.au/api/Elections/Divisions?state=&year=1969,data/raw/aph_handbook/1969/aph_house_divisions.json,True,
1969,aph_house_elected,primary,"Parliament of Australia, Parliamentary Handbook",house,historical_structured_results,api_endpoint,https://handbookapi.aph.gov.au/api/Elections/MembersElected?year=1969,data/raw/aph_handbook/1969/aph_house_elected.json,True,
1969,aph_senate_candidates,primary,"Parliament of Australia, Parliamentary Handbook",senate,historical_structured_results,api_endpoint,https://handbookapi.aph.gov.au/api/Elections/SenateCandidates?year=1969,data/raw/aph_handbook/1969/aph_senate_candidates.json,True,
1969,aph_senate_elected,primary,"Parliament of Australia, Parliamentary Handbook",senate,historical_structured_results,api_endpoint,https://handbookapi.aph.gov.au/api/Elections/SenatorsElected?year=1969,data/raw/aph_handbook/1969/aph_senate_elected.json,True,
1969,aph_senate_state_statistics,primary,"Parliament of Australia, Parliamentary Handbook",senate,historical_structured_results,api_template,https://handbookapi.aph.gov.au/api/Elections/SenateStateStatistics?state={state}&year=1969,data/raw/aph_handbook/1969/aph_senate_state_statistics__template.json,True,"Expand after enumerating states, divisions and polling places from the baseline endpoints."
1969,aph_senate_by_candidate,primary,"Parliament of Australia, Parliamentary Handbook",senate,historical_structured_results,api_template,https://handbookapi.aph.gov.au/api/Elections/SenateByCandidate?state={state}&year=1969,data/raw/aph_handbook/1969/aph_senate_by_candidate__template.json,True,"Expand after enumerating states, divisions and polling places from the baseline endpoints."
1969,aph_senate_by_group,primary,"Parliament of Australia, Parliamentary Handbook",senate,historical_structured_results,api_template,https://handbookapi.aph.gov.au/api/Elections/SenateByGroup?state={state}&year=1969,data/raw/aph_handbook/1969/aph_senate_by_group__template.json,True,"Expand after enumerating states, divisions and polling places from the baseline endpoints."
1969,aph_senate_group_quotas,primary,"Parliament of Australia, Parliamentary Handbook",senate,historical_structured_results,api_template,https://handbookapi.aph.gov.au/api/Elections/SenateGroupQuotas?state={state}&year=1969,data/raw/aph_handbook/1969/aph_senate_group_quotas__template.json,True,"Expand after enumerating states, divisions and polling places from the baseline endpoints."
1969,aph_house_division_statistics,primary,"Parliament of Australia, Parliamentary Handbook",house,historical_structured_results,api_template,https://handbookapi.aph.gov.au/api/Elections/DivisionStatistics?divisionName={division}&year=1969&electionId=228,data/raw/aph_handbook/1969/aph_house_division_statistics__template.json,True,"Expand after enumerating states, divisions and polling places from the baseline endpoints."
1969,aph_house_first_preferences,primary,"Parliament of Australia, Parliamentary Handbook",house,historical_structured_results,api_template,https://handbookapi.aph.gov.au/api/Elections/FirstPreferenceCount?divisionName={division}&year=1969&electionId=228,data/raw/aph_handbook/1969/aph_house_first_preferences__template.json,True,"Expand after enumerating states, divisions and polling places from the baseline endpoints."
1969,aph_house_first_preferences_vote_type,primary,"Parliament of Australia, Parliamentary Handbook",house,historical_structured_results,api_template,https://handbookapi.aph.gov.au/api/Elections/FirstPreferencesByVoteType?divisionName={division}&year=1969&electionId=228,data/raw/aph_handbook/1969/aph_house_first_preferences_vote_type__template.json,True,"Expand after enumerating states, divisions and polling places from the baseline endpoints."
1969,aph_house_polling_places,primary,"Parliament of Australia, Parliamentary Handbook",house,historical_structured_results,api_template,https://handbookapi.aph.gov.au/api/Elections/PollingPlaces?divisionName={division}&year=1969&electionId=228,data/raw/aph_handbook/1969/aph_house_polling_places__template.json,True,"Expand after enumerating states, divisions and polling places from the baseline endpoints."
1969,aph_house_tcp,primary,"Parliament of Australia, Parliamentary Handbook",house,historical_structured_results,api_template,https://handbookapi.aph.gov.au/api/Elections/TwoCandidatePreferred?divisionName={division}&year=1969&electionId=228,data/raw/aph_handbook/1969/aph_house_tcp__template.json,True,"Expand after enumerating states, divisions and polling places from the baseline endpoints."
1969,aph_senate_by_division,primary,"Parliament of Australia, Parliamentary Handbook",senate,historical_structured_results,api_template,https://handbookapi.aph.gov.au/api/Elections/SenateByDivision?division={division}&year=1969,data/raw/aph_handbook/1969/aph_senate_by_division__template.json,True,"Expand after enumerating states, divisions and polling places from the baseline endpoints."
1969,aph_house_first_preferences_polling_place,primary,"Parliament of Australia, Parliamentary Handbook",house,historical_structured_results,api_template,https://handbookapi.aph.gov.au/api/Elections/FirstPreferencesByPollingPlace?pollingPlace={polling_place}&division={division}&year=1969&electionId=228,data/raw/aph_handbook/1969/aph_house_first_preferences_polling_place__template.json,True,"Expand after enumerating states, divisions and polling places from the baseline endpoints."
1969,aph_house_tcp_polling_place,primary,"Parliament of Australia, Parliamentary Handbook",house,historical_structured_results,api_template,https://handbookapi.aph.gov.au/api/Elections/TwoCandidatePreferredByPollingPlace?pollingPlace={polling_place}&division={division}&year=1969&electionId=228,data/raw/aph_handbook/1969/aph_house_tcp_polling_place__template.json,True,"Expand after enumerating states, divisions and polling places from the baseline endpoints."
1969,aph_senate_polling_place,primary,"Parliament of Australia, Parliamentary Handbook",senate,historical_structured_results,api_template,https://handbookapi.aph.gov.au/api/Elections/SenateByPollingPlace?pollingPlace={polling_place}&division={division}&year=1969&electionId=228,data/raw/aph_handbook/1969/aph_senate_polling_place__template.json,True,"Expand after enumerating states, divisions and polling places from the baseline endpoints."
1972,aph_election,primary,"Parliament of Australia, Parliamentary Handbook",both,historical_structured_results,api_endpoint,https://handbookapi.aph.gov.au/api/Elections/Election?electionId=229,data/raw/aph_handbook/1972/aph_election.json,True,
1972,aph_house_candidates,primary,"Parliament of Australia, Parliamentary Handbook",house,historical_structured_results,api_endpoint,https://handbookapi.aph.gov.au/api/Elections/Candidates?electionId=229,data/raw/aph_handbook/1972/aph_house_candidates.json,True,
1972,aph_house_divisions,primary,"Parliament of Australia, Parliamentary Handbook",house,historical_structured_results,api_endpoint,https://handbookapi.aph.gov.au/api/Elections/Divisions?state=&year=1972,data/raw/aph_handbook/1972/aph_house_divisions.json,True,
1972,aph_house_elected,primary,"Parliament of Australia, Parliamentary Handbook",house,historical_structured_results,api_endpoint,https://handbookapi.aph.gov.au/api/Elections/MembersElected?year=1972,data/raw/aph_handbook/1972/aph_house_elected.json,True,
1972,aph_senate_candidates,primary,"Parliament of Australia, Parliamentary Handbook",senate,historical_structured_results,api_endpoint,https://handbookapi.aph.gov.au/api/Elections/SenateCandidates?year=1972,data/raw/aph_handbook/1972/aph_senate_candidates.json,True,
1972,aph_senate_elected,primary,"Parliament of Australia, Parliamentary Handbook",senate,historical_structured_results,api_endpoint,https://handbookapi.aph.gov.au/api/Elections/SenatorsElected?year=1972,data/raw/aph_handbook/1972/aph_senate_elected.json,True,
1972,aph_senate_state_statistics,primary,"Parliament of Australia, Parliamentary Handbook",senate,historical_structured_results,api_template,https://handbookapi.aph.gov.au/api/Elections/SenateStateStatistics?state={state}&year=1972,data/raw/aph_handbook/1972/aph_senate_state_statistics__template.json,True,"Expand after enumerating states, divisions and polling places from the baseline endpoints."
1972,aph_senate_by_candidate,primary,"Parliament of Australia, Parliamentary Handbook",senate,historical_structured_results,api_template,https://handbookapi.aph.gov.au/api/Elections/SenateByCandidate?state={state}&year=1972,data/raw/aph_handbook/1972/aph_senate_by_candidate__template.json,True,"Expand after enumerating states, divisions and polling places from the baseline endpoints."
1972,aph_senate_by_group,primary,"Parliament of Australia, Parliamentary Handbook",senate,historical_structured_results,api_template,https://handbookapi.aph.gov.au/api/Elections/SenateByGroup?state={state}&year=1972,data/raw/aph_handbook/1972/aph_senate_by_group__template.json,True,"Expand after enumerating states, divisions and polling places from the baseline endpoints."
1972,aph_senate_group_quotas,primary,"Parliament of Australia, Parliamentary Handbook",senate,historical_structured_results,api_template,https://handbookapi.aph.gov.au/api/Elections/SenateGroupQuotas?state={state}&year=1972,data/raw/aph_handbook/1972/aph_senate_group_quotas__template.json,True,"Expand after enumerating states, divisions and polling places from the baseline endpoints."
1972,aph_house_division_statistics,primary,"Parliament of Australia, Parliamentary Handbook",house,historical_structured_results,api_template,https://handbookapi.aph.gov.au/api/Elections/DivisionStatistics?divisionName={division}&year=1972&electionId=229,data/raw/aph_handbook/1972/aph_house_division_statistics__template.json,True,"Expand after enumerating states, divisions and polling places from the baseline endpoints."
1972,aph_house_first_preferences,primary,"Parliament of Australia, Parliamentary Handbook",house,historical_structured_results,api_template,https://handbookapi.aph.gov.au/api/Elections/FirstPreferenceCount?divisionName={division}&year=1972&electionId=229,data/raw/aph_handbook/1972/aph_house_first_preferences__template.json,True,"Expand after enumerating states, divisions and polling places from the baseline endpoints."
1972,aph_house_first_preferences_vote_type,primary,"Parliament of Australia, Parliamentary Handbook",house,historical_structured_results,api_template,https://handbookapi.aph.gov.au/api/Elections/FirstPreferencesByVoteType?divisionName={division}&year=1972&electionId=229,data/raw/aph_handbook/1972/aph_house_first_preferences_vote_type__template.json,True,"Expand after enumerating states, divisions and polling places from the baseline endpoints."
1972,aph_house_polling_places,primary,"Parliament of Australia, Parliamentary Handbook",house,historical_structured_results,api_template,https://handbookapi.aph.gov.au/api/Elections/PollingPlaces?divisionName={division}&year=1972&electionId=229,data/raw/aph_handbook/1972/aph_house_polling_places__template.json,True,"Expand after enumerating states, divisions and polling places from the baseline endpoints."
1972,aph_house_tcp,primary,"Parliament of Australia, Parliamentary Handbook",house,historical_structured_results,api_template,https://handbookapi.aph.gov.au/api/Elections/TwoCandidatePreferred?divisionName={division}&year=1972&electionId=229,data/raw/aph_handbook/1972/aph_house_tcp__template.json,True,"Expand after enumerating states, divisions and polling places from the baseline endpoints."
1972,aph_senate_by_division,primary,"Parliament of Australia, Parliamentary Handbook",senate,historical_structured_results,api_template,https://handbookapi.aph.gov.au/api/Elections/SenateByDivision?division={division}&year=1972,data/raw/aph_handbook/1972/aph_senate_by_division__template.json,True,"Expand after enumerating states, divisions and polling places from the baseline endpoints."
1972,aph_house_first_preferences_polling_place,primary,"Parliament of Australia, Parliamentary Handbook",house,historical_structured_results,api_template,https://handbookapi.aph.gov.au/api/Elections/FirstPreferencesByPollingPlace?pollingPlace={polling_place}&division={division}&year=1972&electionId=229,data/raw/aph_handbook/1972/aph_house_first_preferences_polling_place__template.json,True,"Expand after enumerating states, divisions and polling places from the baseline endpoints."
1972,aph_house_tcp_polling_place,primary,"Parliament of Australia, Parliamentary Handbook",house,historical_structured_results,api_template,https://handbookapi.aph.gov.au/api/Elections/TwoCandidatePreferredByPollingPlace?pollingPlace={polling_place}&division={division}&year=1972&electionId=229,data/raw/aph_handbook/1972/aph_house_tcp_polling_place__template.json,True,"Expand after enumerating states, divisions and polling places from the baseline endpoints."
1972,aph_senate_polling_place,primary,"Parliament of Australia, Parliamentary Handbook",senate,historical_structured_results,api_template,https://handbookapi.aph.gov.au/api/Elections/SenateByPollingPlace?pollingPlace={polling_place}&division={division}&year=1972&electionId=229,data/raw/aph_handbook/1972/aph_senate_polling_place__template.json,True,"Expand after enumerating states, divisions and polling places from the baseline endpoints."
1974,aph_election,primary,"Parliament of Australia, Parliamentary Handbook",both,historical_structured_results,api_endpoint,https://handbookapi.aph.gov.au/api/Elections/Election?electionId=230,data/raw/aph_handbook/1974/aph_election.json,True,
1974,aph_house_candidates,primary,"Parliament of Australia, Parliamentary Handbook",house,historical_structured_results,api_endpoint,https://handbookapi.aph.gov.au/api/Elections/Candidates?electionId=230,data/raw/aph_handbook/1974/aph_house_candidates.json,True,
1974,aph_house_divisions,primary,"Parliament of Australia, Parliamentary Handbook",house,historical_structured_results,api_endpoint,https://handbookapi.aph.gov.au/api/Elections/Divisions?state=&year=1974,data/raw/aph_handbook/1974/aph_house_divisions.json,True,
1974,aph_house_elected,primary,"Parliament of Australia, Parliamentary Handbook",house,historical_structured_results,api_endpoint,https://handbookapi.aph.gov.au/api/Elections/MembersElected?year=1974,data/raw/aph_handbook/1974/aph_house_elected.json,True,
1974,aph_senate_candidates,primary,"Parliament of Australia, Parliamentary Handbook",senate,historical_structured_results,api_endpoint,https://handbookapi.aph.gov.au/api/Elections/SenateCandidates?year=1974,data/raw/aph_handbook/1974/aph_senate_candidates.json,True,
1974,aph_senate_elected,primary,"Parliament of Australia, Parliamentary Handbook",senate,historical_structured_results,api_endpoint,https://handbookapi.aph.gov.au/api/Elections/SenatorsElected?year=1974,data/raw/aph_handbook/1974/aph_senate_elected.json,True,
1974,aph_senate_state_statistics,primary,"Parliament of Australia, Parliamentary Handbook",senate,historical_structured_results,api_template,https://handbookapi.aph.gov.au/api/Elections/SenateStateStatistics?state={state}&year=1974,data/raw/aph_handbook/1974/aph_senate_state_statistics__template.json,True,"Expand after enumerating states, divisions and polling places from the baseline endpoints."
1974,aph_senate_by_candidate,primary,"Parliament of Australia, Parliamentary Handbook",senate,historical_structured_results,api_template,https://handbookapi.aph.gov.au/api/Elections/SenateByCandidate?state={state}&year=1974,data/raw/aph_handbook/1974/aph_senate_by_candidate__template.json,True,"Expand after enumerating states, divisions and polling places from the baseline endpoints."
1974,aph_senate_by_group,primary,"Parliament of Australia, Parliamentary Handbook",senate,historical_structured_results,api_template,https://handbookapi.aph.gov.au/api/Elections/SenateByGroup?state={state}&year=1974,data/raw/aph_handbook/1974/aph_senate_by_group__template.json,True,"Expand after enumerating states, divisions and polling places from the baseline endpoints."
1974,aph_senate_group_quotas,primary,"Parliament of Australia, Parliamentary Handbook",senate,historical_structured_results,api_template,https://handbookapi.aph.gov.au/api/Elections/SenateGroupQuotas?state={state}&year=1974,data/raw/aph_handbook/1974/aph_senate_group_quotas__template.json,True,"Expand after enumerating states, divisions and polling places from the baseline endpoints."
1974,aph_house_division_statistics,primary,"Parliament of Australia, Parliamentary Handbook",house,historical_structured_results,api_template,https://handbookapi.aph.gov.au/api/Elections/DivisionStatistics?divisionName={division}&year=1974&electionId=230,data/raw/aph_handbook/1974/aph_house_division_statistics__template.json,True,"Expand after enumerating states, divisions and polling places from the baseline endpoints."
1974,aph_house_first_preferences,primary,"Parliament of Australia, Parliamentary Handbook",house,historical_structured_results,api_template,https://handbookapi.aph.gov.au/api/Elections/FirstPreferenceCount?divisionName={division}&year=1974&electionId=230,data/raw/aph_handbook/1974/aph_house_first_preferences__template.json,True,"Expand after enumerating states, divisions and polling places from the baseline endpoints."
1974,aph_house_first_preferences_vote_type,primary,"Parliament of Australia, Parliamentary Handbook",house,historical_structured_results,api_template,https://handbookapi.aph.gov.au/api/Elections/FirstPreferencesByVoteType?divisionName={division}&year=1974&electionId=230,data/raw/aph_handbook/1974/aph_house_first_preferences_vote_type__template.json,True,"Expand after enumerating states, divisions and polling places from the baseline endpoints."
1974,aph_house_polling_places,primary,"Parliament of Australia, Parliamentary Handbook",house,historical_structured_results,api_template,https://handbookapi.aph.gov.au/api/Elections/PollingPlaces?divisionName={division}&year=1974&electionId=230,data/raw/aph_handbook/1974/aph_house_polling_places__template.json,True,"Expand after enumerating states, divisions and polling places from the baseline endpoints."
1974,aph_house_tcp,primary,"Parliament of Australia, Parliamentary Handbook",house,historical_structured_results,api_template,https://handbookapi.aph.gov.au/api/Elections/TwoCandidatePreferred?divisionName={division}&year=1974&electionId=230,data/raw/aph_handbook/1974/aph_house_tcp__template.json,True,"Expand after enumerating states, divisions and polling places from the baseline endpoints."
1974,aph_senate_by_division,primary,"Parliament of Australia, Parliamentary Handbook",senate,historical_structured_results,api_template,https://handbookapi.aph.gov.au/api/Elections/SenateByDivision?division={division}&year=1974,data/raw/aph_handbook/1974/aph_senate_by_division__template.json,True,"Expand after enumerating states, divisions and polling places from the baseline endpoints."
1974,aph_house_first_preferences_polling_place,primary,"Parliament of Australia, Parliamentary Handbook",house,historical_structured_results,api_template,https://handbookapi.aph.gov.au/api/Elections/FirstPreferencesByPollingPlace?pollingPlace={polling_place}&division={division}&year=1974&electionId=230,data/raw/aph_handbook/1974/aph_house_first_preferences_polling_place__template.json,True,"Expand after enumerating states, divisions and polling places from the baseline endpoints."
1974,aph_house_tcp_polling_place,primary,"Parliament of Australia, Parliamentary Handbook",house,historical_structured_results,api_template,https://handbookapi.aph.gov.au/api/Elections/TwoCandidatePreferredByPollingPlace?pollingPlace={polling_place}&division={division}&year=1974&electionId=230,data/raw/aph_handbook/1974/aph_house_tcp_polling_place__template.json,True,"Expand after enumerating states, divisions and polling places from the baseline endpoints."
1974,aph_senate_polling_place,primary,"Parliament of Australia, Parliamentary Handbook",senate,historical_structured_results,api_template,https://handbookapi.aph.gov.au/api/Elections/SenateByPollingPlace?pollingPlace={polling_place}&division={division}&year=1974&electionId=230,data/raw/aph_handbook/1974/aph_senate_polling_place__template.json,True,"Expand after enumerating states, divisions and polling places from the baseline endpoints."
1975,aph_election,primary,"Parliament of Australia, Parliamentary Handbook",both,historical_structured_results,api_endpoint,https://handbookapi.aph.gov.au/api/Elections/Election?electionId=231,data/raw/aph_handbook/1975/aph_election.json,True,
1975,aph_house_candidates,primary,"Parliament of Australia, Parliamentary Handbook",house,historical_structured_results,api_endpoint,https://handbookapi.aph.gov.au/api/Elections/Candidates?electionId=231,data/raw/aph_handbook/1975/aph_house_candidates.json,True,
1975,aph_house_divisions,primary,"Parliament of Australia, Parliamentary Handbook",house,historical_structured_results,api_endpoint,https://handbookapi.aph.gov.au/api/Elections/Divisions?state=&year=1975,data/raw/aph_handbook/1975/aph_house_divisions.json,True,
1975,aph_house_elected,primary,"Parliament of Australia, Parliamentary Handbook",house,historical_structured_results,api_endpoint,https://handbookapi.aph.gov.au/api/Elections/MembersElected?year=1975,data/raw/aph_handbook/1975/aph_house_elected.json,True,
1975,aph_senate_candidates,primary,"Parliament of Australia, Parliamentary Handbook",senate,historical_structured_results,api_endpoint,https://handbookapi.aph.gov.au/api/Elections/SenateCandidates?year=1975,data/raw/aph_handbook/1975/aph_senate_candidates.json,True,
1975,aph_senate_elected,primary,"Parliament of Australia, Parliamentary Handbook",senate,historical_structured_results,api_endpoint,https://handbookapi.aph.gov.au/api/Elections/SenatorsElected?year=1975,data/raw/aph_handbook/1975/aph_senate_elected.json,True,
1975,aph_senate_state_statistics,primary,"Parliament of Australia, Parliamentary Handbook",senate,historical_structured_results,api_template,https://handbookapi.aph.gov.au/api/Elections/SenateStateStatistics?state={state}&year=1975,data/raw/aph_handbook/1975/aph_senate_state_statistics__template.json,True,"Expand after enumerating states, divisions and polling places from the baseline endpoints."
1975,aph_senate_by_candidate,primary,"Parliament of Australia, Parliamentary Handbook",senate,historical_structured_results,api_template,https://handbookapi.aph.gov.au/api/Elections/SenateByCandidate?state={state}&year=1975,data/raw/aph_handbook/1975/aph_senate_by_candidate__template.json,True,"Expand after enumerating states, divisions and polling places from the baseline endpoints."
1975,aph_senate_by_group,primary,"Parliament of Australia, Parliamentary Handbook",senate,historical_structured_results,api_template,https://handbookapi.aph.gov.au/api/Elections/SenateByGroup?state={state}&year=1975,data/raw/aph_handbook/1975/aph_senate_by_group__template.json,True,"Expand after enumerating states, divisions and polling places from the baseline endpoints."
1975,aph_senate_group_quotas,primary,"Parliament of Australia, Parliamentary Handbook",senate,historical_structured_results,api_template,https://handbookapi.aph.gov.au/api/Elections/SenateGroupQuotas?state={state}&year=1975,data/raw/aph_handbook/1975/aph_senate_group_quotas__template.json,True,"Expand after enumerating states, divisions and polling places from the baseline endpoints."
1975,aph_house_division_statistics,primary,"Parliament of Australia, Parliamentary Handbook",house,historical_structured_results,api_template,https://handbookapi.aph.gov.au/api/Elections/DivisionStatistics?divisionName={division}&year=1975&electionId=231,data/raw/aph_handbook/1975/aph_house_division_statistics__template.json,True,"Expand after enumerating states, divisions and polling places from the baseline endpoints."
1975,aph_house_first_preferences,primary,"Parliament of Australia, Parliamentary Handbook",house,historical_structured_results,api_template,https://handbookapi.aph.gov.au/api/Elections/FirstPreferenceCount?divisionName={division}&year=1975&electionId=231,data/raw/aph_handbook/1975/aph_house_first_preferences__template.json,True,"Expand after enumerating states, divisions and polling places from the baseline endpoints."
1975,aph_house_first_preferences_vote_type,primary,"Parliament of Australia, Parliamentary Handbook",house,historical_structured_results,api_template,https://handbookapi.aph.gov.au/api/Elections/FirstPreferencesByVoteType?divisionName={division}&year=1975&electionId=231,data/raw/aph_handbook/1975/aph_house_first_preferences_vote_type__template.json,True,"Expand after enumerating states, divisions and polling places from the baseline endpoints."
1975,aph_house_polling_places,primary,"Parliament of Australia, Parliamentary Handbook",house,historical_structured_results,api_template,https://handbookapi.aph.gov.au/api/Elections/PollingPlaces?divisionName={division}&year=1975&electionId=231,data/raw/aph_handbook/1975/aph_house_polling_places__template.json,True,"Expand after enumerating states, divisions and polling places from the baseline endpoints."
1975,aph_house_tcp,primary,"Parliament of Australia, Parliamentary Handbook",house,historical_structured_results,api_template,https://handbookapi.aph.gov.au/api/Elections/TwoCandidatePreferred?divisionName={division}&year=1975&electionId=231,data/raw/aph_handbook/1975/aph_house_tcp__template.json,True,"Expand after enumerating states, divisions and polling places from the baseline endpoints."
1975,aph_senate_by_division,primary,"Parliament of Australia, Parliamentary Handbook",senate,historical_structured_results,api_template,https://handbookapi.aph.gov.au/api/Elections/SenateByDivision?division={division}&year=1975,data/raw/aph_handbook/1975/aph_senate_by_division__template.json,True,"Expand after enumerating states, divisions and polling places from the baseline endpoints."
1975,aph_house_first_preferences_polling_place,primary,"Parliament of Australia, Parliamentary Handbook",house,historical_structured_results,api_template,https://handbookapi.aph.gov.au/api/Elections/FirstPreferencesByPollingPlace?pollingPlace={polling_place}&division={division}&year=1975&electionId=231,data/raw/aph_handbook/1975/aph_house_first_preferences_polling_place__template.json,True,"Expand after enumerating states, divisions and polling places from the baseline endpoints."
1975,aph_house_tcp_polling_place,primary,"Parliament of Australia, Parliamentary Handbook",house,historical_structured_results,api_template,https://handbookapi.aph.gov.au/api/Elections/TwoCandidatePreferredByPollingPlace?pollingPlace={polling_place}&division={division}&year=1975&electionId=231,data/raw/aph_handbook/1975/aph_house_tcp_polling_place__template.json,True,"Expand after enumerating states, divisions and polling places from the baseline endpoints."
1975,aph_senate_polling_place,primary,"Parliament of Australia, Parliamentary Handbook",senate,historical_structured_results,api_template,https://handbookapi.aph.gov.au/api/Elections/SenateByPollingPlace?pollingPlace={polling_place}&division={division}&year=1975&electionId=231,data/raw/aph_handbook/1975/aph_senate_polling_place__template.json,True,"Expand after enumerating states, divisions and polling places from the baseline endpoints."
1977,aph_election,primary,"Parliament of Australia, Parliamentary Handbook",both,historical_structured_results,api_endpoint,https://handbookapi.aph.gov.au/api/Elections/Election?electionId=232,data/raw/aph_handbook/1977/aph_election.json,True,
1977,aph_house_candidates,primary,"Parliament of Australia, Parliamentary Handbook",house,historical_structured_results,api_endpoint,https://handbookapi.aph.gov.au/api/Elections/Candidates?electionId=232,data/raw/aph_handbook/1977/aph_house_candidates.json,True,
1977,aph_house_divisions,primary,"Parliament of Australia, Parliamentary Handbook",house,historical_structured_results,api_endpoint,https://handbookapi.aph.gov.au/api/Elections/Divisions?state=&year=1977,data/raw/aph_handbook/1977/aph_house_divisions.json,True,
1977,aph_house_elected,primary,"Parliament of Australia, Parliamentary Handbook",house,historical_structured_results,api_endpoint,https://handbookapi.aph.gov.au/api/Elections/MembersElected?year=1977,data/raw/aph_handbook/1977/aph_house_elected.json,True,
1977,aph_senate_candidates,primary,"Parliament of Australia, Parliamentary Handbook",senate,historical_structured_results,api_endpoint,https://handbookapi.aph.gov.au/api/Elections/SenateCandidates?year=1977,data/raw/aph_handbook/1977/aph_senate_candidates.json,True,
1977,aph_senate_elected,primary,"Parliament of Australia, Parliamentary Handbook",senate,historical_structured_results,api_endpoint,https://handbookapi.aph.gov.au/api/Elections/SenatorsElected?year=1977,data/raw/aph_handbook/1977/aph_senate_elected.json,True,
1977,aph_senate_state_statistics,primary,"Parliament of Australia, Parliamentary Handbook",senate,historical_structured_results,api_template,https://handbookapi.aph.gov.au/api/Elections/SenateStateStatistics?state={state}&year=1977,data/raw/aph_handbook/1977/aph_senate_state_statistics__template.json,True,"Expand after enumerating states, divisions and polling places from the baseline endpoints."
1977,aph_senate_by_candidate,primary,"Parliament of Australia, Parliamentary Handbook",senate,historical_structured_results,api_template,https://handbookapi.aph.gov.au/api/Elections/SenateByCandidate?state={state}&year=1977,data/raw/aph_handbook/1977/aph_senate_by_candidate__template.json,True,"Expand after enumerating states, divisions and polling places from the baseline endpoints."
1977,aph_senate_by_group,primary,"Parliament of Australia, Parliamentary Handbook",senate,historical_structured_results,api_template,https://handbookapi.aph.gov.au/api/Elections/SenateByGroup?state={state}&year=1977,data/raw/aph_handbook/1977/aph_senate_by_group__template.json,True,"Expand after enumerating states, divisions and polling places from the baseline endpoints."
1977,aph_senate_group_quotas,primary,"Parliament of Australia, Parliamentary Handbook",senate,historical_structured_results,api_template,https://handbookapi.aph.gov.au/api/Elections/SenateGroupQuotas?state={state}&year=1977,data/raw/aph_handbook/1977/aph_senate_group_quotas__template.json,True,"Expand after enumerating states, divisions and polling places from the baseline endpoints."
1977,aph_house_division_statistics,primary,"Parliament of Australia, Parliamentary Handbook",house,historical_structured_results,api_template,https://handbookapi.aph.gov.au/api/Elections/DivisionStatistics?divisionName={division}&year=1977&electionId=232,data/raw/aph_handbook/1977/aph_house_division_statistics__template.json,True,"Expand after enumerating states, divisions and polling places from the baseline endpoints."
1977,aph_house_first_preferences,primary,"Parliament of Australia, Parliamentary Handbook",house,historical_structured_results,api_template,https://handbookapi.aph.gov.au/api/Elections/FirstPreferenceCount?divisionName={division}&year=1977&electionId=232,data/raw/aph_handbook/1977/aph_house_first_preferences__template.json,True,"Expand after enumerating states, divisions and polling places from the baseline endpoints."
1977,aph_house_first_preferences_vote_type,primary,"Parliament of Australia, Parliamentary Handbook",house,historical_structured_results,api_template,https://handbookapi.aph.gov.au/api/Elections/FirstPreferencesByVoteType?divisionName={division}&year=1977&electionId=232,data/raw/aph_handbook/1977/aph_house_first_preferences_vote_type__template.json,True,"Expand after enumerating states, divisions and polling places from the baseline endpoints."
1977,aph_house_polling_places,primary,"Parliament of Australia, Parliamentary Handbook",house,historical_structured_results,api_template,https://handbookapi.aph.gov.au/api/Elections/PollingPlaces?divisionName={division}&year=1977&electionId=232,data/raw/aph_handbook/1977/aph_house_polling_places__template.json,True,"Expand after enumerating states, divisions and polling places from the baseline endpoints."
1977,aph_house_tcp,primary,"Parliament of Australia, Parliamentary Handbook",house,historical_structured_results,api_template,https://handbookapi.aph.gov.au/api/Elections/TwoCandidatePreferred?divisionName={division}&year=1977&electionId=232,data/raw/aph_handbook/1977/aph_house_tcp__template.json,True,"Expand after enumerating states, divisions and polling places from the baseline endpoints."
1977,aph_senate_by_division,primary,"Parliament of Australia, Parliamentary Handbook",senate,historical_structured_results,api_template,https://handbookapi.aph.gov.au/api/Elections/SenateByDivision?division={division}&year=1977,data/raw/aph_handbook/1977/aph_senate_by_division__template.json,True,"Expand after enumerating states, divisions and polling places from the baseline endpoints."
1977,aph_house_first_preferences_polling_place,primary,"Parliament of Australia, Parliamentary Handbook",house,historical_structured_results,api_template,https://handbookapi.aph.gov.au/api/Elections/FirstPreferencesByPollingPlace?pollingPlace={polling_place}&division={division}&year=1977&electionId=232,data/raw/aph_handbook/1977/aph_house_first_preferences_polling_place__template.json,True,"Expand after enumerating states, divisions and polling places from the baseline endpoints."
1977,aph_house_tcp_polling_place,primary,"Parliament of Australia, Parliamentary Handbook",house,historical_structured_results,api_template,https://handbookapi.aph.gov.au/api/Elections/TwoCandidatePreferredByPollingPlace?pollingPlace={polling_place}&division={division}&year=1977&electionId=232,data/raw/aph_handbook/1977/aph_house_tcp_polling_place__template.json,True,"Expand after enumerating states, divisions and polling places from the baseline endpoints."
1977,aph_senate_polling_place,primary,"Parliament of Australia, Parliamentary Handbook",senate,historical_structured_results,api_template,https://handbookapi.aph.gov.au/api/Elections/SenateByPollingPlace?pollingPlace={polling_place}&division={division}&year=1977&electionId=232,data/raw/aph_handbook/1977/aph_senate_polling_place__template.json,True,"Expand after enumerating states, divisions and polling places from the baseline endpoints."
1980,aph_election,primary,"Parliament of Australia, Parliamentary Handbook",both,historical_structured_results,api_endpoint,https://handbookapi.aph.gov.au/api/Elections/Election?electionId=233,data/raw/aph_handbook/1980/aph_election.json,True,
1980,aph_house_candidates,primary,"Parliament of Australia, Parliamentary Handbook",house,historical_structured_results,api_endpoint,https://handbookapi.aph.gov.au/api/Elections/Candidates?electionId=233,data/raw/aph_handbook/1980/aph_house_candidates.json,True,
1980,aph_house_divisions,primary,"Parliament of Australia, Parliamentary Handbook",house,historical_structured_results,api_endpoint,https://handbookapi.aph.gov.au/api/Elections/Divisions?state=&year=1980,data/raw/aph_handbook/1980/aph_house_divisions.json,True,
1980,aph_house_elected,primary,"Parliament of Australia, Parliamentary Handbook",house,historical_structured_results,api_endpoint,https://handbookapi.aph.gov.au/api/Elections/MembersElected?year=1980,data/raw/aph_handbook/1980/aph_house_elected.json,True,
1980,aph_senate_candidates,primary,"Parliament of Australia, Parliamentary Handbook",senate,historical_structured_results,api_endpoint,https://handbookapi.aph.gov.au/api/Elections/SenateCandidates?year=1980,data/raw/aph_handbook/1980/aph_senate_candidates.json,True,
1980,aph_senate_elected,primary,"Parliament of Australia, Parliamentary Handbook",senate,historical_structured_results,api_endpoint,https://handbookapi.aph.gov.au/api/Elections/SenatorsElected?year=1980,data/raw/aph_handbook/1980/aph_senate_elected.json,True,
1980,aph_senate_state_statistics,primary,"Parliament of Australia, Parliamentary Handbook",senate,historical_structured_results,api_template,https://handbookapi.aph.gov.au/api/Elections/SenateStateStatistics?state={state}&year=1980,data/raw/aph_handbook/1980/aph_senate_state_statistics__template.json,True,"Expand after enumerating states, divisions and polling places from the baseline endpoints."
1980,aph_senate_by_candidate,primary,"Parliament of Australia, Parliamentary Handbook",senate,historical_structured_results,api_template,https://handbookapi.aph.gov.au/api/Elections/SenateByCandidate?state={state}&year=1980,data/raw/aph_handbook/1980/aph_senate_by_candidate__template.json,True,"Expand after enumerating states, divisions and polling places from the baseline endpoints."
1980,aph_senate_by_group,primary,"Parliament of Australia, Parliamentary Handbook",senate,historical_structured_results,api_template,https://handbookapi.aph.gov.au/api/Elections/SenateByGroup?state={state}&year=1980,data/raw/aph_handbook/1980/aph_senate_by_group__template.json,True,"Expand after enumerating states, divisions and polling places from the baseline endpoints."
1980,aph_senate_group_quotas,primary,"Parliament of Australia, Parliamentary Handbook",senate,historical_structured_results,api_template,https://handbookapi.aph.gov.au/api/Elections/SenateGroupQuotas?state={state}&year=1980,data/raw/aph_handbook/1980/aph_senate_group_quotas__template.json,True,"Expand after enumerating states, divisions and polling places from the baseline endpoints."
1980,aph_house_division_statistics,primary,"Parliament of Australia, Parliamentary Handbook",house,historical_structured_results,api_template,https://handbookapi.aph.gov.au/api/Elections/DivisionStatistics?divisionName={division}&year=1980&electionId=233,data/raw/aph_handbook/1980/aph_house_division_statistics__template.json,True,"Expand after enumerating states, divisions and polling places from the baseline endpoints."
1980,aph_house_first_preferences,primary,"Parliament of Australia, Parliamentary Handbook",house,historical_structured_results,api_template,https://handbookapi.aph.gov.au/api/Elections/FirstPreferenceCount?divisionName={division}&year=1980&electionId=233,data/raw/aph_handbook/1980/aph_house_first_preferences__template.json,True,"Expand after enumerating states, divisions and polling places from the baseline endpoints."
1980,aph_house_first_preferences_vote_type,primary,"Parliament of Australia, Parliamentary Handbook",house,historical_structured_results,api_template,https://handbookapi.aph.gov.au/api/Elections/FirstPreferencesByVoteType?divisionName={division}&year=1980&electionId=233,data/raw/aph_handbook/1980/aph_house_first_preferences_vote_type__template.json,True,"Expand after enumerating states, divisions and polling places from the baseline endpoints."
1980,aph_house_polling_places,primary,"Parliament of Australia, Parliamentary Handbook",house,historical_structured_results,api_template,https://handbookapi.aph.gov.au/api/Elections/PollingPlaces?divisionName={division}&year=1980&electionId=233,data/raw/aph_handbook/1980/aph_house_polling_places__template.json,True,"Expand after enumerating states, divisions and polling places from the baseline endpoints."
1980,aph_house_tcp,primary,"Parliament of Australia, Parliamentary Handbook",house,historical_structured_results,api_template,https://handbookapi.aph.gov.au/api/Elections/TwoCandidatePreferred?divisionName={division}&year=1980&electionId=233,data/raw/aph_handbook/1980/aph_house_tcp__template.json,True,"Expand after enumerating states, divisions and polling places from the baseline endpoints."
1980,aph_senate_by_division,primary,"Parliament of Australia, Parliamentary Handbook",senate,historical_structured_results,api_template,https://handbookapi.aph.gov.au/api/Elections/SenateByDivision?division={division}&year=1980,data/raw/aph_handbook/1980/aph_senate_by_division__template.json,True,"Expand after enumerating states, divisions and polling places from the baseline endpoints."
1980,aph_house_first_preferences_polling_place,primary,"Parliament of Australia, Parliamentary Handbook",house,historical_structured_results,api_template,https://handbookapi.aph.gov.au/api/Elections/FirstPreferencesByPollingPlace?pollingPlace={polling_place}&division={division}&year=1980&electionId=233,data/raw/aph_handbook/1980/aph_house_first_preferences_polling_place__template.json,True,"Expand after enumerating states, divisions and polling places from the baseline endpoints."
1980,aph_house_tcp_polling_place,primary,"Parliament of Australia, Parliamentary Handbook",house,historical_structured_results,api_template,https://handbookapi.aph.gov.au/api/Elections/TwoCandidatePreferredByPollingPlace?pollingPlace={polling_place}&division={division}&year=1980&electionId=233,data/raw/aph_handbook/1980/aph_house_tcp_polling_place__template.json,True,"Expand after enumerating states, divisions and polling places from the baseline endpoints."
1980,aph_senate_polling_place,primary,"Parliament of Australia, Parliamentary Handbook",senate,historical_structured_results,api_template,https://handbookapi.aph.gov.au/api/Elections/SenateByPollingPlace?pollingPlace={polling_place}&division={division}&year=1980&electionId=233,data/raw/aph_handbook/1980/aph_senate_polling_place__template.json,True,"Expand after enumerating states, divisions and polling places from the baseline endpoints."
1983,aph_election,primary,"Parliament of Australia, Parliamentary Handbook",both,historical_structured_results,api_endpoint,https://handbookapi.aph.gov.au/api/Elections/Election?electionId=234,data/raw/aph_handbook/1983/aph_election.json,True,
1983,aph_house_candidates,primary,"Parliament of Australia, Parliamentary Handbook",house,historical_structured_results,api_endpoint,https://handbookapi.aph.gov.au/api/Elections/Candidates?electionId=234,data/raw/aph_handbook/1983/aph_house_candidates.json,True,
1983,aph_house_divisions,primary,"Parliament of Australia, Parliamentary Handbook",house,historical_structured_results,api_endpoint,https://handbookapi.aph.gov.au/api/Elections/Divisions?state=&year=1983,data/raw/aph_handbook/1983/aph_house_divisions.json,True,
1983,aph_house_elected,primary,"Parliament of Australia, Parliamentary Handbook",house,historical_structured_results,api_endpoint,https://handbookapi.aph.gov.au/api/Elections/MembersElected?year=1983,data/raw/aph_handbook/1983/aph_house_elected.json,True,
1983,aph_senate_candidates,primary,"Parliament of Australia, Parliamentary Handbook",senate,historical_structured_results,api_endpoint,https://handbookapi.aph.gov.au/api/Elections/SenateCandidates?year=1983,data/raw/aph_handbook/1983/aph_senate_candidates.json,True,
1983,aph_senate_elected,primary,"Parliament of Australia, Parliamentary Handbook",senate,historical_structured_results,api_endpoint,https://handbookapi.aph.gov.au/api/Elections/SenatorsElected?year=1983,data/raw/aph_handbook/1983/aph_senate_elected.json,True,
1983,aph_senate_state_statistics,primary,"Parliament of Australia, Parliamentary Handbook",senate,historical_structured_results,api_template,https://handbookapi.aph.gov.au/api/Elections/SenateStateStatistics?state={state}&year=1983,data/raw/aph_handbook/1983/aph_senate_state_statistics__template.json,True,"Expand after enumerating states, divisions and polling places from the baseline endpoints."
1983,aph_senate_by_candidate,primary,"Parliament of Australia, Parliamentary Handbook",senate,historical_structured_results,api_template,https://handbookapi.aph.gov.au/api/Elections/SenateByCandidate?state={state}&year=1983,data/raw/aph_handbook/1983/aph_senate_by_candidate__template.json,True,"Expand after enumerating states, divisions and polling places from the baseline endpoints."
1983,aph_senate_by_group,primary,"Parliament of Australia, Parliamentary Handbook",senate,historical_structured_results,api_template,https://handbookapi.aph.gov.au/api/Elections/SenateByGroup?state={state}&year=1983,data/raw/aph_handbook/1983/aph_senate_by_group__template.json,True,"Expand after enumerating states, divisions and polling places from the baseline endpoints."
1983,aph_senate_group_quotas,primary,"Parliament of Australia, Parliamentary Handbook",senate,historical_structured_results,api_template,https://handbookapi.aph.gov.au/api/Elections/SenateGroupQuotas?state={state}&year=1983,data/raw/aph_handbook/1983/aph_senate_group_quotas__template.json,True,"Expand after enumerating states, divisions and polling places from the baseline endpoints."
1983,aph_house_division_statistics,primary,"Parliament of Australia, Parliamentary Handbook",house,historical_structured_results,api_template,https://handbookapi.aph.gov.au/api/Elections/DivisionStatistics?divisionName={division}&year=1983&electionId=234,data/raw/aph_handbook/1983/aph_house_division_statistics__template.json,True,"Expand after enumerating states, divisions and polling places from the baseline endpoints."
1983,aph_house_first_preferences,primary,"Parliament of Australia, Parliamentary Handbook",house,historical_structured_results,api_template,https://handbookapi.aph.gov.au/api/Elections/FirstPreferenceCount?divisionName={division}&year=1983&electionId=234,data/raw/aph_handbook/1983/aph_house_first_preferences__template.json,True,"Expand after enumerating states, divisions and polling places from the baseline endpoints."
1983,aph_house_first_preferences_vote_type,primary,"Parliament of Australia, Parliamentary Handbook",house,historical_structured_results,api_template,https://handbookapi.aph.gov.au/api/Elections/FirstPreferencesByVoteType?divisionName={division}&year=1983&electionId=234,data/raw/aph_handbook/1983/aph_house_first_preferences_vote_type__template.json,True,"Expand after enumerating states, divisions and polling places from the baseline endpoints."
1983,aph_house_polling_places,primary,"Parliament of Australia, Parliamentary Handbook",house,historical_structured_results,api_template,https://handbookapi.aph.gov.au/api/Elections/PollingPlaces?divisionName={division}&year=1983&electionId=234,data/raw/aph_handbook/1983/aph_house_polling_places__template.json,True,"Expand after enumerating states, divisions and polling places from the baseline endpoints."
1983,aph_house_tcp,primary,"Parliament of Australia, Parliamentary Handbook",house,historical_structured_results,api_template,https://handbookapi.aph.gov.au/api/Elections/TwoCandidatePreferred?divisionName={division}&year=1983&electionId=234,data/raw/aph_handbook/1983/aph_house_tcp__template.json,True,"Expand after enumerating states, divisions and polling places from the baseline endpoints."
1983,aph_senate_by_division,primary,"Parliament of Australia, Parliamentary Handbook",senate,historical_structured_results,api_template,https://handbookapi.aph.gov.au/api/Elections/SenateByDivision?division={division}&year=1983,data/raw/aph_handbook/1983/aph_senate_by_division__template.json,True,"Expand after enumerating states, divisions and polling places from the baseline endpoints."
1983,aph_house_first_preferences_polling_place,primary,"Parliament of Australia, Parliamentary Handbook",house,historical_structured_results,api_template,https://handbookapi.aph.gov.au/api/Elections/FirstPreferencesByPollingPlace?pollingPlace={polling_place}&division={division}&year=1983&electionId=234,data/raw/aph_handbook/1983/aph_house_first_preferences_polling_place__template.json,True,"Expand after enumerating states, divisions and polling places from the baseline endpoints."
1983,aph_house_tcp_polling_place,primary,"Parliament of Australia, Parliamentary Handbook",house,historical_structured_results,api_template,https://handbookapi.aph.gov.au/api/Elections/TwoCandidatePreferredByPollingPlace?pollingPlace={polling_place}&division={division}&year=1983&electionId=234,data/raw/aph_handbook/1983/aph_house_tcp_polling_place__template.json,True,"Expand after enumerating states, divisions and polling places from the baseline endpoints."
1983,aph_senate_polling_place,primary,"Parliament of Australia, Parliamentary Handbook",senate,historical_structured_results,api_template,https://handbookapi.aph.gov.au/api/Elections/SenateByPollingPlace?pollingPlace={polling_place}&division={division}&year=1983&electionId=234,data/raw/aph_handbook/1983/aph_senate_polling_place__template.json,True,"Expand after enumerating states, divisions and polling places from the baseline endpoints."
1984,aph_election,primary,"Parliament of Australia, Parliamentary Handbook",both,historical_structured_results,api_endpoint,https://handbookapi.aph.gov.au/api/Elections/Election?electionId=235,data/raw/aph_handbook/1984/aph_election.json,True,
1984,aph_house_candidates,primary,"Parliament of Australia, Parliamentary Handbook",house,historical_structured_results,api_endpoint,https://handbookapi.aph.gov.au/api/Elections/Candidates?electionId=235,data/raw/aph_handbook/1984/aph_house_candidates.json,True,
1984,aph_house_divisions,primary,"Parliament of Australia, Parliamentary Handbook",house,historical_structured_results,api_endpoint,https://handbookapi.aph.gov.au/api/Elections/Divisions?state=&year=1984,data/raw/aph_handbook/1984/aph_house_divisions.json,True,
1984,aph_house_elected,primary,"Parliament of Australia, Parliamentary Handbook",house,historical_structured_results,api_endpoint,https://handbookapi.aph.gov.au/api/Elections/MembersElected?year=1984,data/raw/aph_handbook/1984/aph_house_elected.json,True,
1984,aph_senate_candidates,primary,"Parliament of Australia, Parliamentary Handbook",senate,historical_structured_results,api_endpoint,https://handbookapi.aph.gov.au/api/Elections/SenateCandidates?year=1984,data/raw/aph_handbook/1984/aph_senate_candidates.json,True,
1984,aph_senate_elected,primary,"Parliament of Australia, Parliamentary Handbook",senate,historical_structured_results,api_endpoint,https://handbookapi.aph.gov.au/api/Elections/SenatorsElected?year=1984,data/raw/aph_handbook/1984/aph_senate_elected.json,True,
1984,aph_senate_state_statistics,primary,"Parliament of Australia, Parliamentary Handbook",senate,historical_structured_results,api_template,https://handbookapi.aph.gov.au/api/Elections/SenateStateStatistics?state={state}&year=1984,data/raw/aph_handbook/1984/aph_senate_state_statistics__template.json,True,"Expand after enumerating states, divisions and polling places from the baseline endpoints."
1984,aph_senate_by_candidate,primary,"Parliament of Australia, Parliamentary Handbook",senate,historical_structured_results,api_template,https://handbookapi.aph.gov.au/api/Elections/SenateByCandidate?state={state}&year=1984,data/raw/aph_handbook/1984/aph_senate_by_candidate__template.json,True,"Expand after enumerating states, divisions and polling places from the baseline endpoints."
1984,aph_senate_by_group,primary,"Parliament of Australia, Parliamentary Handbook",senate,historical_structured_results,api_template,https://handbookapi.aph.gov.au/api/Elections/SenateByGroup?state={state}&year=1984,data/raw/aph_handbook/1984/aph_senate_by_group__template.json,True,"Expand after enumerating states, divisions and polling places from the baseline endpoints."
1984,aph_senate_group_quotas,primary,"Parliament of Australia, Parliamentary Handbook",senate,historical_structured_results,api_template,https://handbookapi.aph.gov.au/api/Elections/SenateGroupQuotas?state={state}&year=1984,data/raw/aph_handbook/1984/aph_senate_group_quotas__template.json,True,"Expand after enumerating states, divisions and polling places from the baseline endpoints."
1984,aph_house_division_statistics,primary,"Parliament of Australia, Parliamentary Handbook",house,historical_structured_results,api_template,https://handbookapi.aph.gov.au/api/Elections/DivisionStatistics?divisionName={division}&year=1984&electionId=235,data/raw/aph_handbook/1984/aph_house_division_statistics__template.json,True,"Expand after enumerating states, divisions and polling places from the baseline endpoints."
1984,aph_house_first_preferences,primary,"Parliament of Australia, Parliamentary Handbook",house,historical_structured_results,api_template,https://handbookapi.aph.gov.au/api/Elections/FirstPreferenceCount?divisionName={division}&year=1984&electionId=235,data/raw/aph_handbook/1984/aph_house_first_preferences__template.json,True,"Expand after enumerating states, divisions and polling places from the baseline endpoints."
1984,aph_house_first_preferences_vote_type,primary,"Parliament of Australia, Parliamentary Handbook",house,historical_structured_results,api_template,https://handbookapi.aph.gov.au/api/Elections/FirstPreferencesByVoteType?divisionName={division}&year=1984&electionId=235,data/raw/aph_handbook/1984/aph_house_first_preferences_vote_type__template.json,True,"Expand after enumerating states, divisions and polling places from the baseline endpoints."
1984,aph_house_polling_places,primary,"Parliament of Australia, Parliamentary Handbook",house,historical_structured_results,api_template,https://handbookapi.aph.gov.au/api/Elections/PollingPlaces?divisionName={division}&year=1984&electionId=235,data/raw/aph_handbook/1984/aph_house_polling_places__template.json,True,"Expand after enumerating states, divisions and polling places from the baseline endpoints."
1984,aph_house_tcp,primary,"Parliament of Australia, Parliamentary Handbook",house,historical_structured_results,api_template,https://handbookapi.aph.gov.au/api/Elections/TwoCandidatePreferred?divisionName={division}&year=1984&electionId=235,data/raw/aph_handbook/1984/aph_house_tcp__template.json,True,"Expand after enumerating states, divisions and polling places from the baseline endpoints."
1984,aph_senate_by_division,primary,"Parliament of Australia, Parliamentary Handbook",senate,historical_structured_results,api_template,https://handbookapi.aph.gov.au/api/Elections/SenateByDivision?division={division}&year=1984,data/raw/aph_handbook/1984/aph_senate_by_division__template.json,True,"Expand after enumerating states, divisions and polling places from the baseline endpoints."
1984,aph_house_first_preferences_polling_place,primary,"Parliament of Australia, Parliamentary Handbook",house,historical_structured_results,api_template,https://handbookapi.aph.gov.au/api/Elections/FirstPreferencesByPollingPlace?pollingPlace={polling_place}&division={division}&year=1984&electionId=235,data/raw/aph_handbook/1984/aph_house_first_preferences_polling_place__template.json,True,"Expand after enumerating states, divisions and polling places from the baseline endpoints."
1984,aph_house_tcp_polling_place,primary,"Parliament of Australia, Parliamentary Handbook",house,historical_structured_results,api_template,https://handbookapi.aph.gov.au/api/Elections/TwoCandidatePreferredByPollingPlace?pollingPlace={polling_place}&division={division}&year=1984&electionId=235,data/raw/aph_handbook/1984/aph_house_tcp_polling_place__template.json,True,"Expand after enumerating states, divisions and polling places from the baseline endpoints."
1984,aph_senate_polling_place,primary,"Parliament of Australia, Parliamentary Handbook",senate,historical_structured_results,api_template,https://handbookapi.aph.gov.au/api/Elections/SenateByPollingPlace?pollingPlace={polling_place}&division={division}&year=1984&electionId=235,data/raw/aph_handbook/1984/aph_senate_polling_place__template.json,True,"Expand after enumerating states, divisions and polling places from the baseline endpoints."
1987,aph_election,primary,"Parliament of Australia, Parliamentary Handbook",both,historical_structured_results,api_endpoint,https://handbookapi.aph.gov.au/api/Elections/Election?electionId=236,data/raw/aph_handbook/1987/aph_election.json,True,
1987,aph_house_candidates,primary,"Parliament of Australia, Parliamentary Handbook",house,historical_structured_results,api_endpoint,https://handbookapi.aph.gov.au/api/Elections/Candidates?electionId=236,data/raw/aph_handbook/1987/aph_house_candidates.json,True,
1987,aph_house_divisions,primary,"Parliament of Australia, Parliamentary Handbook",house,historical_structured_results,api_endpoint,https://handbookapi.aph.gov.au/api/Elections/Divisions?state=&year=1987,data/raw/aph_handbook/1987/aph_house_divisions.json,True,
1987,aph_house_elected,primary,"Parliament of Australia, Parliamentary Handbook",house,historical_structured_results,api_endpoint,https://handbookapi.aph.gov.au/api/Elections/MembersElected?year=1987,data/raw/aph_handbook/1987/aph_house_elected.json,True,
1987,aph_senate_candidates,primary,"Parliament of Australia, Parliamentary Handbook",senate,historical_structured_results,api_endpoint,https://handbookapi.aph.gov.au/api/Elections/SenateCandidates?year=1987,data/raw/aph_handbook/1987/aph_senate_candidates.json,True,
1987,aph_senate_elected,primary,"Parliament of Australia, Parliamentary Handbook",senate,historical_structured_results,api_endpoint,https://handbookapi.aph.gov.au/api/Elections/SenatorsElected?year=1987,data/raw/aph_handbook/1987/aph_senate_elected.json,True,
1987,aph_senate_state_statistics,primary,"Parliament of Australia, Parliamentary Handbook",senate,historical_structured_results,api_template,https://handbookapi.aph.gov.au/api/Elections/SenateStateStatistics?state={state}&year=1987,data/raw/aph_handbook/1987/aph_senate_state_statistics__template.json,True,"Expand after enumerating states, divisions and polling places from the baseline endpoints."
1987,aph_senate_by_candidate,primary,"Parliament of Australia, Parliamentary Handbook",senate,historical_structured_results,api_template,https://handbookapi.aph.gov.au/api/Elections/SenateByCandidate?state={state}&year=1987,data/raw/aph_handbook/1987/aph_senate_by_candidate__template.json,True,"Expand after enumerating states, divisions and polling places from the baseline endpoints."
1987,aph_senate_by_group,primary,"Parliament of Australia, Parliamentary Handbook",senate,historical_structured_results,api_template,https://handbookapi.aph.gov.au/api/Elections/SenateByGroup?state={state}&year=1987,data/raw/aph_handbook/1987/aph_senate_by_group__template.json,True,"Expand after enumerating states, divisions and polling places from the baseline endpoints."
1987,aph_senate_group_quotas,primary,"Parliament of Australia, Parliamentary Handbook",senate,historical_structured_results,api_template,https://handbookapi.aph.gov.au/api/Elections/SenateGroupQuotas?state={state}&year=1987,data/raw/aph_handbook/1987/aph_senate_group_quotas__template.json,True,"Expand after enumerating states, divisions and polling places from the baseline endpoints."
1987,aph_house_division_statistics,primary,"Parliament of Australia, Parliamentary Handbook",house,historical_structured_results,api_template,https://handbookapi.aph.gov.au/api/Elections/DivisionStatistics?divisionName={division}&year=1987&electionId=236,data/raw/aph_handbook/1987/aph_house_division_statistics__template.json,True,"Expand after enumerating states, divisions and polling places from the baseline endpoints."
1987,aph_house_first_preferences,primary,"Parliament of Australia, Parliamentary Handbook",house,historical_structured_results,api_template,https://handbookapi.aph.gov.au/api/Elections/FirstPreferenceCount?divisionName={division}&year=1987&electionId=236,data/raw/aph_handbook/1987/aph_house_first_preferences__template.json,True,"Expand after enumerating states, divisions and polling places from the baseline endpoints."
1987,aph_house_first_preferences_vote_type,primary,"Parliament of Australia, Parliamentary Handbook",house,historical_structured_results,api_template,https://handbookapi.aph.gov.au/api/Elections/FirstPreferencesByVoteType?divisionName={division}&year=1987&electionId=236,data/raw/aph_handbook/1987/aph_house_first_preferences_vote_type__template.json,True,"Expand after enumerating states, divisions and polling places from the baseline endpoints."
1987,aph_house_polling_places,primary,"Parliament of Australia, Parliamentary Handbook",house,historical_structured_results,api_template,https://handbookapi.aph.gov.au/api/Elections/PollingPlaces?divisionName={division}&year=1987&electionId=236,data/raw/aph_handbook/1987/aph_house_polling_places__template.json,True,"Expand after enumerating states, divisions and polling places from the baseline endpoints."
1987,aph_house_tcp,primary,"Parliament of Australia, Parliamentary Handbook",house,historical_structured_results,api_template,https://handbookapi.aph.gov.au/api/Elections/TwoCandidatePreferred?divisionName={division}&year=1987&electionId=236,data/raw/aph_handbook/1987/aph_house_tcp__template.json,True,"Expand after enumerating states, divisions and polling places from the baseline endpoints."
1987,aph_senate_by_division,primary,"Parliament of Australia, Parliamentary Handbook",senate,historical_structured_results,api_template,https://handbookapi.aph.gov.au/api/Elections/SenateByDivision?division={division}&year=1987,data/raw/aph_handbook/1987/aph_senate_by_division__template.json,True,"Expand after enumerating states, divisions and polling places from the baseline endpoints."
1987,aph_house_first_preferences_polling_place,primary,"Parliament of Australia, Parliamentary Handbook",house,historical_structured_results,api_template,https://handbookapi.aph.gov.au/api/Elections/FirstPreferencesByPollingPlace?pollingPlace={polling_place}&division={division}&year=1987&electionId=236,data/raw/aph_handbook/1987/aph_house_first_preferences_polling_place__template.json,True,"Expand after enumerating states, divisions and polling places from the baseline endpoints."
1987,aph_house_tcp_polling_place,primary,"Parliament of Australia, Parliamentary Handbook",house,historical_structured_results,api_template,https://handbookapi.aph.gov.au/api/Elections/TwoCandidatePreferredByPollingPlace?pollingPlace={polling_place}&division={division}&year=1987&electionId=236,data/raw/aph_handbook/1987/aph_house_tcp_polling_place__template.json,True,"Expand after enumerating states, divisions and polling places from the baseline endpoints."
1987,aph_senate_polling_place,primary,"Parliament of Australia, Parliamentary Handbook",senate,historical_structured_results,api_template,https://handbookapi.aph.gov.au/api/Elections/SenateByPollingPlace?pollingPlace={polling_place}&division={division}&year=1987&electionId=236,data/raw/aph_handbook/1987/aph_senate_polling_place__template.json,True,"Expand after enumerating states, divisions and polling places from the baseline endpoints."
1990,aph_election,primary,"Parliament of Australia, Parliamentary Handbook",both,historical_structured_results,api_endpoint,https://handbookapi.aph.gov.au/api/Elections/Election?electionId=237,data/raw/aph_handbook/1990/aph_election.json,True,
1990,aph_house_candidates,primary,"Parliament of Australia, Parliamentary Handbook",house,historical_structured_results,api_endpoint,https://handbookapi.aph.gov.au/api/Elections/Candidates?electionId=237,data/raw/aph_handbook/1990/aph_house_candidates.json,True,
1990,aph_house_divisions,primary,"Parliament of Australia, Parliamentary Handbook",house,historical_structured_results,api_endpoint,https://handbookapi.aph.gov.au/api/Elections/Divisions?state=&year=1990,data/raw/aph_handbook/1990/aph_house_divisions.json,True,
1990,aph_house_elected,primary,"Parliament of Australia, Parliamentary Handbook",house,historical_structured_results,api_endpoint,https://handbookapi.aph.gov.au/api/Elections/MembersElected?year=1990,data/raw/aph_handbook/1990/aph_house_elected.json,True,
1990,aph_senate_candidates,primary,"Parliament of Australia, Parliamentary Handbook",senate,historical_structured_results,api_endpoint,https://handbookapi.aph.gov.au/api/Elections/SenateCandidates?year=1990,data/raw/aph_handbook/1990/aph_senate_candidates.json,True,
1990,aph_senate_elected,primary,"Parliament of Australia, Parliamentary Handbook",senate,historical_structured_results,api_endpoint,https://handbookapi.aph.gov.au/api/Elections/SenatorsElected?year=1990,data/raw/aph_handbook/1990/aph_senate_elected.json,True,
1990,aph_senate_state_statistics,primary,"Parliament of Australia, Parliamentary Handbook",senate,historical_structured_results,api_template,https://handbookapi.aph.gov.au/api/Elections/SenateStateStatistics?state={state}&year=1990,data/raw/aph_handbook/1990/aph_senate_state_statistics__template.json,True,"Expand after enumerating states, divisions and polling places from the baseline endpoints."
1990,aph_senate_by_candidate,primary,"Parliament of Australia, Parliamentary Handbook",senate,historical_structured_results,api_template,https://handbookapi.aph.gov.au/api/Elections/SenateByCandidate?state={state}&year=1990,data/raw/aph_handbook/1990/aph_senate_by_candidate__template.json,True,"Expand after enumerating states, divisions and polling places from the baseline endpoints."
1990,aph_senate_by_group,primary,"Parliament of Australia, Parliamentary Handbook",senate,historical_structured_results,api_template,https://handbookapi.aph.gov.au/api/Elections/SenateByGroup?state={state}&year=1990,data/raw/aph_handbook/1990/aph_senate_by_group__template.json,True,"Expand after enumerating states, divisions and polling places from the baseline endpoints."
1990,aph_senate_group_quotas,primary,"Parliament of Australia, Parliamentary Handbook",senate,historical_structured_results,api_template,https://handbookapi.aph.gov.au/api/Elections/SenateGroupQuotas?state={state}&year=1990,data/raw/aph_handbook/1990/aph_senate_group_quotas__template.json,True,"Expand after enumerating states, divisions and polling places from the baseline endpoints."
1990,aph_house_division_statistics,primary,"Parliament of Australia, Parliamentary Handbook",house,historical_structured_results,api_template,https://handbookapi.aph.gov.au/api/Elections/DivisionStatistics?divisionName={division}&year=1990&electionId=237,data/raw/aph_handbook/1990/aph_house_division_statistics__template.json,True,"Expand after enumerating states, divisions and polling places from the baseline endpoints."
1990,aph_house_first_preferences,primary,"Parliament of Australia, Parliamentary Handbook",house,historical_structured_results,api_template,https://handbookapi.aph.gov.au/api/Elections/FirstPreferenceCount?divisionName={division}&year=1990&electionId=237,data/raw/aph_handbook/1990/aph_house_first_preferences__template.json,True,"Expand after enumerating states, divisions and polling places from the baseline endpoints."
1990,aph_house_first_preferences_vote_type,primary,"Parliament of Australia, Parliamentary Handbook",house,historical_structured_results,api_template,https://handbookapi.aph.gov.au/api/Elections/FirstPreferencesByVoteType?divisionName={division}&year=1990&electionId=237,data/raw/aph_handbook/1990/aph_house_first_preferences_vote_type__template.json,True,"Expand after enumerating states, divisions and polling places from the baseline endpoints."
1990,aph_house_polling_places,primary,"Parliament of Australia, Parliamentary Handbook",house,historical_structured_results,api_template,https://handbookapi.aph.gov.au/api/Elections/PollingPlaces?divisionName={division}&year=1990&electionId=237,data/raw/aph_handbook/1990/aph_house_polling_places__template.json,True,"Expand after enumerating states, divisions and polling places from the baseline endpoints."
1990,aph_house_tcp,primary,"Parliament of Australia, Parliamentary Handbook",house,historical_structured_results,api_template,https://handbookapi.aph.gov.au/api/Elections/TwoCandidatePreferred?divisionName={division}&year=1990&electionId=237,data/raw/aph_handbook/1990/aph_house_tcp__template.json,True,"Expand after enumerating states, divisions and polling places from the baseline endpoints."
1990,aph_senate_by_division,primary,"Parliament of Australia, Parliamentary Handbook",senate,historical_structured_results,api_template,https://handbookapi.aph.gov.au/api/Elections/SenateByDivision?division={division}&year=1990,data/raw/aph_handbook/1990/aph_senate_by_division__template.json,True,"Expand after enumerating states, divisions and polling places from the baseline endpoints."
1990,aph_house_first_preferences_polling_place,primary,"Parliament of Australia, Parliamentary Handbook",house,historical_structured_results,api_template,https://handbookapi.aph.gov.au/api/Elections/FirstPreferencesByPollingPlace?pollingPlace={polling_place}&division={division}&year=1990&electionId=237,data/raw/aph_handbook/1990/aph_house_first_preferences_polling_place__template.json,True,"Expand after enumerating states, divisions and polling places from the baseline endpoints."
1990,aph_house_tcp_polling_place,primary,"Parliament of Australia, Parliamentary Handbook",house,historical_structured_results,api_template,https://handbookapi.aph.gov.au/api/Elections/TwoCandidatePreferredByPollingPlace?pollingPlace={polling_place}&division={division}&year=1990&electionId=237,data/raw/aph_handbook/1990/aph_house_tcp_polling_place__template.json,True,"Expand after enumerating states, divisions and polling places from the baseline endpoints."
1990,aph_senate_polling_place,primary,"Parliament of Australia, Parliamentary Handbook",senate,historical_structured_results,api_template,https://handbookapi.aph.gov.au/api/Elections/SenateByPollingPlace?pollingPlace={polling_place}&division={division}&year=1990&electionId=237,data/raw/aph_handbook/1990/aph_senate_polling_place__template.json,True,"Expand after enumerating states, divisions and polling places from the baseline endpoints."
1993,aec_1993_1996_1998,primary,Australian Electoral Commission,both,official_election_statistics_archive,direct_archive,https://www.aec.gov.au/About_AEC/Publications/statistics/files/aec-1993-1996-1998-election-statistics.zip,data/raw/aec/legacy/aec-1993-1996-1998-election-statistics.zip,True,"Shared archive covering 1993,1996,1998; verified SHA-256 ee3b46be593dfd2b6e8f29ca1acf78a1ae4a86f0dfd0aba71f33248bdbb025e8"
1996,aec_1993_1996_1998,primary,Australian Electoral Commission,both,official_election_statistics_archive,direct_archive,https://www.aec.gov.au/About_AEC/Publications/statistics/files/aec-1993-1996-1998-election-statistics.zip,data/raw/aec/legacy/aec-1993-1996-1998-election-statistics.zip,True,"Shared archive covering 1993,1996,1998; verified SHA-256 ee3b46be593dfd2b6e8f29ca1acf78a1ae4a86f0dfd0aba71f33248bdbb025e8"
1998,aec_1993_1996_1998,primary,Australian Electoral Commission,both,official_election_statistics_archive,direct_archive,https://www.aec.gov.au/About_AEC/Publications/statistics/files/aec-1993-1996-1998-election-statistics.zip,data/raw/aec/legacy/aec-1993-1996-1998-election-statistics.zip,True,"Shared archive covering 1993,1996,1998; verified SHA-256 ee3b46be593dfd2b6e8f29ca1acf78a1ae4a86f0dfd0aba71f33248bdbb025e8"
2001,aec_2001,primary,Australian Electoral Commission,both,official_election_statistics_archive,direct_archive,https://www.aec.gov.au/About_AEC/Publications/statistics/files/aec-2001-election-statistics.zip,data/raw/aec/legacy/aec-2001-election-statistics.zip,True,Shared archive covering 2001; verified SHA-256 73069fc7c4958388bbc559e15430c6d69268b117fdb1cee8ffd37ba90ae4b616
2004,house_candidates,primary,Australian Electoral Commission,house,candidates,direct_file,https://results.aec.gov.au/12246/results/Downloads/HouseCandidatesDownload-12246.csv,data/raw/aec/2004_federal/12246/final/HouseCandidatesDownload-12246.csv,True,
2004,house_elected,primary,Australian Electoral Commission,house,outcomes,direct_file,https://results.aec.gov.au/12246/results/Downloads/HouseMembersElectedDownload-12246.csv,data/raw/aec/2004_federal/12246/final/HouseMembersElectedDownload-12246.csv,True,
2004,house_fp_vote_type,primary,Australian Electoral Commission,house,first_preferences,direct_file,https://results.aec.gov.au/12246/results/Downloads/HouseFirstPrefsByCandidateByVoteTypeDownload-12246.csv,data/raw/aec/2004_federal/12246/final/HouseFirstPrefsByCandidateByVoteTypeDownload-12246.csv,True,
2004,house_fp_polling_nsw,primary,Australian Electoral Commission,house,first_preferences_polling_place,direct_file,https://results.aec.gov.au/12246/results/Downloads/HouseStateFirstPrefsByPollingPlaceDownload-12246-NSW.csv,data/raw/aec/2004_federal/12246/final/HouseStateFirstPrefsByPollingPlaceDownload-12246-NSW.csv,True,
2004,house_fp_polling_vic,primary,Australian Electoral Commission,house,first_preferences_polling_place,direct_file,https://results.aec.gov.au/12246/results/Downloads/HouseStateFirstPrefsByPollingPlaceDownload-12246-VIC.csv,data/raw/aec/2004_federal/12246/final/HouseStateFirstPrefsByPollingPlaceDownload-12246-VIC.csv,True,
2004,house_fp_polling_qld,primary,Australian Electoral Commission,house,first_preferences_polling_place,direct_file,https://results.aec.gov.au/12246/results/Downloads/HouseStateFirstPrefsByPollingPlaceDownload-12246-QLD.csv,data/raw/aec/2004_federal/12246/final/HouseStateFirstPrefsByPollingPlaceDownload-12246-QLD.csv,True,
2004,house_fp_polling_wa,primary,Australian Electoral Commission,house,first_preferences_polling_place,direct_file,https://results.aec.gov.au/12246/results/Downloads/HouseStateFirstPrefsByPollingPlaceDownload-12246-WA.csv,data/raw/aec/2004_federal/12246/final/HouseStateFirstPrefsByPollingPlaceDownload-12246-WA.csv,True,
2004,house_fp_polling_sa,primary,Australian Electoral Commission,house,first_preferences_polling_place,direct_file,https://results.aec.gov.au/12246/results/Downloads/HouseStateFirstPrefsByPollingPlaceDownload-12246-SA.csv,data/raw/aec/2004_federal/12246/final/HouseStateFirstPrefsByPollingPlaceDownload-12246-SA.csv,True,
2004,house_fp_polling_tas,primary,Australian Electoral Commission,house,first_preferences_polling_place,direct_file,https://results.aec.gov.au/12246/results/Downloads/HouseStateFirstPrefsByPollingPlaceDownload-12246-TAS.csv,data/raw/aec/2004_federal/12246/final/HouseStateFirstPrefsByPollingPlaceDownload-12246-TAS.csv,True,
2004,house_fp_polling_act,primary,Australian Electoral Commission,house,first_preferences_polling_place,direct_file,https://results.aec.gov.au/12246/results/Downloads/HouseStateFirstPrefsByPollingPlaceDownload-12246-ACT.csv,data/raw/aec/2004_federal/12246/final/HouseStateFirstPrefsByPollingPlaceDownload-12246-ACT.csv,True,
2004,house_fp_polling_nt,primary,Australian Electoral Commission,house,first_preferences_polling_place,direct_file,https://results.aec.gov.au/12246/results/Downloads/HouseStateFirstPrefsByPollingPlaceDownload-12246-NT.csv,data/raw/aec/2004_federal/12246/final/HouseStateFirstPrefsByPollingPlaceDownload-12246-NT.csv,True,
2004,house_tcp_vote_type,primary,Australian Electoral Commission,house,two_candidate_preferred,direct_file,https://results.aec.gov.au/12246/results/Downloads/HouseTcpByCandidateByVoteTypeDownload-12246.csv,data/raw/aec/2004_federal/12246/final/HouseTcpByCandidateByVoteTypeDownload-12246.csv,True,
2004,house_tcp_polling,primary,Australian Electoral Commission,house,two_candidate_preferred_polling_place,direct_file,https://results.aec.gov.au/12246/results/Downloads/HouseTcpByCandidateByPollingPlaceDownload-12246.csv,data/raw/aec/2004_federal/12246/final/HouseTcpByCandidateByPollingPlaceDownload-12246.csv,True,
2004,house_tpp_state,primary,Australian Electoral Commission,house,two_party_preferred_state,direct_file,https://results.aec.gov.au/12246/results/Downloads/HouseTppByStateDownload-12246.csv,data/raw/aec/2004_federal/12246/final/HouseTppByStateDownload-12246.csv,True,
2004,house_tpp_division,primary,Australian Electoral Commission,house,two_party_preferred_division,direct_file,https://results.aec.gov.au/12246/results/Downloads/HouseTppByDivisionDownload-12246.csv,data/raw/aec/2004_federal/12246/final/HouseTppByDivisionDownload-12246.csv,True,
2004,house_tpp_polling,primary,Australian Electoral Commission,house,two_party_preferred_polling_place,direct_file,https://results.aec.gov.au/12246/results/Downloads/HouseTppByPollingPlaceDownload-12246.csv,data/raw/aec/2004_federal/12246/final/HouseTppByPollingPlaceDownload-12246.csv,True,
2004,house_distribution,primary,Australian Electoral Commission,house,distribution_of_preferences,direct_file,https://results.aec.gov.au/12246/results/Downloads/HouseDopByDivisionDownload-12246.csv,data/raw/aec/2004_federal/12246/final/HouseDopByDivisionDownload-12246.csv,True,
2004,enrolment_division,primary,Australian Electoral Commission,both,enrolment,direct_file,https://results.aec.gov.au/12246/results/Downloads/GeneralEnrolmentByDivisionDownload-12246.csv,data/raw/aec/2004_federal/12246/final/GeneralEnrolmentByDivisionDownload-12246.csv,True,
2004,house_informal_division,primary,Australian Electoral Commission,house,participation,direct_file,https://results.aec.gov.au/12246/results/Downloads/HouseInformalByDivisionDownload-12246.csv,data/raw/aec/2004_federal/12246/final/HouseInformalByDivisionDownload-12246.csv,True,
2004,house_turnout_division,primary,Australian Electoral Commission,house,participation,direct_file,https://results.aec.gov.au/12246/results/Downloads/HouseTurnoutByDivisionDownload-12246.csv,data/raw/aec/2004_federal/12246/final/HouseTurnoutByDivisionDownload-12246.csv,True,
2004,house_votes_division,primary,Australian Electoral Commission,house,participation,direct_file,https://results.aec.gov.au/12246/results/Downloads/HouseVotesCountedByDivisionDownload-12246.csv,data/raw/aec/2004_federal/12246/final/HouseVotesCountedByDivisionDownload-12246.csv,True,
2004,polling_places,primary,Australian Electoral Commission,both,reporting_units,direct_file,https://results.aec.gov.au/12246/results/Downloads/GeneralPollingPlacesDownload-12246.csv,data/raw/aec/2004_federal/12246/final/GeneralPollingPlacesDownload-12246.csv,True,
2004,senate_candidates,primary,Australian Electoral Commission,senate,candidates,direct_file,https://results.aec.gov.au/12246/results/Downloads/SenateCandidatesDownload-12246.csv,data/raw/aec/2004_federal/12246/final/SenateCandidatesDownload-12246.csv,True,
2004,senate_elected,primary,Australian Electoral Commission,senate,outcomes,direct_file,https://results.aec.gov.au/12246/results/Downloads/SenateSenatorsElectedDownload-12246.csv,data/raw/aec/2004_federal/12246/final/SenateSenatorsElectedDownload-12246.csv,True,
2004,senate_fp_state_vote_type,primary,Australian Electoral Commission,senate,first_preferences,direct_file,https://results.aec.gov.au/12246/results/Downloads/SenateFirstPrefsByStateByVoteTypeDownload-12246.csv,data/raw/aec/2004_federal/12246/final/SenateFirstPrefsByStateByVoteTypeDownload-12246.csv,True,
2004,senate_fp_division_vote_type,primary,Australian Electoral Commission,senate,first_preferences_division,direct_file,https://results.aec.gov.au/12246/results/Downloads/SenateFirstPrefsByDivisionByVoteTypeDownload-12246.csv,data/raw/aec/2004_federal/12246/final/SenateFirstPrefsByDivisionByVoteTypeDownload-12246.csv,True,
2004,senate_fp_group_vote_type,primary,Australian Electoral Commission,senate,first_preferences_group,direct_file,https://results.aec.gov.au/12246/results/Downloads/SenateFirstPrefsByGroupByVoteTypeDownload-12246.csv,data/raw/aec/2004_federal/12246/final/SenateFirstPrefsByGroupByVoteTypeDownload-12246.csv,True,
2004,senate_fp_state_group_vote_type,primary,Australian Electoral Commission,senate,first_preferences_group,direct_file,https://results.aec.gov.au/12246/results/Downloads/SenateFirstPrefsByStateByGroupByVoteTypeDownload-12246.csv,data/raw/aec/2004_federal/12246/final/SenateFirstPrefsByStateByGroupByVoteTypeDownload-12246.csv,True,
2004,enrolment_state,primary,Australian Electoral Commission,both,enrolment,direct_file,https://results.aec.gov.au/12246/results/Downloads/GeneralEnrolmentByStateDownload-12246.csv,data/raw/aec/2004_federal/12246/final/GeneralEnrolmentByStateDownload-12246.csv,True,
2004,senate_informal_state,primary,Australian Electoral Commission,senate,participation,direct_file,https://results.aec.gov.au/12246/results/Downloads/SenateInformalByStateDownload-12246.csv,data/raw/aec/2004_federal/12246/final/SenateInformalByStateDownload-12246.csv,True,
2004,senate_turnout_state,primary,Australian Electoral Commission,senate,participation,direct_file,https://results.aec.gov.au/12246/results/Downloads/SenateTurnoutByStateDownload-12246.csv,data/raw/aec/2004_federal/12246/final/SenateTurnoutByStateDownload-12246.csv,True,
2004,senate_votes_state,primary,Australian Electoral Commission,senate,participation,direct_file,https://results.aec.gov.au/12246/results/Downloads/SenateVotesCountedByStateDownload-12246.csv,data/raw/aec/2004_federal/12246/final/SenateVotesCountedByStateDownload-12246.csv,True,
2004,senate_informal_division,primary,Australian Electoral Commission,senate,participation_division,direct_file,https://results.aec.gov.au/12246/results/Downloads/SenateInformalByDivisionDownload-12246.csv,data/raw/aec/2004_federal/12246/final/SenateInformalByDivisionDownload-12246.csv,True,
2004,senate_turnout_division,primary,Australian Electoral Commission,senate,participation_division,direct_file,https://results.aec.gov.au/12246/results/Downloads/SenateTurnoutByDivisionDownload-12246.csv,data/raw/aec/2004_federal/12246/final/SenateTurnoutByDivisionDownload-12246.csv,True,
2004,senate_votes_division,primary,Australian Electoral Commission,senate,participation_division,direct_file,https://results.aec.gov.au/12246/results/Downloads/SenateVotesCountedByDivisionDownload-12246.csv,data/raw/aec/2004_federal/12246/final/SenateVotesCountedByDivisionDownload-12246.csv,True,
2004,senate_distribution,primary,Australian Electoral Commission,senate,distribution_of_preferences,direct_file,https://results.aec.gov.au/12246/results/External/SenateDopDownload-12246.zip,data/raw/aec/2004_federal/12246/final/SenateDopDownload-12246.zip,True,
2004,senate_group_voting_tickets,primary,Australian Electoral Commission,senate,group_voting_tickets,direct_file,https://results.aec.gov.au/12246/results/Downloads/SenateGroupVotingTicketsDownload-12246.csv,data/raw/aec/2004_federal/12246/final/SenateGroupVotingTicketsDownload-12246.csv,True,
2004,senate_gvt_usage_state,primary,Australian Electoral Commission,senate,group_voting_ticket_usage,direct_file,https://results.aec.gov.au/12246/results/Downloads/SenateUseOfGvtByStateDownload-12246.csv,data/raw/aec/2004_federal/12246/final/SenateUseOfGvtByStateDownload-12246.csv,True,
2004,senate_gvt_usage_group,primary,Australian Electoral Commission,senate,group_voting_ticket_usage,direct_file,https://results.aec.gov.au/12246/results/Downloads/SenateUseOfGvtByGroupDownload-12246.csv,data/raw/aec/2004_federal/12246/final/SenateUseOfGvtByGroupDownload-12246.csv,True,
2007,house_candidates,primary,Australian Electoral Commission,house,candidates,direct_file,https://results.aec.gov.au/13745/Website/Downloads/HouseCandidatesDownload-13745.csv,data/raw/aec/2007_federal/13745/final/HouseCandidatesDownload-13745.csv,True,
2007,house_elected,primary,Australian Electoral Commission,house,outcomes,direct_file,https://results.aec.gov.au/13745/Website/Downloads/HouseMembersElectedDownload-13745.csv,data/raw/aec/2007_federal/13745/final/HouseMembersElectedDownload-13745.csv,True,
2007,house_fp_vote_type,primary,Australian Electoral Commission,house,first_preferences,direct_file,https://results.aec.gov.au/13745/Website/Downloads/HouseFirstPrefsByCandidateByVoteTypeDownload-13745.csv,data/raw/aec/2007_federal/13745/final/HouseFirstPrefsByCandidateByVoteTypeDownload-13745.csv,True,
2007,house_fp_polling_nsw,primary,Australian Electoral Commission,house,first_preferences_polling_place,direct_file,https://results.aec.gov.au/13745/Website/Downloads/HouseStateFirstPrefsByPollingPlaceDownload-13745-NSW.csv,data/raw/aec/2007_federal/13745/final/HouseStateFirstPrefsByPollingPlaceDownload-13745-NSW.csv,True,
2007,house_fp_polling_vic,primary,Australian Electoral Commission,house,first_preferences_polling_place,direct_file,https://results.aec.gov.au/13745/Website/Downloads/HouseStateFirstPrefsByPollingPlaceDownload-13745-VIC.csv,data/raw/aec/2007_federal/13745/final/HouseStateFirstPrefsByPollingPlaceDownload-13745-VIC.csv,True,
2007,house_fp_polling_qld,primary,Australian Electoral Commission,house,first_preferences_polling_place,direct_file,https://results.aec.gov.au/13745/Website/Downloads/HouseStateFirstPrefsByPollingPlaceDownload-13745-QLD.csv,data/raw/aec/2007_federal/13745/final/HouseStateFirstPrefsByPollingPlaceDownload-13745-QLD.csv,True,
2007,house_fp_polling_wa,primary,Australian Electoral Commission,house,first_preferences_polling_place,direct_file,https://results.aec.gov.au/13745/Website/Downloads/HouseStateFirstPrefsByPollingPlaceDownload-13745-WA.csv,data/raw/aec/2007_federal/13745/final/HouseStateFirstPrefsByPollingPlaceDownload-13745-WA.csv,True,
2007,house_fp_polling_sa,primary,Australian Electoral Commission,house,first_preferences_polling_place,direct_file,https://results.aec.gov.au/13745/Website/Downloads/HouseStateFirstPrefsByPollingPlaceDownload-13745-SA.csv,data/raw/aec/2007_federal/13745/final/HouseStateFirstPrefsByPollingPlaceDownload-13745-SA.csv,True,
2007,house_fp_polling_tas,primary,Australian Electoral Commission,house,first_preferences_polling_place,direct_file,https://results.aec.gov.au/13745/Website/Downloads/HouseStateFirstPrefsByPollingPlaceDownload-13745-TAS.csv,data/raw/aec/2007_federal/13745/final/HouseStateFirstPrefsByPollingPlaceDownload-13745-TAS.csv,True,
2007,house_fp_polling_act,primary,Australian Electoral Commission,house,first_preferences_polling_place,direct_file,https://results.aec.gov.au/13745/Website/Downloads/HouseStateFirstPrefsByPollingPlaceDownload-13745-ACT.csv,data/raw/aec/2007_federal/13745/final/HouseStateFirstPrefsByPollingPlaceDownload-13745-ACT.csv,True,
2007,house_fp_polling_nt,primary,Australian Electoral Commission,house,first_preferences_polling_place,direct_file,https://results.aec.gov.au/13745/Website/Downloads/HouseStateFirstPrefsByPollingPlaceDownload-13745-NT.csv,data/raw/aec/2007_federal/13745/final/HouseStateFirstPrefsByPollingPlaceDownload-13745-NT.csv,True,
2007,house_tcp_vote_type,primary,Australian Electoral Commission,house,two_candidate_preferred,direct_file,https://results.aec.gov.au/13745/Website/Downloads/HouseTcpByCandidateByVoteTypeDownload-13745.csv,data/raw/aec/2007_federal/13745/final/HouseTcpByCandidateByVoteTypeDownload-13745.csv,True,
2007,house_tcp_polling,primary,Australian Electoral Commission,house,two_candidate_preferred_polling_place,direct_file,https://results.aec.gov.au/13745/Website/Downloads/HouseTcpByCandidateByPollingPlaceDownload-13745.csv,data/raw/aec/2007_federal/13745/final/HouseTcpByCandidateByPollingPlaceDownload-13745.csv,True,
2007,house_tpp_state,primary,Australian Electoral Commission,house,two_party_preferred_state,direct_file,https://results.aec.gov.au/13745/Website/Downloads/HouseTppByStateDownload-13745.csv,data/raw/aec/2007_federal/13745/final/HouseTppByStateDownload-13745.csv,True,
2007,house_tpp_division,primary,Australian Electoral Commission,house,two_party_preferred_division,direct_file,https://results.aec.gov.au/13745/Website/Downloads/HouseTppByDivisionDownload-13745.csv,data/raw/aec/2007_federal/13745/final/HouseTppByDivisionDownload-13745.csv,True,
2007,house_tpp_polling,primary,Australian Electoral Commission,house,two_party_preferred_polling_place,direct_file,https://results.aec.gov.au/13745/Website/Downloads/HouseTppByPollingPlaceDownload-13745.csv,data/raw/aec/2007_federal/13745/final/HouseTppByPollingPlaceDownload-13745.csv,True,
2007,house_distribution,primary,Australian Electoral Commission,house,distribution_of_preferences,direct_file,https://results.aec.gov.au/13745/Website/Downloads/HouseDopByDivisionDownload-13745.csv,data/raw/aec/2007_federal/13745/final/HouseDopByDivisionDownload-13745.csv,True,
2007,enrolment_division,primary,Australian Electoral Commission,both,enrolment,direct_file,https://results.aec.gov.au/13745/Website/Downloads/GeneralEnrolmentByDivisionDownload-13745.csv,data/raw/aec/2007_federal/13745/final/GeneralEnrolmentByDivisionDownload-13745.csv,True,
2007,house_informal_division,primary,Australian Electoral Commission,house,participation,direct_file,https://results.aec.gov.au/13745/Website/Downloads/HouseInformalByDivisionDownload-13745.csv,data/raw/aec/2007_federal/13745/final/HouseInformalByDivisionDownload-13745.csv,True,
2007,house_turnout_division,primary,Australian Electoral Commission,house,participation,direct_file,https://results.aec.gov.au/13745/Website/Downloads/HouseTurnoutByDivisionDownload-13745.csv,data/raw/aec/2007_federal/13745/final/HouseTurnoutByDivisionDownload-13745.csv,True,
2007,house_votes_division,primary,Australian Electoral Commission,house,participation,direct_file,https://results.aec.gov.au/13745/Website/Downloads/HouseVotesCountedByDivisionDownload-13745.csv,data/raw/aec/2007_federal/13745/final/HouseVotesCountedByDivisionDownload-13745.csv,True,
2007,polling_places,primary,Australian Electoral Commission,both,reporting_units,direct_file,https://results.aec.gov.au/13745/Website/Downloads/GeneralPollingPlacesDownload-13745.csv,data/raw/aec/2007_federal/13745/final/GeneralPollingPlacesDownload-13745.csv,True,
2007,senate_candidates,primary,Australian Electoral Commission,senate,candidates,direct_file,https://results.aec.gov.au/13745/Website/Downloads/SenateCandidatesDownload-13745.csv,data/raw/aec/2007_federal/13745/final/SenateCandidatesDownload-13745.csv,True,
2007,senate_elected,primary,Australian Electoral Commission,senate,outcomes,direct_file,https://results.aec.gov.au/13745/Website/Downloads/SenateSenatorsElectedDownload-13745.csv,data/raw/aec/2007_federal/13745/final/SenateSenatorsElectedDownload-13745.csv,True,
2007,senate_fp_state_vote_type,primary,Australian Electoral Commission,senate,first_preferences,direct_file,https://results.aec.gov.au/13745/Website/Downloads/SenateFirstPrefsByStateByVoteTypeDownload-13745.csv,data/raw/aec/2007_federal/13745/final/SenateFirstPrefsByStateByVoteTypeDownload-13745.csv,True,
2007,senate_fp_division_vote_type,primary,Australian Electoral Commission,senate,first_preferences_division,direct_file,https://results.aec.gov.au/13745/Website/Downloads/SenateFirstPrefsByDivisionByVoteTypeDownload-13745.csv,data/raw/aec/2007_federal/13745/final/SenateFirstPrefsByDivisionByVoteTypeDownload-13745.csv,True,
2007,senate_fp_group_vote_type,primary,Australian Electoral Commission,senate,first_preferences_group,direct_file,https://results.aec.gov.au/13745/Website/Downloads/SenateFirstPrefsByGroupByVoteTypeDownload-13745.csv,data/raw/aec/2007_federal/13745/final/SenateFirstPrefsByGroupByVoteTypeDownload-13745.csv,True,
2007,senate_fp_state_group_vote_type,primary,Australian Electoral Commission,senate,first_preferences_group,direct_file,https://results.aec.gov.au/13745/Website/Downloads/SenateFirstPrefsByStateByGroupByVoteTypeDownload-13745.csv,data/raw/aec/2007_federal/13745/final/SenateFirstPrefsByStateByGroupByVoteTypeDownload-13745.csv,True,
2007,enrolment_state,primary,Australian Electoral Commission,both,enrolment,direct_file,https://results.aec.gov.au/13745/Website/Downloads/GeneralEnrolmentByStateDownload-13745.csv,data/raw/aec/2007_federal/13745/final/GeneralEnrolmentByStateDownload-13745.csv,True,
2007,senate_informal_state,primary,Australian Electoral Commission,senate,participation,direct_file,https://results.aec.gov.au/13745/Website/Downloads/SenateInformalByStateDownload-13745.csv,data/raw/aec/2007_federal/13745/final/SenateInformalByStateDownload-13745.csv,True,
2007,senate_turnout_state,primary,Australian Electoral Commission,senate,participation,direct_file,https://results.aec.gov.au/13745/Website/Downloads/SenateTurnoutByStateDownload-13745.csv,data/raw/aec/2007_federal/13745/final/SenateTurnoutByStateDownload-13745.csv,True,
2007,senate_votes_state,primary,Australian Electoral Commission,senate,participation,direct_file,https://results.aec.gov.au/13745/Website/Downloads/SenateVotesCountedByStateDownload-13745.csv,data/raw/aec/2007_federal/13745/final/SenateVotesCountedByStateDownload-13745.csv,True,
2007,senate_informal_division,primary,Australian Electoral Commission,senate,participation_division,direct_file,https://results.aec.gov.au/13745/Website/Downloads/SenateInformalByDivisionDownload-13745.csv,data/raw/aec/2007_federal/13745/final/SenateInformalByDivisionDownload-13745.csv,True,
2007,senate_turnout_division,primary,Australian Electoral Commission,senate,participation_division,direct_file,https://results.aec.gov.au/13745/Website/Downloads/SenateTurnoutByDivisionDownload-13745.csv,data/raw/aec/2007_federal/13745/final/SenateTurnoutByDivisionDownload-13745.csv,True,
2007,senate_votes_division,primary,Australian Electoral Commission,senate,participation_division,direct_file,https://results.aec.gov.au/13745/Website/Downloads/SenateVotesCountedByDivisionDownload-13745.csv,data/raw/aec/2007_federal/13745/final/SenateVotesCountedByDivisionDownload-13745.csv,True,
2007,senate_distribution,primary,Australian Electoral Commission,senate,distribution_of_preferences,direct_file,https://results.aec.gov.au/13745/Website/External/SenateDopDownload-13745.zip,data/raw/aec/2007_federal/13745/final/SenateDopDownload-13745.zip,True,
2007,senate_group_voting_tickets,primary,Australian Electoral Commission,senate,group_voting_tickets,direct_file,https://results.aec.gov.au/13745/Website/Downloads/SenateGroupVotingTicketsDownload-13745.csv,data/raw/aec/2007_federal/13745/final/SenateGroupVotingTicketsDownload-13745.csv,True,
2007,senate_gvt_usage_state,primary,Australian Electoral Commission,senate,group_voting_ticket_usage,direct_file,https://results.aec.gov.au/13745/Website/Downloads/SenateUseOfGvtByStateDownload-13745.csv,data/raw/aec/2007_federal/13745/final/SenateUseOfGvtByStateDownload-13745.csv,True,
2007,senate_gvt_usage_group,primary,Australian Electoral Commission,senate,group_voting_ticket_usage,direct_file,https://results.aec.gov.au/13745/Website/Downloads/SenateUseOfGvtByGroupDownload-13745.csv,data/raw/aec/2007_federal/13745/final/SenateUseOfGvtByGroupDownload-13745.csv,True,
2007,senate_btl_preferences_nsw,primary,Australian Electoral Commission,senate,below_the_line_preferences,direct_file,https://results.aec.gov.au/13745/Website/External/SenateStateBtlDownload-13745-NSW.zip,data/raw/aec/2007_federal/13745/final/SenateStateBtlDownload-13745-NSW.zip,True,
2007,senate_btl_preferences_vic,primary,Australian Electoral Commission,senate,below_the_line_preferences,direct_file,https://results.aec.gov.au/13745/Website/External/SenateStateBtlDownload-13745-VIC.zip,data/raw/aec/2007_federal/13745/final/SenateStateBtlDownload-13745-VIC.zip,True,
2007,senate_btl_preferences_qld,primary,Australian Electoral Commission,senate,below_the_line_preferences,direct_file,https://results.aec.gov.au/13745/Website/External/SenateStateBtlDownload-13745-QLD.zip,data/raw/aec/2007_federal/13745/final/SenateStateBtlDownload-13745-QLD.zip,True,
2007,senate_btl_preferences_wa,primary,Australian Electoral Commission,senate,below_the_line_preferences,direct_file,https://results.aec.gov.au/13745/Website/External/SenateStateBtlDownload-13745-WA.zip,data/raw/aec/2007_federal/13745/final/SenateStateBtlDownload-13745-WA.zip,True,
2007,senate_btl_preferences_sa,primary,Australian Electoral Commission,senate,below_the_line_preferences,direct_file,https://results.aec.gov.au/13745/Website/External/SenateStateBtlDownload-13745-SA.zip,data/raw/aec/2007_federal/13745/final/SenateStateBtlDownload-13745-SA.zip,True,
2007,senate_btl_preferences_tas,primary,Australian Electoral Commission,senate,below_the_line_preferences,direct_file,https://results.aec.gov.au/13745/Website/External/SenateStateBtlDownload-13745-TAS.zip,data/raw/aec/2007_federal/13745/final/SenateStateBtlDownload-13745-TAS.zip,True,
2007,senate_btl_preferences_act,primary,Australian Electoral Commission,senate,below_the_line_preferences,direct_file,https://results.aec.gov.au/13745/Website/External/SenateStateBtlDownload-13745-ACT.zip,data/raw/aec/2007_federal/13745/final/SenateStateBtlDownload-13745-ACT.zip,True,
2007,senate_btl_preferences_nt,primary,Australian Electoral Commission,senate,below_the_line_preferences,direct_file,https://results.aec.gov.au/13745/Website/External/SenateStateBtlDownload-13745-NT.zip,data/raw/aec/2007_federal/13745/final/SenateStateBtlDownload-13745-NT.zip,True,
2010,house_candidates,primary,Australian Electoral Commission,house,candidates,direct_file,https://results.aec.gov.au/15508/Website/Downloads/HouseCandidatesDownload-15508.csv,data/raw/aec/2010_federal/15508/final/HouseCandidatesDownload-15508.csv,True,
2010,house_elected,primary,Australian Electoral Commission,house,outcomes,direct_file,https://results.aec.gov.au/15508/Website/Downloads/HouseMembersElectedDownload-15508.csv,data/raw/aec/2010_federal/15508/final/HouseMembersElectedDownload-15508.csv,True,
2010,house_fp_vote_type,primary,Australian Electoral Commission,house,first_preferences,direct_file,https://results.aec.gov.au/15508/Website/Downloads/HouseFirstPrefsByCandidateByVoteTypeDownload-15508.csv,data/raw/aec/2010_federal/15508/final/HouseFirstPrefsByCandidateByVoteTypeDownload-15508.csv,True,
2010,house_fp_polling_nsw,primary,Australian Electoral Commission,house,first_preferences_polling_place,direct_file,https://results.aec.gov.au/15508/Website/Downloads/HouseStateFirstPrefsByPollingPlaceDownload-15508-NSW.csv,data/raw/aec/2010_federal/15508/final/HouseStateFirstPrefsByPollingPlaceDownload-15508-NSW.csv,True,
2010,house_fp_polling_vic,primary,Australian Electoral Commission,house,first_preferences_polling_place,direct_file,https://results.aec.gov.au/15508/Website/Downloads/HouseStateFirstPrefsByPollingPlaceDownload-15508-VIC.csv,data/raw/aec/2010_federal/15508/final/HouseStateFirstPrefsByPollingPlaceDownload-15508-VIC.csv,True,
2010,house_fp_polling_qld,primary,Australian Electoral Commission,house,first_preferences_polling_place,direct_file,https://results.aec.gov.au/15508/Website/Downloads/HouseStateFirstPrefsByPollingPlaceDownload-15508-QLD.csv,data/raw/aec/2010_federal/15508/final/HouseStateFirstPrefsByPollingPlaceDownload-15508-QLD.csv,True,
2010,house_fp_polling_wa,primary,Australian Electoral Commission,house,first_preferences_polling_place,direct_file,https://results.aec.gov.au/15508/Website/Downloads/HouseStateFirstPrefsByPollingPlaceDownload-15508-WA.csv,data/raw/aec/2010_federal/15508/final/HouseStateFirstPrefsByPollingPlaceDownload-15508-WA.csv,True,
2010,house_fp_polling_sa,primary,Australian Electoral Commission,house,first_preferences_polling_place,direct_file,https://results.aec.gov.au/15508/Website/Downloads/HouseStateFirstPrefsByPollingPlaceDownload-15508-SA.csv,data/raw/aec/2010_federal/15508/final/HouseStateFirstPrefsByPollingPlaceDownload-15508-SA.csv,True,
2010,house_fp_polling_tas,primary,Australian Electoral Commission,house,first_preferences_polling_place,direct_file,https://results.aec.gov.au/15508/Website/Downloads/HouseStateFirstPrefsByPollingPlaceDownload-15508-TAS.csv,data/raw/aec/2010_federal/15508/final/HouseStateFirstPrefsByPollingPlaceDownload-15508-TAS.csv,True,
2010,house_fp_polling_act,primary,Australian Electoral Commission,house,first_preferences_polling_place,direct_file,https://results.aec.gov.au/15508/Website/Downloads/HouseStateFirstPrefsByPollingPlaceDownload-15508-ACT.csv,data/raw/aec/2010_federal/15508/final/HouseStateFirstPrefsByPollingPlaceDownload-15508-ACT.csv,True,
2010,house_fp_polling_nt,primary,Australian Electoral Commission,house,first_preferences_polling_place,direct_file,https://results.aec.gov.au/15508/Website/Downloads/HouseStateFirstPrefsByPollingPlaceDownload-15508-NT.csv,data/raw/aec/2010_federal/15508/final/HouseStateFirstPrefsByPollingPlaceDownload-15508-NT.csv,True,
2010,house_tcp_vote_type,primary,Australian Electoral Commission,house,two_candidate_preferred,direct_file,https://results.aec.gov.au/15508/Website/Downloads/HouseTcpByCandidateByVoteTypeDownload-15508.csv,data/raw/aec/2010_federal/15508/final/HouseTcpByCandidateByVoteTypeDownload-15508.csv,True,
2010,house_tcp_polling,primary,Australian Electoral Commission,house,two_candidate_preferred_polling_place,direct_file,https://results.aec.gov.au/15508/Website/Downloads/HouseTcpByCandidateByPollingPlaceDownload-15508.csv,data/raw/aec/2010_federal/15508/final/HouseTcpByCandidateByPollingPlaceDownload-15508.csv,True,
2010,house_tpp_state,primary,Australian Electoral Commission,house,two_party_preferred_state,direct_file,https://results.aec.gov.au/15508/Website/Downloads/HouseTppByStateDownload-15508.csv,data/raw/aec/2010_federal/15508/final/HouseTppByStateDownload-15508.csv,True,
2010,house_tpp_division,primary,Australian Electoral Commission,house,two_party_preferred_division,direct_file,https://results.aec.gov.au/15508/Website/Downloads/HouseTppByDivisionDownload-15508.csv,data/raw/aec/2010_federal/15508/final/HouseTppByDivisionDownload-15508.csv,True,
2010,house_tpp_polling,primary,Australian Electoral Commission,house,two_party_preferred_polling_place,direct_file,https://results.aec.gov.au/15508/Website/Downloads/HouseTppByPollingPlaceDownload-15508.csv,data/raw/aec/2010_federal/15508/final/HouseTppByPollingPlaceDownload-15508.csv,True,
2010,house_distribution,primary,Australian Electoral Commission,house,distribution_of_preferences,direct_file,https://results.aec.gov.au/15508/Website/Downloads/HouseDopByDivisionDownload-15508.csv,data/raw/aec/2010_federal/15508/final/HouseDopByDivisionDownload-15508.csv,True,
2010,enrolment_division,primary,Australian Electoral Commission,both,enrolment,direct_file,https://results.aec.gov.au/15508/Website/Downloads/GeneralEnrolmentByDivisionDownload-15508.csv,data/raw/aec/2010_federal/15508/final/GeneralEnrolmentByDivisionDownload-15508.csv,True,
2010,house_informal_division,primary,Australian Electoral Commission,house,participation,direct_file,https://results.aec.gov.au/15508/Website/Downloads/HouseInformalByDivisionDownload-15508.csv,data/raw/aec/2010_federal/15508/final/HouseInformalByDivisionDownload-15508.csv,True,
2010,house_turnout_division,primary,Australian Electoral Commission,house,participation,direct_file,https://results.aec.gov.au/15508/Website/Downloads/HouseTurnoutByDivisionDownload-15508.csv,data/raw/aec/2010_federal/15508/final/HouseTurnoutByDivisionDownload-15508.csv,True,
2010,house_votes_division,primary,Australian Electoral Commission,house,participation,direct_file,https://results.aec.gov.au/15508/Website/Downloads/HouseVotesCountedByDivisionDownload-15508.csv,data/raw/aec/2010_federal/15508/final/HouseVotesCountedByDivisionDownload-15508.csv,True,
2010,polling_places,primary,Australian Electoral Commission,both,reporting_units,direct_file,https://results.aec.gov.au/15508/Website/Downloads/GeneralPollingPlacesDownload-15508.csv,data/raw/aec/2010_federal/15508/final/GeneralPollingPlacesDownload-15508.csv,True,
2010,senate_candidates,primary,Australian Electoral Commission,senate,candidates,direct_file,https://results.aec.gov.au/15508/Website/Downloads/SenateCandidatesDownload-15508.csv,data/raw/aec/2010_federal/15508/final/SenateCandidatesDownload-15508.csv,True,
2010,senate_elected,primary,Australian Electoral Commission,senate,outcomes,direct_file,https://results.aec.gov.au/15508/Website/Downloads/SenateSenatorsElectedDownload-15508.csv,data/raw/aec/2010_federal/15508/final/SenateSenatorsElectedDownload-15508.csv,True,
2010,senate_fp_state_vote_type,primary,Australian Electoral Commission,senate,first_preferences,direct_file,https://results.aec.gov.au/15508/Website/Downloads/SenateFirstPrefsByStateByVoteTypeDownload-15508.csv,data/raw/aec/2010_federal/15508/final/SenateFirstPrefsByStateByVoteTypeDownload-15508.csv,True,
2010,senate_fp_division_vote_type,primary,Australian Electoral Commission,senate,first_preferences_division,direct_file,https://results.aec.gov.au/15508/Website/Downloads/SenateFirstPrefsByDivisionByVoteTypeDownload-15508.csv,data/raw/aec/2010_federal/15508/final/SenateFirstPrefsByDivisionByVoteTypeDownload-15508.csv,True,
2010,senate_fp_group_vote_type,primary,Australian Electoral Commission,senate,first_preferences_group,direct_file,https://results.aec.gov.au/15508/Website/Downloads/SenateFirstPrefsByGroupByVoteTypeDownload-15508.csv,data/raw/aec/2010_federal/15508/final/SenateFirstPrefsByGroupByVoteTypeDownload-15508.csv,True,
2010,senate_fp_state_group_vote_type,primary,Australian Electoral Commission,senate,first_preferences_group,direct_file,https://results.aec.gov.au/15508/Website/Downloads/SenateFirstPrefsByStateByGroupByVoteTypeDownload-15508.csv,data/raw/aec/2010_federal/15508/final/SenateFirstPrefsByStateByGroupByVoteTypeDownload-15508.csv,True,
2010,enrolment_state,primary,Australian Electoral Commission,both,enrolment,direct_file,https://results.aec.gov.au/15508/Website/Downloads/GeneralEnrolmentByStateDownload-15508.csv,data/raw/aec/2010_federal/15508/final/GeneralEnrolmentByStateDownload-15508.csv,True,
2010,senate_informal_state,primary,Australian Electoral Commission,senate,participation,direct_file,https://results.aec.gov.au/15508/Website/Downloads/SenateInformalByStateDownload-15508.csv,data/raw/aec/2010_federal/15508/final/SenateInformalByStateDownload-15508.csv,True,
2010,senate_turnout_state,primary,Australian Electoral Commission,senate,participation,direct_file,https://results.aec.gov.au/15508/Website/Downloads/SenateTurnoutByStateDownload-15508.csv,data/raw/aec/2010_federal/15508/final/SenateTurnoutByStateDownload-15508.csv,True,
2010,senate_votes_state,primary,Australian Electoral Commission,senate,participation,direct_file,https://results.aec.gov.au/15508/Website/Downloads/SenateVotesCountedByStateDownload-15508.csv,data/raw/aec/2010_federal/15508/final/SenateVotesCountedByStateDownload-15508.csv,True,
2010,senate_informal_division,primary,Australian Electoral Commission,senate,participation_division,direct_file,https://results.aec.gov.au/15508/Website/Downloads/SenateInformalByDivisionDownload-15508.csv,data/raw/aec/2010_federal/15508/final/SenateInformalByDivisionDownload-15508.csv,True,
2010,senate_turnout_division,primary,Australian Electoral Commission,senate,participation_division,direct_file,https://results.aec.gov.au/15508/Website/Downloads/SenateTurnoutByDivisionDownload-15508.csv,data/raw/aec/2010_federal/15508/final/SenateTurnoutByDivisionDownload-15508.csv,True,
2010,senate_votes_division,primary,Australian Electoral Commission,senate,participation_division,direct_file,https://results.aec.gov.au/15508/Website/Downloads/SenateVotesCountedByDivisionDownload-15508.csv,data/raw/aec/2010_federal/15508/final/SenateVotesCountedByDivisionDownload-15508.csv,True,
2010,senate_distribution,primary,Australian Electoral Commission,senate,distribution_of_preferences,direct_file,https://results.aec.gov.au/15508/Website/External/SenateDopDownload-15508.zip,data/raw/aec/2010_federal/15508/final/SenateDopDownload-15508.zip,True,
2010,senate_group_voting_tickets,primary,Australian Electoral Commission,senate,group_voting_tickets,direct_file,https://results.aec.gov.au/15508/Website/Downloads/SenateGroupVotingTicketsDownload-15508.csv,data/raw/aec/2010_federal/15508/final/SenateGroupVotingTicketsDownload-15508.csv,True,
2010,senate_gvt_usage_state,primary,Australian Electoral Commission,senate,group_voting_ticket_usage,direct_file,https://results.aec.gov.au/15508/Website/Downloads/SenateUseOfGvtByStateDownload-15508.csv,data/raw/aec/2010_federal/15508/final/SenateUseOfGvtByStateDownload-15508.csv,True,
2010,senate_gvt_usage_group,primary,Australian Electoral Commission,senate,group_voting_ticket_usage,direct_file,https://results.aec.gov.au/15508/Website/Downloads/SenateUseOfGvtByGroupDownload-15508.csv,data/raw/aec/2010_federal/15508/final/SenateUseOfGvtByGroupDownload-15508.csv,True,
2010,senate_btl_preferences_nsw,primary,Australian Electoral Commission,senate,below_the_line_preferences,direct_file,https://results.aec.gov.au/15508/Website/External/SenateStateBtlDownload-15508-NSW.zip,data/raw/aec/2010_federal/15508/final/SenateStateBtlDownload-15508-NSW.zip,True,
2010,senate_btl_preferences_vic,primary,Australian Electoral Commission,senate,below_the_line_preferences,direct_file,https://results.aec.gov.au/15508/Website/External/SenateStateBtlDownload-15508-VIC.zip,data/raw/aec/2010_federal/15508/final/SenateStateBtlDownload-15508-VIC.zip,True,
2010,senate_btl_preferences_qld,primary,Australian Electoral Commission,senate,below_the_line_preferences,direct_file,https://results.aec.gov.au/15508/Website/External/SenateStateBtlDownload-15508-QLD.zip,data/raw/aec/2010_federal/15508/final/SenateStateBtlDownload-15508-QLD.zip,True,
2010,senate_btl_preferences_wa,primary,Australian Electoral Commission,senate,below_the_line_preferences,direct_file,https://results.aec.gov.au/15508/Website/External/SenateStateBtlDownload-15508-WA.zip,data/raw/aec/2010_federal/15508/final/SenateStateBtlDownload-15508-WA.zip,True,
2010,senate_btl_preferences_sa,primary,Australian Electoral Commission,senate,below_the_line_preferences,direct_file,https://results.aec.gov.au/15508/Website/External/SenateStateBtlDownload-15508-SA.zip,data/raw/aec/2010_federal/15508/final/SenateStateBtlDownload-15508-SA.zip,True,
2010,senate_btl_preferences_tas,primary,Australian Electoral Commission,senate,below_the_line_preferences,direct_file,https://results.aec.gov.au/15508/Website/External/SenateStateBtlDownload-15508-TAS.zip,data/raw/aec/2010_federal/15508/final/SenateStateBtlDownload-15508-TAS.zip,True,
2010,senate_btl_preferences_act,primary,Australian Electoral Commission,senate,below_the_line_preferences,direct_file,https://results.aec.gov.au/15508/Website/External/SenateStateBtlDownload-15508-ACT.zip,data/raw/aec/2010_federal/15508/final/SenateStateBtlDownload-15508-ACT.zip,True,
2010,senate_btl_preferences_nt,primary,Australian Electoral Commission,senate,below_the_line_preferences,direct_file,https://results.aec.gov.au/15508/Website/External/SenateStateBtlDownload-15508-NT.zip,data/raw/aec/2010_federal/15508/final/SenateStateBtlDownload-15508-NT.zip,True,
2013,house_candidates,primary,Australian Electoral Commission,house,candidates,direct_file,https://results.aec.gov.au/17496/Website/Downloads/HouseCandidatesDownload-17496.csv,data/raw/aec/2013_federal/17496/final/HouseCandidatesDownload-17496.csv,True,
2013,house_elected,primary,Australian Electoral Commission,house,outcomes,direct_file,https://results.aec.gov.au/17496/Website/Downloads/HouseMembersElectedDownload-17496.csv,data/raw/aec/2013_federal/17496/final/HouseMembersElectedDownload-17496.csv,True,
2013,house_fp_vote_type,primary,Australian Electoral Commission,house,first_preferences,direct_file,https://results.aec.gov.au/17496/Website/Downloads/HouseFirstPrefsByCandidateByVoteTypeDownload-17496.csv,data/raw/aec/2013_federal/17496/final/HouseFirstPrefsByCandidateByVoteTypeDownload-17496.csv,True,
2013,house_fp_polling_nsw,primary,Australian Electoral Commission,house,first_preferences_polling_place,direct_file,https://results.aec.gov.au/17496/Website/Downloads/HouseStateFirstPrefsByPollingPlaceDownload-17496-NSW.csv,data/raw/aec/2013_federal/17496/final/HouseStateFirstPrefsByPollingPlaceDownload-17496-NSW.csv,True,
2013,house_fp_polling_vic,primary,Australian Electoral Commission,house,first_preferences_polling_place,direct_file,https://results.aec.gov.au/17496/Website/Downloads/HouseStateFirstPrefsByPollingPlaceDownload-17496-VIC.csv,data/raw/aec/2013_federal/17496/final/HouseStateFirstPrefsByPollingPlaceDownload-17496-VIC.csv,True,
2013,house_fp_polling_qld,primary,Australian Electoral Commission,house,first_preferences_polling_place,direct_file,https://results.aec.gov.au/17496/Website/Downloads/HouseStateFirstPrefsByPollingPlaceDownload-17496-QLD.csv,data/raw/aec/2013_federal/17496/final/HouseStateFirstPrefsByPollingPlaceDownload-17496-QLD.csv,True,
2013,house_fp_polling_wa,primary,Australian Electoral Commission,house,first_preferences_polling_place,direct_file,https://results.aec.gov.au/17496/Website/Downloads/HouseStateFirstPrefsByPollingPlaceDownload-17496-WA.csv,data/raw/aec/2013_federal/17496/final/HouseStateFirstPrefsByPollingPlaceDownload-17496-WA.csv,True,
2013,house_fp_polling_sa,primary,Australian Electoral Commission,house,first_preferences_polling_place,direct_file,https://results.aec.gov.au/17496/Website/Downloads/HouseStateFirstPrefsByPollingPlaceDownload-17496-SA.csv,data/raw/aec/2013_federal/17496/final/HouseStateFirstPrefsByPollingPlaceDownload-17496-SA.csv,True,
2013,house_fp_polling_tas,primary,Australian Electoral Commission,house,first_preferences_polling_place,direct_file,https://results.aec.gov.au/17496/Website/Downloads/HouseStateFirstPrefsByPollingPlaceDownload-17496-TAS.csv,data/raw/aec/2013_federal/17496/final/HouseStateFirstPrefsByPollingPlaceDownload-17496-TAS.csv,True,
2013,house_fp_polling_act,primary,Australian Electoral Commission,house,first_preferences_polling_place,direct_file,https://results.aec.gov.au/17496/Website/Downloads/HouseStateFirstPrefsByPollingPlaceDownload-17496-ACT.csv,data/raw/aec/2013_federal/17496/final/HouseStateFirstPrefsByPollingPlaceDownload-17496-ACT.csv,True,
2013,house_fp_polling_nt,primary,Australian Electoral Commission,house,first_preferences_polling_place,direct_file,https://results.aec.gov.au/17496/Website/Downloads/HouseStateFirstPrefsByPollingPlaceDownload-17496-NT.csv,data/raw/aec/2013_federal/17496/final/HouseStateFirstPrefsByPollingPlaceDownload-17496-NT.csv,True,
2013,house_tcp_vote_type,primary,Australian Electoral Commission,house,two_candidate_preferred,direct_file,https://results.aec.gov.au/17496/Website/Downloads/HouseTcpByCandidateByVoteTypeDownload-17496.csv,data/raw/aec/2013_federal/17496/final/HouseTcpByCandidateByVoteTypeDownload-17496.csv,True,
2013,house_tcp_polling,primary,Australian Electoral Commission,house,two_candidate_preferred_polling_place,direct_file,https://results.aec.gov.au/17496/Website/Downloads/HouseTcpByCandidateByPollingPlaceDownload-17496.csv,data/raw/aec/2013_federal/17496/final/HouseTcpByCandidateByPollingPlaceDownload-17496.csv,True,
2013,house_tpp_state,primary,Australian Electoral Commission,house,two_party_preferred_state,direct_file,https://results.aec.gov.au/17496/Website/Downloads/HouseTppByStateDownload-17496.csv,data/raw/aec/2013_federal/17496/final/HouseTppByStateDownload-17496.csv,True,
2013,house_tpp_division,primary,Australian Electoral Commission,house,two_party_preferred_division,direct_file,https://results.aec.gov.au/17496/Website/Downloads/HouseTppByDivisionDownload-17496.csv,data/raw/aec/2013_federal/17496/final/HouseTppByDivisionDownload-17496.csv,True,
2013,house_tpp_polling,primary,Australian Electoral Commission,house,two_party_preferred_polling_place,direct_file,https://results.aec.gov.au/17496/Website/Downloads/HouseTppByPollingPlaceDownload-17496.csv,data/raw/aec/2013_federal/17496/final/HouseTppByPollingPlaceDownload-17496.csv,True,
2013,house_distribution,primary,Australian Electoral Commission,house,distribution_of_preferences,direct_file,https://results.aec.gov.au/17496/Website/Downloads/HouseDopByDivisionDownload-17496.csv,data/raw/aec/2013_federal/17496/final/HouseDopByDivisionDownload-17496.csv,True,
2013,enrolment_division,primary,Australian Electoral Commission,both,enrolment,direct_file,https://results.aec.gov.au/17496/Website/Downloads/GeneralEnrolmentByDivisionDownload-17496.csv,data/raw/aec/2013_federal/17496/final/GeneralEnrolmentByDivisionDownload-17496.csv,True,
2013,house_informal_division,primary,Australian Electoral Commission,house,participation,direct_file,https://results.aec.gov.au/17496/Website/Downloads/HouseInformalByDivisionDownload-17496.csv,data/raw/aec/2013_federal/17496/final/HouseInformalByDivisionDownload-17496.csv,True,
2013,house_turnout_division,primary,Australian Electoral Commission,house,participation,direct_file,https://results.aec.gov.au/17496/Website/Downloads/HouseTurnoutByDivisionDownload-17496.csv,data/raw/aec/2013_federal/17496/final/HouseTurnoutByDivisionDownload-17496.csv,True,
2013,house_votes_division,primary,Australian Electoral Commission,house,participation,direct_file,https://results.aec.gov.au/17496/Website/Downloads/HouseVotesCountedByDivisionDownload-17496.csv,data/raw/aec/2013_federal/17496/final/HouseVotesCountedByDivisionDownload-17496.csv,True,
2013,polling_places,primary,Australian Electoral Commission,both,reporting_units,direct_file,https://results.aec.gov.au/17496/Website/Downloads/GeneralPollingPlacesDownload-17496.csv,data/raw/aec/2013_federal/17496/final/GeneralPollingPlacesDownload-17496.csv,True,
2013,senate_candidates,primary,Australian Electoral Commission,senate,candidates,direct_file,https://results.aec.gov.au/17496/Website/Downloads/SenateCandidatesDownload-17496.csv,data/raw/aec/2013_federal/17496/final/SenateCandidatesDownload-17496.csv,True,
2013,senate_elected,primary,Australian Electoral Commission,senate,outcomes,direct_file,https://results.aec.gov.au/17496/Website/Downloads/SenateSenatorsElectedDownload-17496.csv,data/raw/aec/2013_federal/17496/final/SenateSenatorsElectedDownload-17496.csv,True,
2013,senate_fp_state_vote_type,primary,Australian Electoral Commission,senate,first_preferences,direct_file,https://results.aec.gov.au/17496/Website/Downloads/SenateFirstPrefsByStateByVoteTypeDownload-17496.csv,data/raw/aec/2013_federal/17496/final/SenateFirstPrefsByStateByVoteTypeDownload-17496.csv,True,
2013,senate_fp_division_vote_type,primary,Australian Electoral Commission,senate,first_preferences_division,direct_file,https://results.aec.gov.au/17496/Website/Downloads/SenateFirstPrefsByDivisionByVoteTypeDownload-17496.csv,data/raw/aec/2013_federal/17496/final/SenateFirstPrefsByDivisionByVoteTypeDownload-17496.csv,True,
2013,senate_fp_group_vote_type,primary,Australian Electoral Commission,senate,first_preferences_group,direct_file,https://results.aec.gov.au/17496/Website/Downloads/SenateFirstPrefsByGroupByVoteTypeDownload-17496.csv,data/raw/aec/2013_federal/17496/final/SenateFirstPrefsByGroupByVoteTypeDownload-17496.csv,True,
2013,senate_fp_state_group_vote_type,primary,Australian Electoral Commission,senate,first_preferences_group,direct_file,https://results.aec.gov.au/17496/Website/Downloads/SenateFirstPrefsByStateByGroupByVoteTypeDownload-17496.csv,data/raw/aec/2013_federal/17496/final/SenateFirstPrefsByStateByGroupByVoteTypeDownload-17496.csv,True,
2013,enrolment_state,primary,Australian Electoral Commission,both,enrolment,direct_file,https://results.aec.gov.au/17496/Website/Downloads/GeneralEnrolmentByStateDownload-17496.csv,data/raw/aec/2013_federal/17496/final/GeneralEnrolmentByStateDownload-17496.csv,True,
2013,senate_informal_state,primary,Australian Electoral Commission,senate,participation,direct_file,https://results.aec.gov.au/17496/Website/Downloads/SenateInformalByStateDownload-17496.csv,data/raw/aec/2013_federal/17496/final/SenateInformalByStateDownload-17496.csv,True,
2013,senate_turnout_state,primary,Australian Electoral Commission,senate,participation,direct_file,https://results.aec.gov.au/17496/Website/Downloads/SenateTurnoutByStateDownload-17496.csv,data/raw/aec/2013_federal/17496/final/SenateTurnoutByStateDownload-17496.csv,True,
2013,senate_votes_state,primary,Australian Electoral Commission,senate,participation,direct_file,https://results.aec.gov.au/17496/Website/Downloads/SenateVotesCountedByStateDownload-17496.csv,data/raw/aec/2013_federal/17496/final/SenateVotesCountedByStateDownload-17496.csv,True,
2013,senate_informal_division,primary,Australian Electoral Commission,senate,participation_division,direct_file,https://results.aec.gov.au/17496/Website/Downloads/SenateInformalByDivisionDownload-17496.csv,data/raw/aec/2013_federal/17496/final/SenateInformalByDivisionDownload-17496.csv,True,
2013,senate_turnout_division,primary,Australian Electoral Commission,senate,participation_division,direct_file,https://results.aec.gov.au/17496/Website/Downloads/SenateTurnoutByDivisionDownload-17496.csv,data/raw/aec/2013_federal/17496/final/SenateTurnoutByDivisionDownload-17496.csv,True,
2013,senate_votes_division,primary,Australian Electoral Commission,senate,participation_division,direct_file,https://results.aec.gov.au/17496/Website/Downloads/SenateVotesCountedByDivisionDownload-17496.csv,data/raw/aec/2013_federal/17496/final/SenateVotesCountedByDivisionDownload-17496.csv,True,
2013,senate_distribution,primary,Australian Electoral Commission,senate,distribution_of_preferences,direct_file,https://results.aec.gov.au/17496/Website/External/SenateDopDownload-17496.zip,data/raw/aec/2013_federal/17496/final/SenateDopDownload-17496.zip,True,
2013,senate_group_voting_tickets,primary,Australian Electoral Commission,senate,group_voting_tickets,direct_file,https://results.aec.gov.au/17496/Website/Downloads/SenateGroupVotingTicketsDownload-17496.csv,data/raw/aec/2013_federal/17496/final/SenateGroupVotingTicketsDownload-17496.csv,True,
2013,senate_gvt_usage_state,primary,Australian Electoral Commission,senate,group_voting_ticket_usage,direct_file,https://results.aec.gov.au/17496/Website/Downloads/SenateUseOfGvtByStateDownload-17496.csv,data/raw/aec/2013_federal/17496/final/SenateUseOfGvtByStateDownload-17496.csv,True,
2013,senate_gvt_usage_group,primary,Australian Electoral Commission,senate,group_voting_ticket_usage,direct_file,https://results.aec.gov.au/17496/Website/Downloads/SenateUseOfGvtByGroupDownload-17496.csv,data/raw/aec/2013_federal/17496/final/SenateUseOfGvtByGroupDownload-17496.csv,True,
2013,senate_btl_preferences_nsw,primary,Australian Electoral Commission,senate,below_the_line_preferences,direct_file,https://results.aec.gov.au/17496/Website/External/SenateStateBtlDownload-17496-NSW.zip,data/raw/aec/2013_federal/17496/final/SenateStateBtlDownload-17496-NSW.zip,True,
2013,senate_btl_preferences_vic,primary,Australian Electoral Commission,senate,below_the_line_preferences,direct_file,https://results.aec.gov.au/17496/Website/External/SenateStateBtlDownload-17496-VIC.zip,data/raw/aec/2013_federal/17496/final/SenateStateBtlDownload-17496-VIC.zip,True,
2013,senate_btl_preferences_qld,primary,Australian Electoral Commission,senate,below_the_line_preferences,direct_file,https://results.aec.gov.au/17496/Website/External/SenateStateBtlDownload-17496-QLD.zip,data/raw/aec/2013_federal/17496/final/SenateStateBtlDownload-17496-QLD.zip,True,
2013,senate_btl_preferences_wa,primary,Australian Electoral Commission,senate,below_the_line_preferences,direct_file,https://results.aec.gov.au/17496/Website/External/SenateStateBtlDownload-17496-WA.zip,data/raw/aec/2013_federal/17496/final/SenateStateBtlDownload-17496-WA.zip,True,
2013,senate_btl_preferences_sa,primary,Australian Electoral Commission,senate,below_the_line_preferences,direct_file,https://results.aec.gov.au/17496/Website/External/SenateStateBtlDownload-17496-SA.zip,data/raw/aec/2013_federal/17496/final/SenateStateBtlDownload-17496-SA.zip,True,
2013,senate_btl_preferences_tas,primary,Australian Electoral Commission,senate,below_the_line_preferences,direct_file,https://results.aec.gov.au/17496/Website/External/SenateStateBtlDownload-17496-TAS.zip,data/raw/aec/2013_federal/17496/final/SenateStateBtlDownload-17496-TAS.zip,True,
2013,senate_btl_preferences_act,primary,Australian Electoral Commission,senate,below_the_line_preferences,direct_file,https://results.aec.gov.au/17496/Website/External/SenateStateBtlDownload-17496-ACT.zip,data/raw/aec/2013_federal/17496/final/SenateStateBtlDownload-17496-ACT.zip,True,
2013,senate_btl_preferences_nt,primary,Australian Electoral Commission,senate,below_the_line_preferences,direct_file,https://results.aec.gov.au/17496/Website/External/SenateStateBtlDownload-17496-NT.zip,data/raw/aec/2013_federal/17496/final/SenateStateBtlDownload-17496-NT.zip,True,
2016,house_candidates,primary,Australian Electoral Commission,house,candidates,direct_file,https://results.aec.gov.au/20499/Website/Downloads/HouseCandidatesDownload-20499.csv,data/raw/aec/2016_federal/20499/final/HouseCandidatesDownload-20499.csv,True,
2016,house_elected,primary,Australian Electoral Commission,house,outcomes,direct_file,https://results.aec.gov.au/20499/Website/Downloads/HouseMembersElectedDownload-20499.csv,data/raw/aec/2016_federal/20499/final/HouseMembersElectedDownload-20499.csv,True,
2016,house_fp_vote_type,primary,Australian Electoral Commission,house,first_preferences,direct_file,https://results.aec.gov.au/20499/Website/Downloads/HouseFirstPrefsByCandidateByVoteTypeDownload-20499.csv,data/raw/aec/2016_federal/20499/final/HouseFirstPrefsByCandidateByVoteTypeDownload-20499.csv,True,
2016,house_fp_polling_nsw,primary,Australian Electoral Commission,house,first_preferences_polling_place,direct_file,https://results.aec.gov.au/20499/Website/Downloads/HouseStateFirstPrefsByPollingPlaceDownload-20499-NSW.csv,data/raw/aec/2016_federal/20499/final/HouseStateFirstPrefsByPollingPlaceDownload-20499-NSW.csv,True,
2016,house_fp_polling_vic,primary,Australian Electoral Commission,house,first_preferences_polling_place,direct_file,https://results.aec.gov.au/20499/Website/Downloads/HouseStateFirstPrefsByPollingPlaceDownload-20499-VIC.csv,data/raw/aec/2016_federal/20499/final/HouseStateFirstPrefsByPollingPlaceDownload-20499-VIC.csv,True,
2016,house_fp_polling_qld,primary,Australian Electoral Commission,house,first_preferences_polling_place,direct_file,https://results.aec.gov.au/20499/Website/Downloads/HouseStateFirstPrefsByPollingPlaceDownload-20499-QLD.csv,data/raw/aec/2016_federal/20499/final/HouseStateFirstPrefsByPollingPlaceDownload-20499-QLD.csv,True,
2016,house_fp_polling_wa,primary,Australian Electoral Commission,house,first_preferences_polling_place,direct_file,https://results.aec.gov.au/20499/Website/Downloads/HouseStateFirstPrefsByPollingPlaceDownload-20499-WA.csv,data/raw/aec/2016_federal/20499/final/HouseStateFirstPrefsByPollingPlaceDownload-20499-WA.csv,True,
2016,house_fp_polling_sa,primary,Australian Electoral Commission,house,first_preferences_polling_place,direct_file,https://results.aec.gov.au/20499/Website/Downloads/HouseStateFirstPrefsByPollingPlaceDownload-20499-SA.csv,data/raw/aec/2016_federal/20499/final/HouseStateFirstPrefsByPollingPlaceDownload-20499-SA.csv,True,
2016,house_fp_polling_tas,primary,Australian Electoral Commission,house,first_preferences_polling_place,direct_file,https://results.aec.gov.au/20499/Website/Downloads/HouseStateFirstPrefsByPollingPlaceDownload-20499-TAS.csv,data/raw/aec/2016_federal/20499/final/HouseStateFirstPrefsByPollingPlaceDownload-20499-TAS.csv,True,
2016,house_fp_polling_act,primary,Australian Electoral Commission,house,first_preferences_polling_place,direct_file,https://results.aec.gov.au/20499/Website/Downloads/HouseStateFirstPrefsByPollingPlaceDownload-20499-ACT.csv,data/raw/aec/2016_federal/20499/final/HouseStateFirstPrefsByPollingPlaceDownload-20499-ACT.csv,True,
2016,house_fp_polling_nt,primary,Australian Electoral Commission,house,first_preferences_polling_place,direct_file,https://results.aec.gov.au/20499/Website/Downloads/HouseStateFirstPrefsByPollingPlaceDownload-20499-NT.csv,data/raw/aec/2016_federal/20499/final/HouseStateFirstPrefsByPollingPlaceDownload-20499-NT.csv,True,
2016,house_tcp_vote_type,primary,Australian Electoral Commission,house,two_candidate_preferred,direct_file,https://results.aec.gov.au/20499/Website/Downloads/HouseTcpByCandidateByVoteTypeDownload-20499.csv,data/raw/aec/2016_federal/20499/final/HouseTcpByCandidateByVoteTypeDownload-20499.csv,True,
2016,house_tcp_polling,primary,Australian Electoral Commission,house,two_candidate_preferred_polling_place,direct_file,https://results.aec.gov.au/20499/Website/Downloads/HouseTcpByCandidateByPollingPlaceDownload-20499.csv,data/raw/aec/2016_federal/20499/final/HouseTcpByCandidateByPollingPlaceDownload-20499.csv,True,
2016,house_tpp_state,primary,Australian Electoral Commission,house,two_party_preferred_state,direct_file,https://results.aec.gov.au/20499/Website/Downloads/HouseTppByStateDownload-20499.csv,data/raw/aec/2016_federal/20499/final/HouseTppByStateDownload-20499.csv,True,
2016,house_tpp_division,primary,Australian Electoral Commission,house,two_party_preferred_division,direct_file,https://results.aec.gov.au/20499/Website/Downloads/HouseTppByDivisionDownload-20499.csv,data/raw/aec/2016_federal/20499/final/HouseTppByDivisionDownload-20499.csv,True,
2016,house_tpp_polling,primary,Australian Electoral Commission,house,two_party_preferred_polling_place,direct_file,https://results.aec.gov.au/20499/Website/Downloads/HouseTppByPollingPlaceDownload-20499.csv,data/raw/aec/2016_federal/20499/final/HouseTppByPollingPlaceDownload-20499.csv,True,
2016,house_distribution,primary,Australian Electoral Commission,house,distribution_of_preferences,direct_file,https://results.aec.gov.au/20499/Website/Downloads/HouseDopByDivisionDownload-20499.csv,data/raw/aec/2016_federal/20499/final/HouseDopByDivisionDownload-20499.csv,True,
2016,enrolment_division,primary,Australian Electoral Commission,both,enrolment,direct_file,https://results.aec.gov.au/20499/Website/Downloads/GeneralEnrolmentByDivisionDownload-20499.csv,data/raw/aec/2016_federal/20499/final/GeneralEnrolmentByDivisionDownload-20499.csv,True,
2016,house_informal_division,primary,Australian Electoral Commission,house,participation,direct_file,https://results.aec.gov.au/20499/Website/Downloads/HouseInformalByDivisionDownload-20499.csv,data/raw/aec/2016_federal/20499/final/HouseInformalByDivisionDownload-20499.csv,True,
2016,house_turnout_division,primary,Australian Electoral Commission,house,participation,direct_file,https://results.aec.gov.au/20499/Website/Downloads/HouseTurnoutByDivisionDownload-20499.csv,data/raw/aec/2016_federal/20499/final/HouseTurnoutByDivisionDownload-20499.csv,True,
2016,house_votes_division,primary,Australian Electoral Commission,house,participation,direct_file,https://results.aec.gov.au/20499/Website/Downloads/HouseVotesCountedByDivisionDownload-20499.csv,data/raw/aec/2016_federal/20499/final/HouseVotesCountedByDivisionDownload-20499.csv,True,
2016,polling_places,primary,Australian Electoral Commission,both,reporting_units,direct_file,https://results.aec.gov.au/20499/Website/Downloads/GeneralPollingPlacesDownload-20499.csv,data/raw/aec/2016_federal/20499/final/GeneralPollingPlacesDownload-20499.csv,True,
2016,senate_candidates,primary,Australian Electoral Commission,senate,candidates,direct_file,https://results.aec.gov.au/20499/Website/Downloads/SenateCandidatesDownload-20499.csv,data/raw/aec/2016_federal/20499/final/SenateCandidatesDownload-20499.csv,True,
2016,senate_elected,primary,Australian Electoral Commission,senate,outcomes,direct_file,https://results.aec.gov.au/20499/Website/Downloads/SenateSenatorsElectedDownload-20499.csv,data/raw/aec/2016_federal/20499/final/SenateSenatorsElectedDownload-20499.csv,True,
2016,senate_fp_state_vote_type,primary,Australian Electoral Commission,senate,first_preferences,direct_file,https://results.aec.gov.au/20499/Website/Downloads/SenateFirstPrefsByStateByVoteTypeDownload-20499.csv,data/raw/aec/2016_federal/20499/final/SenateFirstPrefsByStateByVoteTypeDownload-20499.csv,True,
2016,senate_fp_division_vote_type,primary,Australian Electoral Commission,senate,first_preferences_division,direct_file,https://results.aec.gov.au/20499/Website/Downloads/SenateFirstPrefsByDivisionByVoteTypeDownload-20499.csv,data/raw/aec/2016_federal/20499/final/SenateFirstPrefsByDivisionByVoteTypeDownload-20499.csv,True,
2016,senate_fp_group_vote_type,primary,Australian Electoral Commission,senate,first_preferences_group,direct_file,https://results.aec.gov.au/20499/Website/Downloads/SenateFirstPrefsByGroupByVoteTypeDownload-20499.csv,data/raw/aec/2016_federal/20499/final/SenateFirstPrefsByGroupByVoteTypeDownload-20499.csv,True,
2016,senate_fp_state_group_vote_type,primary,Australian Electoral Commission,senate,first_preferences_group,direct_file,https://results.aec.gov.au/20499/Website/Downloads/SenateFirstPrefsByStateByGroupByVoteTypeDownload-20499.csv,data/raw/aec/2016_federal/20499/final/SenateFirstPrefsByStateByGroupByVoteTypeDownload-20499.csv,True,
2016,enrolment_state,primary,Australian Electoral Commission,both,enrolment,direct_file,https://results.aec.gov.au/20499/Website/Downloads/GeneralEnrolmentByStateDownload-20499.csv,data/raw/aec/2016_federal/20499/final/GeneralEnrolmentByStateDownload-20499.csv,True,
2016,senate_informal_state,primary,Australian Electoral Commission,senate,participation,direct_file,https://results.aec.gov.au/20499/Website/Downloads/SenateInformalByStateDownload-20499.csv,data/raw/aec/2016_federal/20499/final/SenateInformalByStateDownload-20499.csv,True,
2016,senate_turnout_state,primary,Australian Electoral Commission,senate,participation,direct_file,https://results.aec.gov.au/20499/Website/Downloads/SenateTurnoutByStateDownload-20499.csv,data/raw/aec/2016_federal/20499/final/SenateTurnoutByStateDownload-20499.csv,True,
2016,senate_votes_state,primary,Australian Electoral Commission,senate,participation,direct_file,https://results.aec.gov.au/20499/Website/Downloads/SenateVotesCountedByStateDownload-20499.csv,data/raw/aec/2016_federal/20499/final/SenateVotesCountedByStateDownload-20499.csv,True,
2016,senate_informal_division,primary,Australian Electoral Commission,senate,participation_division,direct_file,https://results.aec.gov.au/20499/Website/Downloads/SenateInformalByDivisionDownload-20499.csv,data/raw/aec/2016_federal/20499/final/SenateInformalByDivisionDownload-20499.csv,True,
2016,senate_turnout_division,primary,Australian Electoral Commission,senate,participation_division,direct_file,https://results.aec.gov.au/20499/Website/Downloads/SenateTurnoutByDivisionDownload-20499.csv,data/raw/aec/2016_federal/20499/final/SenateTurnoutByDivisionDownload-20499.csv,True,
2016,senate_votes_division,primary,Australian Electoral Commission,senate,participation_division,direct_file,https://results.aec.gov.au/20499/Website/Downloads/SenateVotesCountedByDivisionDownload-20499.csv,data/raw/aec/2016_federal/20499/final/SenateVotesCountedByDivisionDownload-20499.csv,True,
2016,senate_distribution,primary,Australian Electoral Commission,senate,distribution_of_preferences,direct_file,https://results.aec.gov.au/20499/Website/External/SenateDopDownload-20499.zip,data/raw/aec/2016_federal/20499/final/SenateDopDownload-20499.zip,True,
2016,house_tpp_division_vote_type,primary,Australian Electoral Commission,house,two_party_preferred,direct_file,https://results.aec.gov.au/20499/Website/Downloads/HouseTppByDivisionByVoteTypeDownload-20499.csv,data/raw/aec/2016_federal/20499/final/HouseTppByDivisionByVoteTypeDownload-20499.csv,True,
2016,senate_formal_preferences_nsw,primary,Australian Electoral Commission,senate,formal_preferences,direct_file,https://results.aec.gov.au/20499/Website/External/aec-senate-formalpreferences-20499-NSW.zip,data/raw/aec/2016_federal/20499/final/aec-senate-formalpreferences-20499-NSW.zip,True,
2016,senate_formal_preferences_vic,primary,Australian Electoral Commission,senate,formal_preferences,direct_file,https://results.aec.gov.au/20499/Website/External/aec-senate-formalpreferences-20499-VIC.zip,data/raw/aec/2016_federal/20499/final/aec-senate-formalpreferences-20499-VIC.zip,True,
2016,senate_formal_preferences_qld,primary,Australian Electoral Commission,senate,formal_preferences,direct_file,https://results.aec.gov.au/20499/Website/External/aec-senate-formalpreferences-20499-QLD.zip,data/raw/aec/2016_federal/20499/final/aec-senate-formalpreferences-20499-QLD.zip,True,
2016,senate_formal_preferences_wa,primary,Australian Electoral Commission,senate,formal_preferences,direct_file,https://results.aec.gov.au/20499/Website/External/aec-senate-formalpreferences-20499-WA.zip,data/raw/aec/2016_federal/20499/final/aec-senate-formalpreferences-20499-WA.zip,True,
2016,senate_formal_preferences_sa,primary,Australian Electoral Commission,senate,formal_preferences,direct_file,https://results.aec.gov.au/20499/Website/External/aec-senate-formalpreferences-20499-SA.zip,data/raw/aec/2016_federal/20499/final/aec-senate-formalpreferences-20499-SA.zip,True,
2016,senate_formal_preferences_tas,primary,Australian Electoral Commission,senate,formal_preferences,direct_file,https://results.aec.gov.au/20499/Website/External/aec-senate-formalpreferences-20499-TAS.zip,data/raw/aec/2016_federal/20499/final/aec-senate-formalpreferences-20499-TAS.zip,True,
2016,senate_formal_preferences_act,primary,Australian Electoral Commission,senate,formal_preferences,direct_file,https://results.aec.gov.au/20499/Website/External/aec-senate-formalpreferences-20499-ACT.zip,data/raw/aec/2016_federal/20499/final/aec-senate-formalpreferences-20499-ACT.zip,True,
2016,senate_formal_preferences_nt,primary,Australian Electoral Commission,senate,formal_preferences,direct_file,https://results.aec.gov.au/20499/Website/External/aec-senate-formalpreferences-20499-NT.zip,data/raw/aec/2016_federal/20499/final/aec-senate-formalpreferences-20499-NT.zip,True,
2016,senate_formal_candidate_information,primary,Australian Electoral Commission,senate,formal_preference_candidate_information,direct_file,https://results.aec.gov.au/20499/Website/External/aec-senate-candidateinformation-20499.zip,data/raw/aec/2016_federal/20499/final/aec-senate-candidateinformation-20499.zip,True,
2019,house_candidates,primary,Australian Electoral Commission,house,candidates,direct_file,https://results.aec.gov.au/24310/Website/Downloads/HouseCandidatesDownload-24310.csv,data/raw/aec/2019_federal/24310/final/HouseCandidatesDownload-24310.csv,True,
2019,house_elected,primary,Australian Electoral Commission,house,outcomes,direct_file,https://results.aec.gov.au/24310/Website/Downloads/HouseMembersElectedDownload-24310.csv,data/raw/aec/2019_federal/24310/final/HouseMembersElectedDownload-24310.csv,True,
2019,house_fp_vote_type,primary,Australian Electoral Commission,house,first_preferences,direct_file,https://results.aec.gov.au/24310/Website/Downloads/HouseFirstPrefsByCandidateByVoteTypeDownload-24310.csv,data/raw/aec/2019_federal/24310/final/HouseFirstPrefsByCandidateByVoteTypeDownload-24310.csv,True,
2019,house_fp_polling_nsw,primary,Australian Electoral Commission,house,first_preferences_polling_place,direct_file,https://results.aec.gov.au/24310/Website/Downloads/HouseStateFirstPrefsByPollingPlaceDownload-24310-NSW.csv,data/raw/aec/2019_federal/24310/final/HouseStateFirstPrefsByPollingPlaceDownload-24310-NSW.csv,True,
2019,house_fp_polling_vic,primary,Australian Electoral Commission,house,first_preferences_polling_place,direct_file,https://results.aec.gov.au/24310/Website/Downloads/HouseStateFirstPrefsByPollingPlaceDownload-24310-VIC.csv,data/raw/aec/2019_federal/24310/final/HouseStateFirstPrefsByPollingPlaceDownload-24310-VIC.csv,True,
2019,house_fp_polling_qld,primary,Australian Electoral Commission,house,first_preferences_polling_place,direct_file,https://results.aec.gov.au/24310/Website/Downloads/HouseStateFirstPrefsByPollingPlaceDownload-24310-QLD.csv,data/raw/aec/2019_federal/24310/final/HouseStateFirstPrefsByPollingPlaceDownload-24310-QLD.csv,True,
2019,house_fp_polling_wa,primary,Australian Electoral Commission,house,first_preferences_polling_place,direct_file,https://results.aec.gov.au/24310/Website/Downloads/HouseStateFirstPrefsByPollingPlaceDownload-24310-WA.csv,data/raw/aec/2019_federal/24310/final/HouseStateFirstPrefsByPollingPlaceDownload-24310-WA.csv,True,
2019,house_fp_polling_sa,primary,Australian Electoral Commission,house,first_preferences_polling_place,direct_file,https://results.aec.gov.au/24310/Website/Downloads/HouseStateFirstPrefsByPollingPlaceDownload-24310-SA.csv,data/raw/aec/2019_federal/24310/final/HouseStateFirstPrefsByPollingPlaceDownload-24310-SA.csv,True,
2019,house_fp_polling_tas,primary,Australian Electoral Commission,house,first_preferences_polling_place,direct_file,https://results.aec.gov.au/24310/Website/Downloads/HouseStateFirstPrefsByPollingPlaceDownload-24310-TAS.csv,data/raw/aec/2019_federal/24310/final/HouseStateFirstPrefsByPollingPlaceDownload-24310-TAS.csv,True,
2019,house_fp_polling_act,primary,Australian Electoral Commission,house,first_preferences_polling_place,direct_file,https://results.aec.gov.au/24310/Website/Downloads/HouseStateFirstPrefsByPollingPlaceDownload-24310-ACT.csv,data/raw/aec/2019_federal/24310/final/HouseStateFirstPrefsByPollingPlaceDownload-24310-ACT.csv,True,
2019,house_fp_polling_nt,primary,Australian Electoral Commission,house,first_preferences_polling_place,direct_file,https://results.aec.gov.au/24310/Website/Downloads/HouseStateFirstPrefsByPollingPlaceDownload-24310-NT.csv,data/raw/aec/2019_federal/24310/final/HouseStateFirstPrefsByPollingPlaceDownload-24310-NT.csv,True,
2019,house_tcp_vote_type,primary,Australian Electoral Commission,house,two_candidate_preferred,direct_file,https://results.aec.gov.au/24310/Website/Downloads/HouseTcpByCandidateByVoteTypeDownload-24310.csv,data/raw/aec/2019_federal/24310/final/HouseTcpByCandidateByVoteTypeDownload-24310.csv,True,
2019,house_tcp_polling,primary,Australian Electoral Commission,house,two_candidate_preferred_polling_place,direct_file,https://results.aec.gov.au/24310/Website/Downloads/HouseTcpByCandidateByPollingPlaceDownload-24310.csv,data/raw/aec/2019_federal/24310/final/HouseTcpByCandidateByPollingPlaceDownload-24310.csv,True,
2019,house_tpp_state,primary,Australian Electoral Commission,house,two_party_preferred_state,direct_file,https://results.aec.gov.au/24310/Website/Downloads/HouseTppByStateDownload-24310.csv,data/raw/aec/2019_federal/24310/final/HouseTppByStateDownload-24310.csv,True,
2019,house_tpp_division,primary,Australian Electoral Commission,house,two_party_preferred_division,direct_file,https://results.aec.gov.au/24310/Website/Downloads/HouseTppByDivisionDownload-24310.csv,data/raw/aec/2019_federal/24310/final/HouseTppByDivisionDownload-24310.csv,True,
2019,house_tpp_polling,primary,Australian Electoral Commission,house,two_party_preferred_polling_place,direct_file,https://results.aec.gov.au/24310/Website/Downloads/HouseTppByPollingPlaceDownload-24310.csv,data/raw/aec/2019_federal/24310/final/HouseTppByPollingPlaceDownload-24310.csv,True,
2019,house_distribution,primary,Australian Electoral Commission,house,distribution_of_preferences,direct_file,https://results.aec.gov.au/24310/Website/Downloads/HouseDopByDivisionDownload-24310.csv,data/raw/aec/2019_federal/24310/final/HouseDopByDivisionDownload-24310.csv,True,
2019,enrolment_division,primary,Australian Electoral Commission,both,enrolment,direct_file,https://results.aec.gov.au/24310/Website/Downloads/GeneralEnrolmentByDivisionDownload-24310.csv,data/raw/aec/2019_federal/24310/final/GeneralEnrolmentByDivisionDownload-24310.csv,True,
2019,house_informal_division,primary,Australian Electoral Commission,house,participation,direct_file,https://results.aec.gov.au/24310/Website/Downloads/HouseInformalByDivisionDownload-24310.csv,data/raw/aec/2019_federal/24310/final/HouseInformalByDivisionDownload-24310.csv,True,
2019,house_turnout_division,primary,Australian Electoral Commission,house,participation,direct_file,https://results.aec.gov.au/24310/Website/Downloads/HouseTurnoutByDivisionDownload-24310.csv,data/raw/aec/2019_federal/24310/final/HouseTurnoutByDivisionDownload-24310.csv,True,
2019,house_votes_division,primary,Australian Electoral Commission,house,participation,direct_file,https://results.aec.gov.au/24310/Website/Downloads/HouseVotesCountedByDivisionDownload-24310.csv,data/raw/aec/2019_federal/24310/final/HouseVotesCountedByDivisionDownload-24310.csv,True,
2019,polling_places,primary,Australian Electoral Commission,both,reporting_units,direct_file,https://results.aec.gov.au/24310/Website/Downloads/GeneralPollingPlacesDownload-24310.csv,data/raw/aec/2019_federal/24310/final/GeneralPollingPlacesDownload-24310.csv,True,
2019,senate_candidates,primary,Australian Electoral Commission,senate,candidates,direct_file,https://results.aec.gov.au/24310/Website/Downloads/SenateCandidatesDownload-24310.csv,data/raw/aec/2019_federal/24310/final/SenateCandidatesDownload-24310.csv,True,
2019,senate_elected,primary,Australian Electoral Commission,senate,outcomes,direct_file,https://results.aec.gov.au/24310/Website/Downloads/SenateSenatorsElectedDownload-24310.csv,data/raw/aec/2019_federal/24310/final/SenateSenatorsElectedDownload-24310.csv,True,
2019,senate_fp_state_vote_type,primary,Australian Electoral Commission,senate,first_preferences,direct_file,https://results.aec.gov.au/24310/Website/Downloads/SenateFirstPrefsByStateByVoteTypeDownload-24310.csv,data/raw/aec/2019_federal/24310/final/SenateFirstPrefsByStateByVoteTypeDownload-24310.csv,True,
2019,senate_fp_division_vote_type,primary,Australian Electoral Commission,senate,first_preferences_division,direct_file,https://results.aec.gov.au/24310/Website/Downloads/SenateFirstPrefsByDivisionByVoteTypeDownload-24310.csv,data/raw/aec/2019_federal/24310/final/SenateFirstPrefsByDivisionByVoteTypeDownload-24310.csv,True,
2019,senate_fp_group_vote_type,primary,Australian Electoral Commission,senate,first_preferences_group,direct_file,https://results.aec.gov.au/24310/Website/Downloads/SenateFirstPrefsByGroupByVoteTypeDownload-24310.csv,data/raw/aec/2019_federal/24310/final/SenateFirstPrefsByGroupByVoteTypeDownload-24310.csv,True,
2019,senate_fp_state_group_vote_type,primary,Australian Electoral Commission,senate,first_preferences_group,direct_file,https://results.aec.gov.au/24310/Website/Downloads/SenateFirstPrefsByStateByGroupByVoteTypeDownload-24310.csv,data/raw/aec/2019_federal/24310/final/SenateFirstPrefsByStateByGroupByVoteTypeDownload-24310.csv,True,
2019,enrolment_state,primary,Australian Electoral Commission,both,enrolment,direct_file,https://results.aec.gov.au/24310/Website/Downloads/GeneralEnrolmentByStateDownload-24310.csv,data/raw/aec/2019_federal/24310/final/GeneralEnrolmentByStateDownload-24310.csv,True,
2019,senate_informal_state,primary,Australian Electoral Commission,senate,participation,direct_file,https://results.aec.gov.au/24310/Website/Downloads/SenateInformalByStateDownload-24310.csv,data/raw/aec/2019_federal/24310/final/SenateInformalByStateDownload-24310.csv,True,
2019,senate_turnout_state,primary,Australian Electoral Commission,senate,participation,direct_file,https://results.aec.gov.au/24310/Website/Downloads/SenateTurnoutByStateDownload-24310.csv,data/raw/aec/2019_federal/24310/final/SenateTurnoutByStateDownload-24310.csv,True,
2019,senate_votes_state,primary,Australian Electoral Commission,senate,participation,direct_file,https://results.aec.gov.au/24310/Website/Downloads/SenateVotesCountedByStateDownload-24310.csv,data/raw/aec/2019_federal/24310/final/SenateVotesCountedByStateDownload-24310.csv,True,
2019,senate_informal_division,primary,Australian Electoral Commission,senate,participation_division,direct_file,https://results.aec.gov.au/24310/Website/Downloads/SenateInformalByDivisionDownload-24310.csv,data/raw/aec/2019_federal/24310/final/SenateInformalByDivisionDownload-24310.csv,True,
2019,senate_turnout_division,primary,Australian Electoral Commission,senate,participation_division,direct_file,https://results.aec.gov.au/24310/Website/Downloads/SenateTurnoutByDivisionDownload-24310.csv,data/raw/aec/2019_federal/24310/final/SenateTurnoutByDivisionDownload-24310.csv,True,
2019,senate_votes_division,primary,Australian Electoral Commission,senate,participation_division,direct_file,https://results.aec.gov.au/24310/Website/Downloads/SenateVotesCountedByDivisionDownload-24310.csv,data/raw/aec/2019_federal/24310/final/SenateVotesCountedByDivisionDownload-24310.csv,True,
2019,senate_distribution,primary,Australian Electoral Commission,senate,distribution_of_preferences,direct_file,https://results.aec.gov.au/24310/Website/External/SenateDopDownload-24310.zip,data/raw/aec/2019_federal/24310/final/SenateDopDownload-24310.zip,True,
2019,house_tpp_division_vote_type,primary,Australian Electoral Commission,house,two_party_preferred,direct_file,https://results.aec.gov.au/24310/Website/Downloads/HouseTppByDivisionByVoteTypeDownload-24310.csv,data/raw/aec/2019_federal/24310/final/HouseTppByDivisionByVoteTypeDownload-24310.csv,True,
2019,senate_formal_preferences_nsw,primary,Australian Electoral Commission,senate,formal_preferences,direct_file,https://results.aec.gov.au/24310/Website/External/aec-senate-formalpreferences-24310-NSW.zip,data/raw/aec/2019_federal/24310/final/aec-senate-formalpreferences-24310-NSW.zip,True,
2019,senate_formal_preferences_vic,primary,Australian Electoral Commission,senate,formal_preferences,direct_file,https://results.aec.gov.au/24310/Website/External/aec-senate-formalpreferences-24310-VIC.zip,data/raw/aec/2019_federal/24310/final/aec-senate-formalpreferences-24310-VIC.zip,True,
2019,senate_formal_preferences_qld,primary,Australian Electoral Commission,senate,formal_preferences,direct_file,https://results.aec.gov.au/24310/Website/External/aec-senate-formalpreferences-24310-QLD.zip,data/raw/aec/2019_federal/24310/final/aec-senate-formalpreferences-24310-QLD.zip,True,
2019,senate_formal_preferences_wa,primary,Australian Electoral Commission,senate,formal_preferences,direct_file,https://results.aec.gov.au/24310/Website/External/aec-senate-formalpreferences-24310-WA.zip,data/raw/aec/2019_federal/24310/final/aec-senate-formalpreferences-24310-WA.zip,True,
2019,senate_formal_preferences_sa,primary,Australian Electoral Commission,senate,formal_preferences,direct_file,https://results.aec.gov.au/24310/Website/External/aec-senate-formalpreferences-24310-SA.zip,data/raw/aec/2019_federal/24310/final/aec-senate-formalpreferences-24310-SA.zip,True,
2019,senate_formal_preferences_tas,primary,Australian Electoral Commission,senate,formal_preferences,direct_file,https://results.aec.gov.au/24310/Website/External/aec-senate-formalpreferences-24310-TAS.zip,data/raw/aec/2019_federal/24310/final/aec-senate-formalpreferences-24310-TAS.zip,True,
2019,senate_formal_preferences_act,primary,Australian Electoral Commission,senate,formal_preferences,direct_file,https://results.aec.gov.au/24310/Website/External/aec-senate-formalpreferences-24310-ACT.zip,data/raw/aec/2019_federal/24310/final/aec-senate-formalpreferences-24310-ACT.zip,True,
2019,senate_formal_preferences_nt,primary,Australian Electoral Commission,senate,formal_preferences,direct_file,https://results.aec.gov.au/24310/Website/External/aec-senate-formalpreferences-24310-NT.zip,data/raw/aec/2019_federal/24310/final/aec-senate-formalpreferences-24310-NT.zip,True,
2022,house_candidates,primary,Australian Electoral Commission,house,candidates,direct_file,https://results.aec.gov.au/27966/Website/Downloads/HouseCandidatesDownload-27966.csv,data/raw/aec/2022_federal/27966/final/HouseCandidatesDownload-27966.csv,True,
2022,house_elected,primary,Australian Electoral Commission,house,outcomes,direct_file,https://results.aec.gov.au/27966/Website/Downloads/HouseMembersElectedDownload-27966.csv,data/raw/aec/2022_federal/27966/final/HouseMembersElectedDownload-27966.csv,True,
2022,house_fp_vote_type,primary,Australian Electoral Commission,house,first_preferences,direct_file,https://results.aec.gov.au/27966/Website/Downloads/HouseFirstPrefsByCandidateByVoteTypeDownload-27966.csv,data/raw/aec/2022_federal/27966/final/HouseFirstPrefsByCandidateByVoteTypeDownload-27966.csv,True,
2022,house_fp_polling_nsw,primary,Australian Electoral Commission,house,first_preferences_polling_place,direct_file,https://results.aec.gov.au/27966/Website/Downloads/HouseStateFirstPrefsByPollingPlaceDownload-27966-NSW.csv,data/raw/aec/2022_federal/27966/final/HouseStateFirstPrefsByPollingPlaceDownload-27966-NSW.csv,True,
2022,house_fp_polling_vic,primary,Australian Electoral Commission,house,first_preferences_polling_place,direct_file,https://results.aec.gov.au/27966/Website/Downloads/HouseStateFirstPrefsByPollingPlaceDownload-27966-VIC.csv,data/raw/aec/2022_federal/27966/final/HouseStateFirstPrefsByPollingPlaceDownload-27966-VIC.csv,True,
2022,house_fp_polling_qld,primary,Australian Electoral Commission,house,first_preferences_polling_place,direct_file,https://results.aec.gov.au/27966/Website/Downloads/HouseStateFirstPrefsByPollingPlaceDownload-27966-QLD.csv,data/raw/aec/2022_federal/27966/final/HouseStateFirstPrefsByPollingPlaceDownload-27966-QLD.csv,True,
2022,house_fp_polling_wa,primary,Australian Electoral Commission,house,first_preferences_polling_place,direct_file,https://results.aec.gov.au/27966/Website/Downloads/HouseStateFirstPrefsByPollingPlaceDownload-27966-WA.csv,data/raw/aec/2022_federal/27966/final/HouseStateFirstPrefsByPollingPlaceDownload-27966-WA.csv,True,
2022,house_fp_polling_sa,primary,Australian Electoral Commission,house,first_preferences_polling_place,direct_file,https://results.aec.gov.au/27966/Website/Downloads/HouseStateFirstPrefsByPollingPlaceDownload-27966-SA.csv,data/raw/aec/2022_federal/27966/final/HouseStateFirstPrefsByPollingPlaceDownload-27966-SA.csv,True,
2022,house_fp_polling_tas,primary,Australian Electoral Commission,house,first_preferences_polling_place,direct_file,https://results.aec.gov.au/27966/Website/Downloads/HouseStateFirstPrefsByPollingPlaceDownload-27966-TAS.csv,data/raw/aec/2022_federal/27966/final/HouseStateFirstPrefsByPollingPlaceDownload-27966-TAS.csv,True,
2022,house_fp_polling_act,primary,Australian Electoral Commission,house,first_preferences_polling_place,direct_file,https://results.aec.gov.au/27966/Website/Downloads/HouseStateFirstPrefsByPollingPlaceDownload-27966-ACT.csv,data/raw/aec/2022_federal/27966/final/HouseStateFirstPrefsByPollingPlaceDownload-27966-ACT.csv,True,
2022,house_fp_polling_nt,primary,Australian Electoral Commission,house,first_preferences_polling_place,direct_file,https://results.aec.gov.au/27966/Website/Downloads/HouseStateFirstPrefsByPollingPlaceDownload-27966-NT.csv,data/raw/aec/2022_federal/27966/final/HouseStateFirstPrefsByPollingPlaceDownload-27966-NT.csv,True,
2022,house_tcp_vote_type,primary,Australian Electoral Commission,house,two_candidate_preferred,direct_file,https://results.aec.gov.au/27966/Website/Downloads/HouseTcpByCandidateByVoteTypeDownload-27966.csv,data/raw/aec/2022_federal/27966/final/HouseTcpByCandidateByVoteTypeDownload-27966.csv,True,
2022,house_tcp_polling,primary,Australian Electoral Commission,house,two_candidate_preferred_polling_place,direct_file,https://results.aec.gov.au/27966/Website/Downloads/HouseTcpByCandidateByPollingPlaceDownload-27966.csv,data/raw/aec/2022_federal/27966/final/HouseTcpByCandidateByPollingPlaceDownload-27966.csv,True,
2022,house_tpp_state,primary,Australian Electoral Commission,house,two_party_preferred_state,direct_file,https://results.aec.gov.au/27966/Website/Downloads/HouseTppByStateDownload-27966.csv,data/raw/aec/2022_federal/27966/final/HouseTppByStateDownload-27966.csv,True,
2022,house_tpp_division,primary,Australian Electoral Commission,house,two_party_preferred_division,direct_file,https://results.aec.gov.au/27966/Website/Downloads/HouseTppByDivisionDownload-27966.csv,data/raw/aec/2022_federal/27966/final/HouseTppByDivisionDownload-27966.csv,True,
2022,house_tpp_polling,primary,Australian Electoral Commission,house,two_party_preferred_polling_place,direct_file,https://results.aec.gov.au/27966/Website/Downloads/HouseTppByPollingPlaceDownload-27966.csv,data/raw/aec/2022_federal/27966/final/HouseTppByPollingPlaceDownload-27966.csv,True,
2022,house_distribution,primary,Australian Electoral Commission,house,distribution_of_preferences,direct_file,https://results.aec.gov.au/27966/Website/Downloads/HouseDopByDivisionDownload-27966.csv,data/raw/aec/2022_federal/27966/final/HouseDopByDivisionDownload-27966.csv,True,
2022,enrolment_division,primary,Australian Electoral Commission,both,enrolment,direct_file,https://results.aec.gov.au/27966/Website/Downloads/GeneralEnrolmentByDivisionDownload-27966.csv,data/raw/aec/2022_federal/27966/final/GeneralEnrolmentByDivisionDownload-27966.csv,True,
2022,house_informal_division,primary,Australian Electoral Commission,house,participation,direct_file,https://results.aec.gov.au/27966/Website/Downloads/HouseInformalByDivisionDownload-27966.csv,data/raw/aec/2022_federal/27966/final/HouseInformalByDivisionDownload-27966.csv,True,
2022,house_turnout_division,primary,Australian Electoral Commission,house,participation,direct_file,https://results.aec.gov.au/27966/Website/Downloads/HouseTurnoutByDivisionDownload-27966.csv,data/raw/aec/2022_federal/27966/final/HouseTurnoutByDivisionDownload-27966.csv,True,
2022,house_votes_division,primary,Australian Electoral Commission,house,participation,direct_file,https://results.aec.gov.au/27966/Website/Downloads/HouseVotesCountedByDivisionDownload-27966.csv,data/raw/aec/2022_federal/27966/final/HouseVotesCountedByDivisionDownload-27966.csv,True,
2022,polling_places,primary,Australian Electoral Commission,both,reporting_units,direct_file,https://results.aec.gov.au/27966/Website/Downloads/GeneralPollingPlacesDownload-27966.csv,data/raw/aec/2022_federal/27966/final/GeneralPollingPlacesDownload-27966.csv,True,
2022,senate_candidates,primary,Australian Electoral Commission,senate,candidates,direct_file,https://results.aec.gov.au/27966/Website/Downloads/SenateCandidatesDownload-27966.csv,data/raw/aec/2022_federal/27966/final/SenateCandidatesDownload-27966.csv,True,
2022,senate_elected,primary,Australian Electoral Commission,senate,outcomes,direct_file,https://results.aec.gov.au/27966/Website/Downloads/SenateSenatorsElectedDownload-27966.csv,data/raw/aec/2022_federal/27966/final/SenateSenatorsElectedDownload-27966.csv,True,
2022,senate_fp_state_vote_type,primary,Australian Electoral Commission,senate,first_preferences,direct_file,https://results.aec.gov.au/27966/Website/Downloads/SenateFirstPrefsByStateByVoteTypeDownload-27966.csv,data/raw/aec/2022_federal/27966/final/SenateFirstPrefsByStateByVoteTypeDownload-27966.csv,True,
2022,senate_fp_division_vote_type,primary,Australian Electoral Commission,senate,first_preferences_division,direct_file,https://results.aec.gov.au/27966/Website/Downloads/SenateFirstPrefsByDivisionByVoteTypeDownload-27966.csv,data/raw/aec/2022_federal/27966/final/SenateFirstPrefsByDivisionByVoteTypeDownload-27966.csv,True,
2022,senate_fp_group_vote_type,primary,Australian Electoral Commission,senate,first_preferences_group,direct_file,https://results.aec.gov.au/27966/Website/Downloads/SenateFirstPrefsByGroupByVoteTypeDownload-27966.csv,data/raw/aec/2022_federal/27966/final/SenateFirstPrefsByGroupByVoteTypeDownload-27966.csv,True,
2022,senate_fp_state_group_vote_type,primary,Australian Electoral Commission,senate,first_preferences_group,direct_file,https://results.aec.gov.au/27966/Website/Downloads/SenateFirstPrefsByStateByGroupByVoteTypeDownload-27966.csv,data/raw/aec/2022_federal/27966/final/SenateFirstPrefsByStateByGroupByVoteTypeDownload-27966.csv,True,
2022,enrolment_state,primary,Australian Electoral Commission,both,enrolment,direct_file,https://results.aec.gov.au/27966/Website/Downloads/GeneralEnrolmentByStateDownload-27966.csv,data/raw/aec/2022_federal/27966/final/GeneralEnrolmentByStateDownload-27966.csv,True,
2022,senate_informal_state,primary,Australian Electoral Commission,senate,participation,direct_file,https://results.aec.gov.au/27966/Website/Downloads/SenateInformalByStateDownload-27966.csv,data/raw/aec/2022_federal/27966/final/SenateInformalByStateDownload-27966.csv,True,
2022,senate_turnout_state,primary,Australian Electoral Commission,senate,participation,direct_file,https://results.aec.gov.au/27966/Website/Downloads/SenateTurnoutByStateDownload-27966.csv,data/raw/aec/2022_federal/27966/final/SenateTurnoutByStateDownload-27966.csv,True,
2022,senate_votes_state,primary,Australian Electoral Commission,senate,participation,direct_file,https://results.aec.gov.au/27966/Website/Downloads/SenateVotesCountedByStateDownload-27966.csv,data/raw/aec/2022_federal/27966/final/SenateVotesCountedByStateDownload-27966.csv,True,
2022,senate_informal_division,primary,Australian Electoral Commission,senate,participation_division,direct_file,https://results.aec.gov.au/27966/Website/Downloads/SenateInformalByDivisionDownload-27966.csv,data/raw/aec/2022_federal/27966/final/SenateInformalByDivisionDownload-27966.csv,True,
2022,senate_turnout_division,primary,Australian Electoral Commission,senate,participation_division,direct_file,https://results.aec.gov.au/27966/Website/Downloads/SenateTurnoutByDivisionDownload-27966.csv,data/raw/aec/2022_federal/27966/final/SenateTurnoutByDivisionDownload-27966.csv,True,
2022,senate_votes_division,primary,Australian Electoral Commission,senate,participation_division,direct_file,https://results.aec.gov.au/27966/Website/Downloads/SenateVotesCountedByDivisionDownload-27966.csv,data/raw/aec/2022_federal/27966/final/SenateVotesCountedByDivisionDownload-27966.csv,True,
2022,senate_distribution,primary,Australian Electoral Commission,senate,distribution_of_preferences,direct_file,https://results.aec.gov.au/27966/Website/External/SenateDopDownload-27966.zip,data/raw/aec/2022_federal/27966/final/SenateDopDownload-27966.zip,True,
2022,house_tpp_division_vote_type,primary,Australian Electoral Commission,house,two_party_preferred,direct_file,https://results.aec.gov.au/27966/Website/Downloads/HouseTppByDivisionByVoteTypeDownload-27966.csv,data/raw/aec/2022_federal/27966/final/HouseTppByDivisionByVoteTypeDownload-27966.csv,True,
2022,senate_formal_preferences_nsw,primary,Australian Electoral Commission,senate,formal_preferences,direct_file,https://results.aec.gov.au/27966/Website/External/aec-senate-formalpreferences-27966-NSW.zip,data/raw/aec/2022_federal/27966/final/aec-senate-formalpreferences-27966-NSW.zip,True,
2022,senate_formal_preferences_vic,primary,Australian Electoral Commission,senate,formal_preferences,direct_file,https://results.aec.gov.au/27966/Website/External/aec-senate-formalpreferences-27966-VIC.zip,data/raw/aec/2022_federal/27966/final/aec-senate-formalpreferences-27966-VIC.zip,True,
2022,senate_formal_preferences_qld,primary,Australian Electoral Commission,senate,formal_preferences,direct_file,https://results.aec.gov.au/27966/Website/External/aec-senate-formalpreferences-27966-QLD.zip,data/raw/aec/2022_federal/27966/final/aec-senate-formalpreferences-27966-QLD.zip,True,
2022,senate_formal_preferences_wa,primary,Australian Electoral Commission,senate,formal_preferences,direct_file,https://results.aec.gov.au/27966/Website/External/aec-senate-formalpreferences-27966-WA.zip,data/raw/aec/2022_federal/27966/final/aec-senate-formalpreferences-27966-WA.zip,True,
2022,senate_formal_preferences_sa,primary,Australian Electoral Commission,senate,formal_preferences,direct_file,https://results.aec.gov.au/27966/Website/External/aec-senate-formalpreferences-27966-SA.zip,data/raw/aec/2022_federal/27966/final/aec-senate-formalpreferences-27966-SA.zip,True,
2022,senate_formal_preferences_tas,primary,Australian Electoral Commission,senate,formal_preferences,direct_file,https://results.aec.gov.au/27966/Website/External/aec-senate-formalpreferences-27966-TAS.zip,data/raw/aec/2022_federal/27966/final/aec-senate-formalpreferences-27966-TAS.zip,True,
2022,senate_formal_preferences_act,primary,Australian Electoral Commission,senate,formal_preferences,direct_file,https://results.aec.gov.au/27966/Website/External/aec-senate-formalpreferences-27966-ACT.zip,data/raw/aec/2022_federal/27966/final/aec-senate-formalpreferences-27966-ACT.zip,True,
2022,senate_formal_preferences_nt,primary,Australian Electoral Commission,senate,formal_preferences,direct_file,https://results.aec.gov.au/27966/Website/External/aec-senate-formalpreferences-27966-NT.zip,data/raw/aec/2022_federal/27966/final/aec-senate-formalpreferences-27966-NT.zip,True,
